TRUNCATE TABLE optum_panther_native_test.onc_histology_seer;
TRUNCATE TABLE optum_panther_native_test.onc_metastatic_location;
TRUNCATE TABLE optum_panther_native_test.visit_relationship;
TRUNCATE TABLE optum_panther_native_test.onc_neoplasm_histology;
TRUNCATE TABLE optum_panther_native_test.medication_administrations;
TRUNCATE TABLE optum_panther_native_test.cost_factor;
TRUNCATE TABLE optum_panther_native_test.observations;
TRUNCATE TABLE optum_panther_native_test.labs;
TRUNCATE TABLE optum_panther_native_test.nlp_sds;
TRUNCATE TABLE optum_panther_native_test.onc_lymph_node;
TRUNCATE TABLE optum_panther_native_test.visit;
TRUNCATE TABLE optum_panther_native_test.onc_margin;
TRUNCATE TABLE optum_panther_native_test.onc_tumor_grade;
TRUNCATE TABLE optum_panther_native_test.patient_reported_medications;
TRUNCATE TABLE optum_panther_native_test.onc_stage;
TRUNCATE TABLE optum_panther_native_test.care_area;
TRUNCATE TABLE optum_panther_native_test.onc_tumor_progression;
TRUNCATE TABLE optum_panther_native_test.onc_evaluation_system;
TRUNCATE TABLE optum_panther_native_test.procedure;
TRUNCATE TABLE optum_panther_native_test.nlp_biomarkers;
TRUNCATE TABLE optum_panther_native_test.immunizations;
TRUNCATE TABLE optum_panther_native_test.onc_characteristic;
TRUNCATE TABLE optum_panther_native_test.patient;
TRUNCATE TABLE optum_panther_native_test.insurance;
TRUNCATE TABLE optum_panther_native_test.encounter;
TRUNCATE TABLE optum_panther_native_test.nlp_targeted;
TRUNCATE TABLE optum_panther_native_test.encounter_provider;
TRUNCATE TABLE optum_panther_native_test.onc_problem;
TRUNCATE TABLE optum_panther_native_test.onc_treatment_response;
TRUNCATE TABLE optum_panther_native_test.provider;
TRUNCATE TABLE optum_panther_native_test.onc_lines_of_therapy;
TRUNCATE TABLE optum_panther_native_test.onc_tumor_node_metastasis;
TRUNCATE TABLE optum_panther_native_test.onc_medication;
TRUNCATE TABLE optum_panther_native_test.microbiology;
TRUNCATE TABLE optum_panther_native_test.diagnosis;
TRUNCATE TABLE optum_panther_native_test.onc_biomarker;
TRUNCATE TABLE optum_panther_native_test._version;
TRUNCATE TABLE optum_panther_native_test.allergy;
TRUNCATE TABLE optum_panther_native_test.nlp_measurement;
TRUNCATE TABLE optum_panther_native_test.nlp_drug_rationale;
TRUNCATE TABLE optum_panther_native_test.nlp_sds_family;
TRUNCATE TABLE optum_panther_native_test.onc_tumor_size;
TRUNCATE TABLE optum_panther_native_test.prescriptions_written;
-- 1: Diagnosis without ''Diagnosis of'' status is not loaded
INSERT INTO optum_panther_native_test.patient(ptid, birth_yr, gender, race, ethnicity, region, division, avg_hh_income, pct_college_educ, deceased_indicator, date_of_death, provid_pcp, idn_indicator, first_month_active, last_month_active, notes_eligible, has_notes, sourceid, source_data_through) VALUES ('PT1', '1950', 'Male', 'Caucasian', 'Not Hispanic', 'Midwest', 'East North Central', NULL, NULL, '0', '      ', '', '1', '200701', '201001', '1', 'Y', 'S0115', '202206');
INSERT INTO optum_panther_native_test.diagnosis(ptid, encid, diag_date, diag_time, diagnosis_cd, diagnosis_cd_type, diagnosis_status, poa, admitting_diagnosis, discharge_diagnosis, primary_diagnosis, problem_list, sourceid) VALUES ('PT1', '', '2009-01-01', '04:00:00', '7061', 'ICD9', 'Family history of', '0', '0', '0', '0', 'N', 'S0115');
-- 2: Test diag_date to condition_start_date
INSERT INTO optum_panther_native_test.patient(ptid, birth_yr, gender, race, ethnicity, region, division, avg_hh_income, pct_college_educ, deceased_indicator, date_of_death, provid_pcp, idn_indicator, first_month_active, last_month_active, notes_eligible, has_notes, sourceid, source_data_through) VALUES ('PT2', '1950', 'Male', 'Caucasian', 'Not Hispanic', 'Midwest', 'East North Central', NULL, NULL, '0', '      ', '', '1', '200701', '201001', '1', 'Y', 'S0115', '202206');
INSERT INTO optum_panther_native_test.diagnosis(ptid, encid, diag_date, diag_time, diagnosis_cd, diagnosis_cd_type, diagnosis_status, poa, admitting_diagnosis, discharge_diagnosis, primary_diagnosis, problem_list, sourceid) VALUES ('PT2', '', '2009-01-01', '04:00:00', '7061', 'ICD9', 'Diagnosis of', '0', '0', '0', '0', 'N', 'S0115');
-- 3: Test diagnosis code type ICD9
INSERT INTO optum_panther_native_test.patient(ptid, birth_yr, gender, race, ethnicity, region, division, avg_hh_income, pct_college_educ, deceased_indicator, date_of_death, provid_pcp, idn_indicator, first_month_active, last_month_active, notes_eligible, has_notes, sourceid, source_data_through) VALUES ('PT3', '1950', 'Male', 'Caucasian', 'Not Hispanic', 'Midwest', 'East North Central', NULL, NULL, '0', '      ', '', '1', '200701', '201001', '1', 'Y', 'S0115', '202206');
INSERT INTO optum_panther_native_test.diagnosis(ptid, encid, diag_date, diag_time, diagnosis_cd, diagnosis_cd_type, diagnosis_status, poa, admitting_diagnosis, discharge_diagnosis, primary_diagnosis, problem_list, sourceid) VALUES ('PT3', '', '2009-01-01', '04:00:00', '7061', 'ICD9', 'Diagnosis of', '0', '0', '0', '0', 'N', 'S0115');
-- 5: Test diagnosis code type ICD10
INSERT INTO optum_panther_native_test.patient(ptid, birth_yr, gender, race, ethnicity, region, division, avg_hh_income, pct_college_educ, deceased_indicator, date_of_death, provid_pcp, idn_indicator, first_month_active, last_month_active, notes_eligible, has_notes, sourceid, source_data_through) VALUES ('PT5', '1950', 'Male', 'Caucasian', 'Not Hispanic', 'Midwest', 'East North Central', NULL, NULL, '0', '      ', '', '1', '200701', '201001', '1', 'Y', 'S0115', '202206');
INSERT INTO optum_panther_native_test.diagnosis(ptid, encid, diag_date, diag_time, diagnosis_cd, diagnosis_cd_type, diagnosis_status, poa, admitting_diagnosis, discharge_diagnosis, primary_diagnosis, problem_list, sourceid) VALUES ('PT5', '', '2009-01-01', '04:00:00', 'H44.611', 'ICD10', 'Diagnosis of', '0', '0', '0', '0', 'N', 'S0115');
-- 7: Test primary diagnosis to condition_type_concept_id
INSERT INTO optum_panther_native_test.patient(ptid, birth_yr, gender, race, ethnicity, region, division, avg_hh_income, pct_college_educ, deceased_indicator, date_of_death, provid_pcp, idn_indicator, first_month_active, last_month_active, notes_eligible, has_notes, sourceid, source_data_through) VALUES ('PT7', '1950', 'Male', 'Caucasian', 'Not Hispanic', 'Midwest', 'East North Central', NULL, NULL, '0', '      ', '', '1', '200701', '201001', '1', 'Y', 'S0115', '202206');
INSERT INTO optum_panther_native_test.diagnosis(ptid, encid, diag_date, diag_time, diagnosis_cd, diagnosis_cd_type, diagnosis_status, poa, admitting_diagnosis, discharge_diagnosis, primary_diagnosis, problem_list, sourceid) VALUES ('PT7', '', '2009-01-01', '04:00:00', '7061', 'ICD9', 'Diagnosis of', '0', '0', '0', '1', 'N', 'S0115');
-- 9: Test non-primary diagnosis to condition_type_concept_id
INSERT INTO optum_panther_native_test.patient(ptid, birth_yr, gender, race, ethnicity, region, division, avg_hh_income, pct_college_educ, deceased_indicator, date_of_death, provid_pcp, idn_indicator, first_month_active, last_month_active, notes_eligible, has_notes, sourceid, source_data_through) VALUES ('PT9', '1950', 'Male', 'Caucasian', 'Not Hispanic', 'Midwest', 'East North Central', NULL, NULL, '0', '      ', '', '1', '200701', '201001', '1', 'Y', 'S0115', '202206');
INSERT INTO optum_panther_native_test.diagnosis(ptid, encid, diag_date, diag_time, diagnosis_cd, diagnosis_cd_type, diagnosis_status, poa, admitting_diagnosis, discharge_diagnosis, primary_diagnosis, problem_list, sourceid) VALUES ('PT9', '', '2009-01-01', '04:00:00', '7061', 'ICD9', 'Diagnosis of', '0', '0', '0', '0', 'N', 'S0115');
-- 11: Test diagnosis code with wrong diagnosis code type
INSERT INTO optum_panther_native_test.patient(ptid, birth_yr, gender, race, ethnicity, region, division, avg_hh_income, pct_college_educ, deceased_indicator, date_of_death, provid_pcp, idn_indicator, first_month_active, last_month_active, notes_eligible, has_notes, sourceid, source_data_through) VALUES ('PT11', '1950', 'Male', 'Caucasian', 'Not Hispanic', 'Midwest', 'East North Central', NULL, NULL, '0', '      ', '', '1', '200701', '201001', '1', 'Y', 'S0115', '202206');
INSERT INTO optum_panther_native_test.diagnosis(ptid, encid, diag_date, diag_time, diagnosis_cd, diagnosis_cd_type, diagnosis_status, poa, admitting_diagnosis, discharge_diagnosis, primary_diagnosis, problem_list, sourceid) VALUES ('PT11', '', '2009-01-01', '04:00:00', '44786629', 'ICD9', 'Diagnosis of', '0', '0', '0', '0', 'N', 'S0115');
-- 13: Test blank diagnosis code
INSERT INTO optum_panther_native_test.patient(ptid, birth_yr, gender, race, ethnicity, region, division, avg_hh_income, pct_college_educ, deceased_indicator, date_of_death, provid_pcp, idn_indicator, first_month_active, last_month_active, notes_eligible, has_notes, sourceid, source_data_through) VALUES ('PT13', '1950', 'Male', 'Caucasian', 'Not Hispanic', 'Midwest', 'East North Central', NULL, NULL, '0', '      ', '', '1', '200701', '201001', '1', 'Y', 'S0115', '202206');
INSERT INTO optum_panther_native_test.diagnosis(ptid, encid, diag_date, diag_time, diagnosis_cd, diagnosis_cd_type, diagnosis_status, poa, admitting_diagnosis, discharge_diagnosis, primary_diagnosis, problem_list, sourceid) VALUES ('PT13', '', '2009-01-01', '04:00:00', NULL, NULL, 'Diagnosis of', '0', '0', '0', '0', 'N', 'S0115');
-- 15: Test HCPCS derived condition coming from procedure table
INSERT INTO optum_panther_native_test.patient(ptid, birth_yr, gender, race, ethnicity, region, division, avg_hh_income, pct_college_educ, deceased_indicator, date_of_death, provid_pcp, idn_indicator, first_month_active, last_month_active, notes_eligible, has_notes, sourceid, source_data_through) VALUES ('PT15', '1950', 'Male', 'Caucasian', 'Not Hispanic', 'Midwest', 'East North Central', NULL, NULL, '0', '      ', '', '1', '200701', '201001', '1', 'Y', 'S0115', '202206');
INSERT INTO optum_panther_native_test.procedure(ptid, encid, proc_date, proc_time, proc_code, proc_desc, proc_code_type, provid_perform, provid_order, betos_code, betos_desc, sourceid) VALUES ('PT15', '', '2009-01-01', '04:00:00', 'G8007', '', 'HCPCS', '', '', '', '', 'S0115');
-- 16: Patient has PROCEDURE record; validate the provider for the encid is mapped to provid
INSERT INTO optum_panther_native_test.patient(ptid, birth_yr, gender, race, ethnicity, region, division, avg_hh_income, pct_college_educ, deceased_indicator, date_of_death, provid_pcp, idn_indicator, first_month_active, last_month_active, notes_eligible, has_notes, sourceid, source_data_through) VALUES ('PT16', '1950', 'Male', 'Caucasian', 'Not Hispanic', 'Midwest', 'East North Central', NULL, NULL, '0', '      ', '', '1', '200701', '201001', '1', 'Y', 'S0115', '202206');
INSERT INTO optum_panther_native_test.provider(provid, specialty, prim_spec_ind, taxonomy, sourceid) VALUES ('17', 'Internal Medicine', '1', '', 'S0115');
INSERT INTO optum_panther_native_test.encounter(ptid, visitid, encid, interaction_type, interaction_date, interaction_time, academic_community_flag, sourceid) VALUES ('PT16', NULL, 'E000018', 'Inpatient', '2009-01-01', '04:00:00', 'U', 'S0115');
INSERT INTO optum_panther_native_test.encounter_provider(encid, provid, provider_role, sourceid) VALUES ('E000018', '17', 'ATTENDING', 'S0034');
INSERT INTO optum_panther_native_test.procedure(ptid, encid, proc_date, proc_time, proc_code, proc_desc, proc_code_type, provid_perform, provid_order, betos_code, betos_desc, sourceid) VALUES ('PT16', 'E000018', '2009-01-01', '04:00:00', 'G8007', '', 'HCPCS', '', '', '', '', 'S0115');
-- 19: Patient has PROCEDURE record; validate the visit_occurrence_id
INSERT INTO optum_panther_native_test.patient(ptid, birth_yr, gender, race, ethnicity, region, division, avg_hh_income, pct_college_educ, deceased_indicator, date_of_death, provid_pcp, idn_indicator, first_month_active, last_month_active, notes_eligible, has_notes, sourceid, source_data_through) VALUES ('PT19', '1950', 'Male', 'Caucasian', 'Not Hispanic', 'Midwest', 'East North Central', NULL, NULL, '0', '      ', '', '1', '200701', '201001', '1', 'Y', 'S0115', '202206');
INSERT INTO optum_panther_native_test.encounter(ptid, visitid, encid, interaction_type, interaction_date, interaction_time, academic_community_flag, sourceid) VALUES ('PT19', NULL, 'E000020', 'Inpatient', '2009-01-01', '04:00:00', 'U', 'S0115');
INSERT INTO optum_panther_native_test.procedure(ptid, encid, proc_date, proc_time, proc_code, proc_desc, proc_code_type, provid_perform, provid_order, betos_code, betos_desc, sourceid) VALUES ('PT19', 'E000020', '2009-01-01', '04:00:00', 'G8007', '', 'HCPCS', '', '', '', '', 'S0115');
-- 22: Patient is indicated dead by date_of_death. Their death date is the last day of the month.
INSERT INTO optum_panther_native_test.patient(ptid, birth_yr, gender, race, ethnicity, region, division, avg_hh_income, pct_college_educ, deceased_indicator, date_of_death, provid_pcp, idn_indicator, first_month_active, last_month_active, notes_eligible, has_notes, sourceid, source_data_through) VALUES ('PT22', '1933 and Earlier', 'Female', 'Caucasian', 'Not Hispanic', 'Midwest', 'East North Central', NULL, NULL, '0', '201404', '', '1', '200601', '202206', '1', 'Y', 'S0115', '202206');
-- 24: Patient has diagnosis data occurring data occurring exactly 30 days after death event. Expected result: dead
INSERT INTO optum_panther_native_test.patient(ptid, birth_yr, gender, race, ethnicity, region, division, avg_hh_income, pct_college_educ, deceased_indicator, date_of_death, provid_pcp, idn_indicator, first_month_active, last_month_active, notes_eligible, has_notes, sourceid, source_data_through) VALUES ('PT24', '1933 and Earlier', 'Female', 'Caucasian', 'Not Hispanic', 'Midwest', 'East North Central', NULL, NULL, '0', '201404', '', '1', '200601', '202206', '1', 'Y', 'S0115', '202206');
INSERT INTO optum_panther_native_test.encounter(ptid, visitid, encid, interaction_type, interaction_date, interaction_time, academic_community_flag, sourceid) VALUES ('PT24', '26', 'E000025', 'Other patient type', '2014-05-30', '04:00:00', 'U', 'S0115');
INSERT INTO optum_panther_native_test.diagnosis(ptid, encid, diag_date, diag_time, diagnosis_cd, diagnosis_cd_type, diagnosis_status, poa, admitting_diagnosis, discharge_diagnosis, primary_diagnosis, problem_list, sourceid) VALUES ('PT24', 'E000025', '2014-05-30', '04:00:00', '7061', 'ICD9', 'Diagnosis of', '0', '0', '0', '0', 'N', 'S0115');
-- 27: Patient has encounter data occurring data occurring exactly 30 days after death event. Expected result: dead
INSERT INTO optum_panther_native_test.patient(ptid, birth_yr, gender, race, ethnicity, region, division, avg_hh_income, pct_college_educ, deceased_indicator, date_of_death, provid_pcp, idn_indicator, first_month_active, last_month_active, notes_eligible, has_notes, sourceid, source_data_through) VALUES ('PT27', '1933 and Earlier', 'Female', 'Caucasian', 'Not Hispanic', 'Midwest', 'East North Central', NULL, NULL, '0', '201404', '', '1', '200601', '202206', '1', 'Y', 'S0115', '202206');
INSERT INTO optum_panther_native_test.encounter(ptid, visitid, encid, interaction_type, interaction_date, interaction_time, academic_community_flag, sourceid) VALUES ('PT27', '29', 'E000028', 'Other patient type', '2014-05-30', '04:00:00', 'U', 'S0115');
INSERT INTO optum_panther_native_test.encounter(ptid, visitid, encid, interaction_type, interaction_date, interaction_time, academic_community_flag, sourceid) VALUES ('PT27', NULL, 'E000028', 'Other patient type', '2014-05-30', '04:00:00', 'U', 'S0115');
-- 30: Patient has immunizations data occurring data occurring exactly 30 days after death event. Expected result: dead
INSERT INTO optum_panther_native_test.patient(ptid, birth_yr, gender, race, ethnicity, region, division, avg_hh_income, pct_college_educ, deceased_indicator, date_of_death, provid_pcp, idn_indicator, first_month_active, last_month_active, notes_eligible, has_notes, sourceid, source_data_through) VALUES ('PT30', '1933 and Earlier', 'Female', 'Caucasian', 'Not Hispanic', 'Midwest', 'East North Central', NULL, NULL, '0', '201404', '', '1', '200601', '202206', '1', 'Y', 'S0115', '202206');
INSERT INTO optum_panther_native_test.encounter(ptid, visitid, encid, interaction_type, interaction_date, interaction_time, academic_community_flag, sourceid) VALUES ('PT30', '32', 'E000031', 'Other patient type', '2014-05-30', '04:00:00', 'U', 'S0115');
INSERT INTO optum_panther_native_test.immunizations(ptid, immunization_date, immunization_desc, mapped_name, ndc, ndc_source, pt_reported, sourceid, _gpi) VALUES ('PT30', '2014-05-30', 'TDAP', 'Influenza Inactivated Vaccine', '70461032103', 'Derived', ' ', 'S0115', '1710002082E620');
-- 33: Patient has insurance data occurring data occurring exactly 30 days after death event. Expected result: dead
INSERT INTO optum_panther_native_test.patient(ptid, birth_yr, gender, race, ethnicity, region, division, avg_hh_income, pct_college_educ, deceased_indicator, date_of_death, provid_pcp, idn_indicator, first_month_active, last_month_active, notes_eligible, has_notes, sourceid, source_data_through) VALUES ('PT33', '1933 and Earlier', 'Female', 'Caucasian', 'Not Hispanic', 'Midwest', 'East North Central', NULL, NULL, '0', '201404', '', '1', '200601', '202206', '1', 'Y', 'S0115', '202206');
INSERT INTO optum_panther_native_test.encounter(ptid, visitid, encid, interaction_type, interaction_date, interaction_time, academic_community_flag, sourceid) VALUES ('PT33', '35', 'E000034', 'Other patient type', '2014-05-30', '04:00:00', 'U', 'S0115');
INSERT INTO optum_panther_native_test.insurance(ptid, encid, insurance_date, insurance_time, ins_type, sourceid) VALUES ('PT33', 'E000034', '2014-05-30', '04:00:00', 'Commercial', 'S0115');
-- 36: Patient has labs data occurring data occurring exactly 30 days after death event. Expected result: dead
INSERT INTO optum_panther_native_test.patient(ptid, birth_yr, gender, race, ethnicity, region, division, avg_hh_income, pct_college_educ, deceased_indicator, date_of_death, provid_pcp, idn_indicator, first_month_active, last_month_active, notes_eligible, has_notes, sourceid, source_data_through) VALUES ('PT36', '1933 and Earlier', 'Female', 'Caucasian', 'Not Hispanic', 'Midwest', 'East North Central', NULL, NULL, '0', '201404', '', '1', '200601', '202206', '1', 'Y', 'S0115', '202206');
INSERT INTO optum_panther_native_test.encounter(ptid, visitid, encid, interaction_type, interaction_date, interaction_time, academic_community_flag, sourceid) VALUES ('PT36', '38', 'E000037', 'Other patient type', '2014-05-30', '04:00:00', 'U', 'S0115');
INSERT INTO optum_panther_native_test.labs(ptid, encid, test_name, test_type, order_date, order_time, collected_date, collected_time, result_date, result_time, test_result, relative_indicator, result_unit, result_datatype, normalized_result, standard_units, normal_range, evaluated_for_range, value_within_range, sourceid) VALUES ('PT36', 'E000037', 'Oxygen saturation (SpO2).pulse oximetry', 'CHEMISTRY', '2014-05-30', '', NULL, '', NULL, '', 'negative', '', '%', 'numeric', 'Y', 'Y', '', 'Y', 'Y', 'S0115');
-- 39: Patient has medication_administrations data occurring data occurring exactly 30 days after death event. Expected result: dead
INSERT INTO optum_panther_native_test.patient(ptid, birth_yr, gender, race, ethnicity, region, division, avg_hh_income, pct_college_educ, deceased_indicator, date_of_death, provid_pcp, idn_indicator, first_month_active, last_month_active, notes_eligible, has_notes, sourceid, source_data_through) VALUES ('PT39', '1933 and Earlier', 'Female', 'Caucasian', 'Not Hispanic', 'Midwest', 'East North Central', NULL, NULL, '0', '201404', '', '1', '200601', '202206', '1', 'Y', 'S0115', '202206');
INSERT INTO optum_panther_native_test.encounter(ptid, visitid, encid, interaction_type, interaction_date, interaction_time, academic_community_flag, sourceid) VALUES ('PT39', '41', 'E000040', 'Other patient type', '2014-05-30', '04:00:00', 'U', 'S0115');
INSERT INTO optum_panther_native_test.medication_administrations(ptid, encid, orderid, drug_name, ndc, ndc_source, order_date, order_time, admin_date, admin_time, provid, route, quantity_of_dose, strength, strength_unit, dosage_form, dose_frequency, generic_desc, drug_class, discontinue_reason, sourceid, _gpi) VALUES ('PT39', 'E000040', '', 'SODIUM CHLORIDE 0.9 %', '69374096750', 'Derived', '2014-05-30', '04:00:00', NULL, '', '', 'Oral', '', '', 'mg', '', '', 'SODIUM CHLORIDE', 'Intravenous supplies', '', 'S0115', '79750010002021');
-- 42: Patient has microbiology data occurring data occurring exactly 30 days after death event. Expected result: dead
INSERT INTO optum_panther_native_test.patient(ptid, birth_yr, gender, race, ethnicity, region, division, avg_hh_income, pct_college_educ, deceased_indicator, date_of_death, provid_pcp, idn_indicator, first_month_active, last_month_active, notes_eligible, has_notes, sourceid, source_data_through) VALUES ('PT42', '1933 and Earlier', 'Female', 'Caucasian', 'Not Hispanic', 'Midwest', 'East North Central', NULL, NULL, '0', '201404', '', '1', '200601', '202206', '1', 'Y', 'S0115', '202206');
INSERT INTO optum_panther_native_test.encounter(ptid, visitid, encid, interaction_type, interaction_date, interaction_time, academic_community_flag, sourceid) VALUES ('PT42', '44', 'E000043', 'Other patient type', '2014-05-30', '04:00:00', 'U', 'S0115');
INSERT INTO optum_panther_native_test.microbiology(ptid, encid, order_date, order_time, collect_date, collect_time, receive_date, receive_time, result_date, result_time, result_status, specimen_source, organism, mapped_organism_found, mapped_organism_excluded, culture_growth, culture_value, culture_unit, antibiotic, mapped_antibiotic, sensitivity, sourceid) VALUES ('PT42', 'E000043', '2014-05-30', '', NULL, '', NULL, '', '2017-06-02', '04:00:00', 'Final', 'Urine', 'E. coli', 'Escherichia coli', '', 'Not recorded', '', '', '', '', 'Sensitive', 'S0115');
-- 45: Patient has nlp_biomarkers data occurring data occurring exactly 30 days after death event. Expected result: dead
INSERT INTO optum_panther_native_test.patient(ptid, birth_yr, gender, race, ethnicity, region, division, avg_hh_income, pct_college_educ, deceased_indicator, date_of_death, provid_pcp, idn_indicator, first_month_active, last_month_active, notes_eligible, has_notes, sourceid, source_data_through) VALUES ('PT45', '1933 and Earlier', 'Female', 'Caucasian', 'Not Hispanic', 'Midwest', 'East North Central', NULL, NULL, '0', '201404', '', '1', '200601', '202206', '1', 'Y', 'S0115', '202206');
INSERT INTO optum_panther_native_test.encounter(ptid, visitid, encid, interaction_type, interaction_date, interaction_time, academic_community_flag, sourceid) VALUES ('PT45', '47', 'E000046', 'Other patient type', '2014-05-30', '04:00:00', 'U', 'S0115');
INSERT INTO optum_panther_native_test.nlp_biomarkers(ptid, encid, note_date, biomarker, variation_detail, biomarker_status, sourceid) VALUES ('PT45', '', '2014-05-30', 'ER', '', 'negative', 'S0072');
-- 48: Patient has nlp_drug_rationale data occurring data occurring exactly 30 days after death event. Expected result: dead
INSERT INTO optum_panther_native_test.patient(ptid, birth_yr, gender, race, ethnicity, region, division, avg_hh_income, pct_college_educ, deceased_indicator, date_of_death, provid_pcp, idn_indicator, first_month_active, last_month_active, notes_eligible, has_notes, sourceid, source_data_through) VALUES ('PT48', '1933 and Earlier', 'Female', 'Caucasian', 'Not Hispanic', 'Midwest', 'East North Central', NULL, NULL, '0', '201404', '', '1', '200601', '202206', '1', 'Y', 'S0115', '202206');
INSERT INTO optum_panther_native_test.encounter(ptid, visitid, encid, interaction_type, interaction_date, interaction_time, academic_community_flag, sourceid) VALUES ('PT48', '50', 'E000049', 'Other patient type', '2014-05-30', '04:00:00', 'U', 'S0115');
INSERT INTO optum_panther_native_test.nlp_drug_rationale(ptid, encid, note_date, note_section, drug_name, drug_action, drug_action_preposition, reason_general, sentiment, sentiment_who, sourceid) VALUES ('PT48', '', '2014-05-30', '', 'ASPIRIN', 'N/A', 'OF', '', '', '', 'S0115');
-- 51: Patient has nlp_measurement data occurring data occurring exactly 30 days after death event. Expected result: dead
INSERT INTO optum_panther_native_test.patient(ptid, birth_yr, gender, race, ethnicity, region, division, avg_hh_income, pct_college_educ, deceased_indicator, date_of_death, provid_pcp, idn_indicator, first_month_active, last_month_active, notes_eligible, has_notes, sourceid, source_data_through) VALUES ('PT51', '1933 and Earlier', 'Female', 'Caucasian', 'Not Hispanic', 'Midwest', 'East North Central', NULL, NULL, '0', '201404', '', '1', '200601', '202206', '1', 'Y', 'S0115', '202206');
INSERT INTO optum_panther_native_test.encounter(ptid, visitid, encid, interaction_type, interaction_date, interaction_time, academic_community_flag, sourceid) VALUES ('PT51', '53', 'E000052', 'Other patient type', '2014-05-30', '04:00:00', 'U', 'S0115');
INSERT INTO optum_panther_native_test.nlp_measurement(ptid, encid, note_date, measurement_type, measurement_value, measurement_detail, note_section, measurement_year, measurement_monthyear, measurement_date, sourceid) VALUES ('PT51', 'E000052', '2014-05-30', 'WEIGHT', 'normal', '', '', NULL, '', NULL, 'S0115');
-- 54: Patient has nlp_sds data occurring data occurring exactly 30 days after death event. Expected result: dead
INSERT INTO optum_panther_native_test.patient(ptid, birth_yr, gender, race, ethnicity, region, division, avg_hh_income, pct_college_educ, deceased_indicator, date_of_death, provid_pcp, idn_indicator, first_month_active, last_month_active, notes_eligible, has_notes, sourceid, source_data_through) VALUES ('PT54', '1933 and Earlier', 'Female', 'Caucasian', 'Not Hispanic', 'Midwest', 'East North Central', NULL, NULL, '0', '201404', '', '1', '200601', '202206', '1', 'Y', 'S0115', '202206');
INSERT INTO optum_panther_native_test.encounter(ptid, visitid, encid, interaction_type, interaction_date, interaction_time, academic_community_flag, sourceid) VALUES ('PT54', '56', 'E000055', 'Other patient type', '2014-05-30', '04:00:00', 'U', 'S0115');
INSERT INTO optum_panther_native_test.nlp_sds(ptid, encid, note_date, sds_term, sds_location, sds_attribute, sds_sentiment, occurrence_year, occurrence_monthyear, occurrence_date, note_section, sds_concept, sds_timing, sds_severity, sds_extent, sds_duration, sds_change, sds_quality, sourceid) VALUES ('PT54', 'E000055', '2014-05-30', 'pain', '', '', '', NULL, '', NULL, '', '', '', '', '', '', '', '', 'S0115');
-- 57: Patient has nlp_sds_family data occurring data occurring exactly 30 days after death event. Expected result: dead
INSERT INTO optum_panther_native_test.patient(ptid, birth_yr, gender, race, ethnicity, region, division, avg_hh_income, pct_college_educ, deceased_indicator, date_of_death, provid_pcp, idn_indicator, first_month_active, last_month_active, notes_eligible, has_notes, sourceid, source_data_through) VALUES ('PT57', '1933 and Earlier', 'Female', 'Caucasian', 'Not Hispanic', 'Midwest', 'East North Central', NULL, NULL, '0', '201404', '', '1', '200601', '202206', '1', 'Y', 'S0115', '202206');
INSERT INTO optum_panther_native_test.encounter(ptid, visitid, encid, interaction_type, interaction_date, interaction_time, academic_community_flag, sourceid) VALUES ('PT57', '59', 'E000058', 'Other patient type', '2014-05-30', '04:00:00', 'U', 'S0115');
INSERT INTO optum_panther_native_test.nlp_sds_family(ptid, encid, note_date, sds_term, sds_location, sds_family_member, sds_sentiment, note_section, sourceid) VALUES ('PT57', 'E000058', '2014-05-30', 'cancer', '', 'who=family', '', 'family medical history', 'S0115');
-- 60: Patient has observations data occurring data occurring exactly 30 days after death event. Expected result: dead
INSERT INTO optum_panther_native_test.patient(ptid, birth_yr, gender, race, ethnicity, region, division, avg_hh_income, pct_college_educ, deceased_indicator, date_of_death, provid_pcp, idn_indicator, first_month_active, last_month_active, notes_eligible, has_notes, sourceid, source_data_through) VALUES ('PT60', '1933 and Earlier', 'Female', 'Caucasian', 'Not Hispanic', 'Midwest', 'East North Central', NULL, NULL, '0', '201404', '', '1', '200601', '202206', '1', 'Y', 'S0115', '202206');
INSERT INTO optum_panther_native_test.encounter(ptid, visitid, encid, interaction_type, interaction_date, interaction_time, academic_community_flag, sourceid) VALUES ('PT60', '62', 'E000061', 'Other patient type', '2014-05-30', '04:00:00', 'U', 'S0115');
INSERT INTO optum_panther_native_test.observations(ptid, encid, obs_type, nlp, obs_date, obs_time, obs_result, obs_unit, evaluated_for_range, value_within_range, result_date, sourceid) VALUES ('PT60', 'E000061', 'SBP', 'N', '2014-05-30', '04:00:00', 'Never smoked', 'mm Hg', 'N', 'U', NULL, 'S0115');
-- 63: Patient has patient_reported_medications data occurring data occurring exactly 30 days after death event. Expected result: dead
INSERT INTO optum_panther_native_test.patient(ptid, birth_yr, gender, race, ethnicity, region, division, avg_hh_income, pct_college_educ, deceased_indicator, date_of_death, provid_pcp, idn_indicator, first_month_active, last_month_active, notes_eligible, has_notes, sourceid, source_data_through) VALUES ('PT63', '1933 and Earlier', 'Female', 'Caucasian', 'Not Hispanic', 'Midwest', 'East North Central', NULL, NULL, '0', '201404', '', '1', '200601', '202206', '1', 'Y', 'S0115', '202206');
INSERT INTO optum_panther_native_test.encounter(ptid, visitid, encid, interaction_type, interaction_date, interaction_time, academic_community_flag, sourceid) VALUES ('PT63', '65', 'E000064', 'Other patient type', '2014-05-30', '04:00:00', 'U', 'S0115');
INSERT INTO optum_panther_native_test.patient_reported_medications(ptid, reported_date, drug_name, ndc, ndc_source, provid, route, quantity_of_dose, strength, strength_unit, dosage_form, dose_frequency, generic_desc, drug_class, sourceid, _gpi) VALUES ('PT63', '2014-05-30', '', '69618004610', 'Direct', '', 'Oral', '', '', '', '', '', '', 'Salicylates', 'S0118', '');
-- 66: Patient has prescriptions_written data occurring data occurring exactly 30 days after death event. Expected result: dead
INSERT INTO optum_panther_native_test.patient(ptid, birth_yr, gender, race, ethnicity, region, division, avg_hh_income, pct_college_educ, deceased_indicator, date_of_death, provid_pcp, idn_indicator, first_month_active, last_month_active, notes_eligible, has_notes, sourceid, source_data_through) VALUES ('PT66', '1933 and Earlier', 'Female', 'Caucasian', 'Not Hispanic', 'Midwest', 'East North Central', NULL, NULL, '0', '201404', '', '1', '200601', '202206', '1', 'Y', 'S0115', '202206');
INSERT INTO optum_panther_native_test.encounter(ptid, visitid, encid, interaction_type, interaction_date, interaction_time, academic_community_flag, sourceid) VALUES ('PT66', '68', 'E000067', 'Other patient type', '2014-05-30', '04:00:00', 'U', 'S0115');
INSERT INTO optum_panther_native_test.prescriptions_written(ptid, rxdate, rxtime, drug_name, ndc, ndc_source, provid, route, quantity_of_dose, strength, strength_unit, dosage_form, daily_dose, dose_frequency, quantity_per_fill, num_refills, days_supply, generic_desc, drug_class, discontinue_reason, ndc_mapped_attributes, sourceid, _gpi) VALUES ('PT66', '2014-05-30', '04:00:00', '', '00406012301', 'Direct', '', 'Oral', '', '10', 'mg', 'Tablet', NULL, '', '30 tablet', '0', NULL, 'HYDROCODONE BITARTRATE/ACETAMINOPHEN', 'Narcotic & analgesic combinations', '', '', 'S0118', '65991702100356');
-- 69: Patient has procedure data occurring data occurring exactly 30 days after death event. Expected result: dead
INSERT INTO optum_panther_native_test.patient(ptid, birth_yr, gender, race, ethnicity, region, division, avg_hh_income, pct_college_educ, deceased_indicator, date_of_death, provid_pcp, idn_indicator, first_month_active, last_month_active, notes_eligible, has_notes, sourceid, source_data_through) VALUES ('PT69', '1933 and Earlier', 'Female', 'Caucasian', 'Not Hispanic', 'Midwest', 'East North Central', NULL, NULL, '0', '201404', '', '1', '200601', '202206', '1', 'Y', 'S0115', '202206');
INSERT INTO optum_panther_native_test.encounter(ptid, visitid, encid, interaction_type, interaction_date, interaction_time, academic_community_flag, sourceid) VALUES ('PT69', '71', 'E000070', 'Other patient type', '2014-05-30', '04:00:00', 'U', 'S0115');
INSERT INTO optum_panther_native_test.procedure(ptid, encid, proc_date, proc_time, proc_code, proc_desc, proc_code_type, provid_perform, provid_order, betos_code, betos_desc, sourceid) VALUES ('PT69', '', '2014-05-30', '04:00:00', '', '', 'CPT4', '', '', '', '', 'S0115');
-- 72: Patient has visit data occurring data occurring exactly 30 days after death event. Expected result: dead
INSERT INTO optum_panther_native_test.patient(ptid, birth_yr, gender, race, ethnicity, region, division, avg_hh_income, pct_college_educ, deceased_indicator, date_of_death, provid_pcp, idn_indicator, first_month_active, last_month_active, notes_eligible, has_notes, sourceid, source_data_through) VALUES ('PT72', '1933 and Earlier', 'Female', 'Caucasian', 'Not Hispanic', 'Midwest', 'East North Central', NULL, NULL, '0', '201404', '', '1', '200601', '202206', '1', 'Y', 'S0115', '202206');
INSERT INTO optum_panther_native_test.encounter(ptid, visitid, encid, interaction_type, interaction_date, interaction_time, academic_community_flag, sourceid) VALUES ('PT72', '74', 'E000073', 'Other patient type', '2014-05-30', '04:00:00', 'U', 'S0115');
INSERT INTO optum_panther_native_test.visit(ptid, visitid, visit_type, visit_start_date, visit_start_time, visit_end_date, visit_end_time, discharge_disposition, admission_source, drg, sourceid) VALUES ('PT72', '74', 'Emergency patient', '2014-05-30', '04:00:00', '2016-03-18', '04:00:00', '01 DISCHARGED TO HOME OR SELF CARE', 'Referred by physician or self referral; non-healthcare facility point of origin', '', 'S0115');
-- 75: Patient has diagnosis data occurring data occurring 60 days after death event. Expected result: not dead
INSERT INTO optum_panther_native_test.patient(ptid, birth_yr, gender, race, ethnicity, region, division, avg_hh_income, pct_college_educ, deceased_indicator, date_of_death, provid_pcp, idn_indicator, first_month_active, last_month_active, notes_eligible, has_notes, sourceid, source_data_through) VALUES ('PT75', '1933 and Earlier', 'Female', 'Caucasian', 'Not Hispanic', 'Midwest', 'East North Central', NULL, NULL, '0', '201404', '', '1', '200601', '202206', '1', 'Y', 'S0115', '202206');
INSERT INTO optum_panther_native_test.encounter(ptid, visitid, encid, interaction_type, interaction_date, interaction_time, academic_community_flag, sourceid) VALUES ('PT75', '77', 'E000076', 'Other patient type', '2014-06-29', '04:00:00', 'U', 'S0115');
INSERT INTO optum_panther_native_test.diagnosis(ptid, encid, diag_date, diag_time, diagnosis_cd, diagnosis_cd_type, diagnosis_status, poa, admitting_diagnosis, discharge_diagnosis, primary_diagnosis, problem_list, sourceid) VALUES ('PT75', 'E000076', '2014-06-29', '04:00:00', '7061', 'ICD9', 'Diagnosis of', '0', '0', '0', '0', 'N', 'S0115');
-- 78: Patient has encounter data occurring data occurring 60 days after death event. Expected result: not dead
INSERT INTO optum_panther_native_test.patient(ptid, birth_yr, gender, race, ethnicity, region, division, avg_hh_income, pct_college_educ, deceased_indicator, date_of_death, provid_pcp, idn_indicator, first_month_active, last_month_active, notes_eligible, has_notes, sourceid, source_data_through) VALUES ('PT78', '1933 and Earlier', 'Female', 'Caucasian', 'Not Hispanic', 'Midwest', 'East North Central', NULL, NULL, '0', '201404', '', '1', '200601', '202206', '1', 'Y', 'S0115', '202206');
INSERT INTO optum_panther_native_test.encounter(ptid, visitid, encid, interaction_type, interaction_date, interaction_time, academic_community_flag, sourceid) VALUES ('PT78', '80', 'E000079', 'Other patient type', '2014-06-29', '04:00:00', 'U', 'S0115');
INSERT INTO optum_panther_native_test.encounter(ptid, visitid, encid, interaction_type, interaction_date, interaction_time, academic_community_flag, sourceid) VALUES ('PT78', NULL, 'E000079', 'Other patient type', '2014-06-29', '04:00:00', 'U', 'S0115');
-- 81: Patient has immunizations data occurring data occurring 60 days after death event. Expected result: not dead
INSERT INTO optum_panther_native_test.patient(ptid, birth_yr, gender, race, ethnicity, region, division, avg_hh_income, pct_college_educ, deceased_indicator, date_of_death, provid_pcp, idn_indicator, first_month_active, last_month_active, notes_eligible, has_notes, sourceid, source_data_through) VALUES ('PT81', '1933 and Earlier', 'Female', 'Caucasian', 'Not Hispanic', 'Midwest', 'East North Central', NULL, NULL, '0', '201404', '', '1', '200601', '202206', '1', 'Y', 'S0115', '202206');
INSERT INTO optum_panther_native_test.encounter(ptid, visitid, encid, interaction_type, interaction_date, interaction_time, academic_community_flag, sourceid) VALUES ('PT81', '83', 'E000082', 'Other patient type', '2014-06-29', '04:00:00', 'U', 'S0115');
INSERT INTO optum_panther_native_test.immunizations(ptid, immunization_date, immunization_desc, mapped_name, ndc, ndc_source, pt_reported, sourceid, _gpi) VALUES ('PT81', '2014-06-29', 'TDAP', 'Influenza Inactivated Vaccine', '70461032103', 'Derived', ' ', 'S0115', '1710002082E620');
-- 84: Patient has insurance data occurring data occurring 60 days after death event. Expected result: not dead
INSERT INTO optum_panther_native_test.patient(ptid, birth_yr, gender, race, ethnicity, region, division, avg_hh_income, pct_college_educ, deceased_indicator, date_of_death, provid_pcp, idn_indicator, first_month_active, last_month_active, notes_eligible, has_notes, sourceid, source_data_through) VALUES ('PT84', '1933 and Earlier', 'Female', 'Caucasian', 'Not Hispanic', 'Midwest', 'East North Central', NULL, NULL, '0', '201404', '', '1', '200601', '202206', '1', 'Y', 'S0115', '202206');
INSERT INTO optum_panther_native_test.encounter(ptid, visitid, encid, interaction_type, interaction_date, interaction_time, academic_community_flag, sourceid) VALUES ('PT84', '86', 'E000085', 'Other patient type', '2014-06-29', '04:00:00', 'U', 'S0115');
INSERT INTO optum_panther_native_test.insurance(ptid, encid, insurance_date, insurance_time, ins_type, sourceid) VALUES ('PT84', 'E000085', '2014-06-29', '04:00:00', 'Commercial', 'S0115');
-- 87: Patient has labs data occurring data occurring 60 days after death event. Expected result: not dead
INSERT INTO optum_panther_native_test.patient(ptid, birth_yr, gender, race, ethnicity, region, division, avg_hh_income, pct_college_educ, deceased_indicator, date_of_death, provid_pcp, idn_indicator, first_month_active, last_month_active, notes_eligible, has_notes, sourceid, source_data_through) VALUES ('PT87', '1933 and Earlier', 'Female', 'Caucasian', 'Not Hispanic', 'Midwest', 'East North Central', NULL, NULL, '0', '201404', '', '1', '200601', '202206', '1', 'Y', 'S0115', '202206');
INSERT INTO optum_panther_native_test.encounter(ptid, visitid, encid, interaction_type, interaction_date, interaction_time, academic_community_flag, sourceid) VALUES ('PT87', '89', 'E000088', 'Other patient type', '2014-06-29', '04:00:00', 'U', 'S0115');
INSERT INTO optum_panther_native_test.labs(ptid, encid, test_name, test_type, order_date, order_time, collected_date, collected_time, result_date, result_time, test_result, relative_indicator, result_unit, result_datatype, normalized_result, standard_units, normal_range, evaluated_for_range, value_within_range, sourceid) VALUES ('PT87', 'E000088', 'Oxygen saturation (SpO2).pulse oximetry', 'CHEMISTRY', '2014-06-29', '', NULL, '', NULL, '', 'negative', '', '%', 'numeric', 'Y', 'Y', '', 'Y', 'Y', 'S0115');
-- 90: Patient has medication_administrations data occurring data occurring 60 days after death event. Expected result: not dead
INSERT INTO optum_panther_native_test.patient(ptid, birth_yr, gender, race, ethnicity, region, division, avg_hh_income, pct_college_educ, deceased_indicator, date_of_death, provid_pcp, idn_indicator, first_month_active, last_month_active, notes_eligible, has_notes, sourceid, source_data_through) VALUES ('PT90', '1933 and Earlier', 'Female', 'Caucasian', 'Not Hispanic', 'Midwest', 'East North Central', NULL, NULL, '0', '201404', '', '1', '200601', '202206', '1', 'Y', 'S0115', '202206');
INSERT INTO optum_panther_native_test.encounter(ptid, visitid, encid, interaction_type, interaction_date, interaction_time, academic_community_flag, sourceid) VALUES ('PT90', '92', 'E000091', 'Other patient type', '2014-06-29', '04:00:00', 'U', 'S0115');
INSERT INTO optum_panther_native_test.medication_administrations(ptid, encid, orderid, drug_name, ndc, ndc_source, order_date, order_time, admin_date, admin_time, provid, route, quantity_of_dose, strength, strength_unit, dosage_form, dose_frequency, generic_desc, drug_class, discontinue_reason, sourceid, _gpi) VALUES ('PT90', 'E000091', '', 'SODIUM CHLORIDE 0.9 %', '69374096750', 'Derived', '2014-06-29', '04:00:00', NULL, '', '', 'Oral', '', '', 'mg', '', '', 'SODIUM CHLORIDE', 'Intravenous supplies', '', 'S0115', '79750010002021');
-- 93: Patient has microbiology data occurring data occurring 60 days after death event. Expected result: not dead
INSERT INTO optum_panther_native_test.patient(ptid, birth_yr, gender, race, ethnicity, region, division, avg_hh_income, pct_college_educ, deceased_indicator, date_of_death, provid_pcp, idn_indicator, first_month_active, last_month_active, notes_eligible, has_notes, sourceid, source_data_through) VALUES ('PT93', '1933 and Earlier', 'Female', 'Caucasian', 'Not Hispanic', 'Midwest', 'East North Central', NULL, NULL, '0', '201404', '', '1', '200601', '202206', '1', 'Y', 'S0115', '202206');
INSERT INTO optum_panther_native_test.encounter(ptid, visitid, encid, interaction_type, interaction_date, interaction_time, academic_community_flag, sourceid) VALUES ('PT93', '95', 'E000094', 'Other patient type', '2014-06-29', '04:00:00', 'U', 'S0115');
INSERT INTO optum_panther_native_test.microbiology(ptid, encid, order_date, order_time, collect_date, collect_time, receive_date, receive_time, result_date, result_time, result_status, specimen_source, organism, mapped_organism_found, mapped_organism_excluded, culture_growth, culture_value, culture_unit, antibiotic, mapped_antibiotic, sensitivity, sourceid) VALUES ('PT93', 'E000094', '2014-06-29', '', NULL, '', NULL, '', '2017-06-02', '04:00:00', 'Final', 'Urine', 'E. coli', 'Escherichia coli', '', 'Not recorded', '', '', '', '', 'Sensitive', 'S0115');
-- 96: Patient has nlp_biomarkers data occurring data occurring 60 days after death event. Expected result: not dead
INSERT INTO optum_panther_native_test.patient(ptid, birth_yr, gender, race, ethnicity, region, division, avg_hh_income, pct_college_educ, deceased_indicator, date_of_death, provid_pcp, idn_indicator, first_month_active, last_month_active, notes_eligible, has_notes, sourceid, source_data_through) VALUES ('PT96', '1933 and Earlier', 'Female', 'Caucasian', 'Not Hispanic', 'Midwest', 'East North Central', NULL, NULL, '0', '201404', '', '1', '200601', '202206', '1', 'Y', 'S0115', '202206');
INSERT INTO optum_panther_native_test.encounter(ptid, visitid, encid, interaction_type, interaction_date, interaction_time, academic_community_flag, sourceid) VALUES ('PT96', '98', 'E000097', 'Other patient type', '2014-06-29', '04:00:00', 'U', 'S0115');
INSERT INTO optum_panther_native_test.nlp_biomarkers(ptid, encid, note_date, biomarker, variation_detail, biomarker_status, sourceid) VALUES ('PT96', '', '2014-06-29', 'ER', '', 'negative', 'S0072');
-- 99: Patient has nlp_drug_rationale data occurring data occurring 60 days after death event. Expected result: not dead
INSERT INTO optum_panther_native_test.patient(ptid, birth_yr, gender, race, ethnicity, region, division, avg_hh_income, pct_college_educ, deceased_indicator, date_of_death, provid_pcp, idn_indicator, first_month_active, last_month_active, notes_eligible, has_notes, sourceid, source_data_through) VALUES ('PT99', '1933 and Earlier', 'Female', 'Caucasian', 'Not Hispanic', 'Midwest', 'East North Central', NULL, NULL, '0', '201404', '', '1', '200601', '202206', '1', 'Y', 'S0115', '202206');
INSERT INTO optum_panther_native_test.encounter(ptid, visitid, encid, interaction_type, interaction_date, interaction_time, academic_community_flag, sourceid) VALUES ('PT99', '101', 'E0000100', 'Other patient type', '2014-06-29', '04:00:00', 'U', 'S0115');
INSERT INTO optum_panther_native_test.nlp_drug_rationale(ptid, encid, note_date, note_section, drug_name, drug_action, drug_action_preposition, reason_general, sentiment, sentiment_who, sourceid) VALUES ('PT99', '', '2014-06-29', '', 'ASPIRIN', 'N/A', 'OF', '', '', '', 'S0115');
-- 102: Patient has nlp_measurement data occurring data occurring 60 days after death event. Expected result: not dead
INSERT INTO optum_panther_native_test.patient(ptid, birth_yr, gender, race, ethnicity, region, division, avg_hh_income, pct_college_educ, deceased_indicator, date_of_death, provid_pcp, idn_indicator, first_month_active, last_month_active, notes_eligible, has_notes, sourceid, source_data_through) VALUES ('PT102', '1933 and Earlier', 'Female', 'Caucasian', 'Not Hispanic', 'Midwest', 'East North Central', NULL, NULL, '0', '201404', '', '1', '200601', '202206', '1', 'Y', 'S0115', '202206');
INSERT INTO optum_panther_native_test.encounter(ptid, visitid, encid, interaction_type, interaction_date, interaction_time, academic_community_flag, sourceid) VALUES ('PT102', '104', 'E0000103', 'Other patient type', '2014-06-29', '04:00:00', 'U', 'S0115');
INSERT INTO optum_panther_native_test.nlp_measurement(ptid, encid, note_date, measurement_type, measurement_value, measurement_detail, note_section, measurement_year, measurement_monthyear, measurement_date, sourceid) VALUES ('PT102', 'E0000103', '2014-06-29', 'WEIGHT', 'normal', '', '', NULL, '', NULL, 'S0115');
-- 105: Patient has nlp_sds data occurring data occurring 60 days after death event. Expected result: not dead
INSERT INTO optum_panther_native_test.patient(ptid, birth_yr, gender, race, ethnicity, region, division, avg_hh_income, pct_college_educ, deceased_indicator, date_of_death, provid_pcp, idn_indicator, first_month_active, last_month_active, notes_eligible, has_notes, sourceid, source_data_through) VALUES ('PT105', '1933 and Earlier', 'Female', 'Caucasian', 'Not Hispanic', 'Midwest', 'East North Central', NULL, NULL, '0', '201404', '', '1', '200601', '202206', '1', 'Y', 'S0115', '202206');
INSERT INTO optum_panther_native_test.encounter(ptid, visitid, encid, interaction_type, interaction_date, interaction_time, academic_community_flag, sourceid) VALUES ('PT105', '107', 'E0000106', 'Other patient type', '2014-06-29', '04:00:00', 'U', 'S0115');
INSERT INTO optum_panther_native_test.nlp_sds(ptid, encid, note_date, sds_term, sds_location, sds_attribute, sds_sentiment, occurrence_year, occurrence_monthyear, occurrence_date, note_section, sds_concept, sds_timing, sds_severity, sds_extent, sds_duration, sds_change, sds_quality, sourceid) VALUES ('PT105', 'E0000106', '2014-06-29', 'pain', '', '', '', NULL, '', NULL, '', '', '', '', '', '', '', '', 'S0115');
-- 108: Patient has nlp_sds_family data occurring data occurring 60 days after death event. Expected result: not dead
INSERT INTO optum_panther_native_test.patient(ptid, birth_yr, gender, race, ethnicity, region, division, avg_hh_income, pct_college_educ, deceased_indicator, date_of_death, provid_pcp, idn_indicator, first_month_active, last_month_active, notes_eligible, has_notes, sourceid, source_data_through) VALUES ('PT108', '1933 and Earlier', 'Female', 'Caucasian', 'Not Hispanic', 'Midwest', 'East North Central', NULL, NULL, '0', '201404', '', '1', '200601', '202206', '1', 'Y', 'S0115', '202206');
INSERT INTO optum_panther_native_test.encounter(ptid, visitid, encid, interaction_type, interaction_date, interaction_time, academic_community_flag, sourceid) VALUES ('PT108', '110', 'E0000109', 'Other patient type', '2014-06-29', '04:00:00', 'U', 'S0115');
INSERT INTO optum_panther_native_test.nlp_sds_family(ptid, encid, note_date, sds_term, sds_location, sds_family_member, sds_sentiment, note_section, sourceid) VALUES ('PT108', 'E0000109', '2014-06-29', 'cancer', '', 'who=family', '', 'family medical history', 'S0115');
-- 111: Patient has observations data occurring data occurring 60 days after death event. Expected result: not dead
INSERT INTO optum_panther_native_test.patient(ptid, birth_yr, gender, race, ethnicity, region, division, avg_hh_income, pct_college_educ, deceased_indicator, date_of_death, provid_pcp, idn_indicator, first_month_active, last_month_active, notes_eligible, has_notes, sourceid, source_data_through) VALUES ('PT111', '1933 and Earlier', 'Female', 'Caucasian', 'Not Hispanic', 'Midwest', 'East North Central', NULL, NULL, '0', '201404', '', '1', '200601', '202206', '1', 'Y', 'S0115', '202206');
INSERT INTO optum_panther_native_test.encounter(ptid, visitid, encid, interaction_type, interaction_date, interaction_time, academic_community_flag, sourceid) VALUES ('PT111', '113', 'E0000112', 'Other patient type', '2014-06-29', '04:00:00', 'U', 'S0115');
INSERT INTO optum_panther_native_test.observations(ptid, encid, obs_type, nlp, obs_date, obs_time, obs_result, obs_unit, evaluated_for_range, value_within_range, result_date, sourceid) VALUES ('PT111', 'E0000112', 'SBP', 'N', '2014-06-29', '04:00:00', 'Never smoked', 'mm Hg', 'N', 'U', NULL, 'S0115');
-- 114: Patient has patient_reported_medications data occurring data occurring 60 days after death event. Expected result: not dead
INSERT INTO optum_panther_native_test.patient(ptid, birth_yr, gender, race, ethnicity, region, division, avg_hh_income, pct_college_educ, deceased_indicator, date_of_death, provid_pcp, idn_indicator, first_month_active, last_month_active, notes_eligible, has_notes, sourceid, source_data_through) VALUES ('PT114', '1933 and Earlier', 'Female', 'Caucasian', 'Not Hispanic', 'Midwest', 'East North Central', NULL, NULL, '0', '201404', '', '1', '200601', '202206', '1', 'Y', 'S0115', '202206');
INSERT INTO optum_panther_native_test.encounter(ptid, visitid, encid, interaction_type, interaction_date, interaction_time, academic_community_flag, sourceid) VALUES ('PT114', '116', 'E0000115', 'Other patient type', '2014-06-29', '04:00:00', 'U', 'S0115');
INSERT INTO optum_panther_native_test.patient_reported_medications(ptid, reported_date, drug_name, ndc, ndc_source, provid, route, quantity_of_dose, strength, strength_unit, dosage_form, dose_frequency, generic_desc, drug_class, sourceid, _gpi) VALUES ('PT114', '2014-06-29', '', '69618004610', 'Direct', '', 'Oral', '', '', '', '', '', '', 'Salicylates', 'S0118', '');
-- 117: Patient has prescriptions_written data occurring data occurring 60 days after death event. Expected result: not dead
INSERT INTO optum_panther_native_test.patient(ptid, birth_yr, gender, race, ethnicity, region, division, avg_hh_income, pct_college_educ, deceased_indicator, date_of_death, provid_pcp, idn_indicator, first_month_active, last_month_active, notes_eligible, has_notes, sourceid, source_data_through) VALUES ('PT117', '1933 and Earlier', 'Female', 'Caucasian', 'Not Hispanic', 'Midwest', 'East North Central', NULL, NULL, '0', '201404', '', '1', '200601', '202206', '1', 'Y', 'S0115', '202206');
INSERT INTO optum_panther_native_test.encounter(ptid, visitid, encid, interaction_type, interaction_date, interaction_time, academic_community_flag, sourceid) VALUES ('PT117', '119', 'E0000118', 'Other patient type', '2014-06-29', '04:00:00', 'U', 'S0115');
INSERT INTO optum_panther_native_test.prescriptions_written(ptid, rxdate, rxtime, drug_name, ndc, ndc_source, provid, route, quantity_of_dose, strength, strength_unit, dosage_form, daily_dose, dose_frequency, quantity_per_fill, num_refills, days_supply, generic_desc, drug_class, discontinue_reason, ndc_mapped_attributes, sourceid, _gpi) VALUES ('PT117', '2014-06-29', '04:00:00', '', '00406012301', 'Direct', '', 'Oral', '', '10', 'mg', 'Tablet', NULL, '', '30 tablet', '0', NULL, 'HYDROCODONE BITARTRATE/ACETAMINOPHEN', 'Narcotic & analgesic combinations', '', '', 'S0118', '65991702100356');
-- 120: Patient has procedure data occurring data occurring 60 days after death event. Expected result: not dead
INSERT INTO optum_panther_native_test.patient(ptid, birth_yr, gender, race, ethnicity, region, division, avg_hh_income, pct_college_educ, deceased_indicator, date_of_death, provid_pcp, idn_indicator, first_month_active, last_month_active, notes_eligible, has_notes, sourceid, source_data_through) VALUES ('PT120', '1933 and Earlier', 'Female', 'Caucasian', 'Not Hispanic', 'Midwest', 'East North Central', NULL, NULL, '0', '201404', '', '1', '200601', '202206', '1', 'Y', 'S0115', '202206');
INSERT INTO optum_panther_native_test.encounter(ptid, visitid, encid, interaction_type, interaction_date, interaction_time, academic_community_flag, sourceid) VALUES ('PT120', '122', 'E0000121', 'Other patient type', '2014-06-29', '04:00:00', 'U', 'S0115');
INSERT INTO optum_panther_native_test.procedure(ptid, encid, proc_date, proc_time, proc_code, proc_desc, proc_code_type, provid_perform, provid_order, betos_code, betos_desc, sourceid) VALUES ('PT120', '', '2014-06-29', '04:00:00', '', '', 'CPT4', '', '', '', '', 'S0115');
-- 123: Patient has visit data occurring data occurring 60 days after death event. Expected result: not dead
INSERT INTO optum_panther_native_test.patient(ptid, birth_yr, gender, race, ethnicity, region, division, avg_hh_income, pct_college_educ, deceased_indicator, date_of_death, provid_pcp, idn_indicator, first_month_active, last_month_active, notes_eligible, has_notes, sourceid, source_data_through) VALUES ('PT123', '1933 and Earlier', 'Female', 'Caucasian', 'Not Hispanic', 'Midwest', 'East North Central', NULL, NULL, '0', '201404', '', '1', '200601', '202206', '1', 'Y', 'S0115', '202206');
INSERT INTO optum_panther_native_test.encounter(ptid, visitid, encid, interaction_type, interaction_date, interaction_time, academic_community_flag, sourceid) VALUES ('PT123', '125', 'E0000124', 'Other patient type', '2014-06-29', '04:00:00', 'U', 'S0115');
INSERT INTO optum_panther_native_test.visit(ptid, visitid, visit_type, visit_start_date, visit_start_time, visit_end_date, visit_end_time, discharge_disposition, admission_source, drg, sourceid) VALUES ('PT123', '125', 'Emergency patient', '2014-06-29', '04:00:00', '2016-03-18', '04:00:00', '01 DISCHARGED TO HOME OR SELF CARE', 'Referred by physician or self referral; non-healthcare facility point of origin', '', 'S0115');
-- 126: Test HCPCS derived device coming from procedure table
INSERT INTO optum_panther_native_test.patient(ptid, birth_yr, gender, race, ethnicity, region, division, avg_hh_income, pct_college_educ, deceased_indicator, date_of_death, provid_pcp, idn_indicator, first_month_active, last_month_active, notes_eligible, has_notes, sourceid, source_data_through) VALUES ('PT126', '1950', 'Male', 'Caucasian', 'Not Hispanic', 'Midwest', 'East North Central', NULL, NULL, '0', '      ', '', '1', '200701', '201001', '1', 'Y', 'S0115', '202206');
INSERT INTO optum_panther_native_test.procedure(ptid, encid, proc_date, proc_time, proc_code, proc_desc, proc_code_type, provid_perform, provid_order, betos_code, betos_desc, sourceid) VALUES ('PT126', '', '2009-01-01', '04:00:00', 'A4217', '', 'HCPCS', '', '', '', '', 'S0115');
-- 127: Test device derived from diagnosis table
INSERT INTO optum_panther_native_test.patient(ptid, birth_yr, gender, race, ethnicity, region, division, avg_hh_income, pct_college_educ, deceased_indicator, date_of_death, provid_pcp, idn_indicator, first_month_active, last_month_active, notes_eligible, has_notes, sourceid, source_data_through) VALUES ('PT127', '1950', 'Male', 'Caucasian', 'Not Hispanic', 'Midwest', 'East North Central', NULL, NULL, '0', '      ', '', '1', '200701', '201001', '1', 'Y', 'S0115', '202206');
INSERT INTO optum_panther_native_test.diagnosis(ptid, encid, diag_date, diag_time, diagnosis_cd, diagnosis_cd_type, diagnosis_status, poa, admitting_diagnosis, discharge_diagnosis, primary_diagnosis, problem_list, sourceid) VALUES ('PT127', '', '2009-01-01', '04:00:00', 'Y73.0', 'ICD10', 'Diagnosis of', '0', '0', '0', '0', 'N', 'S0115');
-- 128: Patient has 1 valid MEDICATION_ADMINISTRATIONS record within the enrollment period.
INSERT INTO optum_panther_native_test.patient(ptid, birth_yr, gender, race, ethnicity, region, division, avg_hh_income, pct_college_educ, deceased_indicator, date_of_death, provid_pcp, idn_indicator, first_month_active, last_month_active, notes_eligible, has_notes, sourceid, source_data_through) VALUES ('PT128', '1933 and Earlier', 'Female', 'Caucasian', 'Not Hispanic', 'Midwest', 'East North Central', NULL, NULL, '0', '      ', '', '1', '201005', '201412', '1', 'Y', 'S0115', '202206');
INSERT INTO optum_panther_native_test.medication_administrations(ptid, encid, orderid, drug_name, ndc, ndc_source, order_date, order_time, admin_date, admin_time, provid, route, quantity_of_dose, strength, strength_unit, dosage_form, dose_frequency, generic_desc, drug_class, discontinue_reason, sourceid, _gpi) VALUES ('PT128', '', '', 'SODIUM CHLORIDE 0.9 %', '55111067101', 'Derived', '2011-01-07', '04:00:00', NULL, '', '', 'Oral', '', '', 'mg', '', '', 'SODIUM CHLORIDE', 'Intravenous supplies', '', 'S0115', '79750010002021');
-- 129: Patient has 2 MEDICATION_ADMINISTRATIONS records, the first within the enrollment period, the second outside of enrollment.
INSERT INTO optum_panther_native_test.patient(ptid, birth_yr, gender, race, ethnicity, region, division, avg_hh_income, pct_college_educ, deceased_indicator, date_of_death, provid_pcp, idn_indicator, first_month_active, last_month_active, notes_eligible, has_notes, sourceid, source_data_through) VALUES ('PT129', '1933 and Earlier', 'Female', 'Caucasian', 'Not Hispanic', 'Midwest', 'East North Central', NULL, NULL, '0', '      ', '', '1', '201005', '201212', '1', 'Y', 'S0115', '202206');
INSERT INTO optum_panther_native_test.medication_administrations(ptid, encid, orderid, drug_name, ndc, ndc_source, order_date, order_time, admin_date, admin_time, provid, route, quantity_of_dose, strength, strength_unit, dosage_form, dose_frequency, generic_desc, drug_class, discontinue_reason, sourceid, _gpi) VALUES ('PT129', '', '', 'SODIUM CHLORIDE 0.9 %', '55111067101', 'Derived', '2011-01-07', '04:00:00', NULL, '', '', 'Oral', '', '', 'mg', '', '', 'SODIUM CHLORIDE', 'Intravenous supplies', '', 'S0115', '79750010002021');
INSERT INTO optum_panther_native_test.medication_administrations(ptid, encid, orderid, drug_name, ndc, ndc_source, order_date, order_time, admin_date, admin_time, provid, route, quantity_of_dose, strength, strength_unit, dosage_form, dose_frequency, generic_desc, drug_class, discontinue_reason, sourceid, _gpi) VALUES ('PT129', '', '', 'SODIUM CHLORIDE 0.9 %', '58487000102', 'Derived', '2013-01-07', '04:00:00', NULL, '', '', 'Oral', '', '', 'mg', '', '', 'SODIUM CHLORIDE', 'Intravenous supplies', '', 'S0115', '79750010002021');
-- 130: Patient has multiple MEDICATION_ADMINISTRATIONS records, all within enrollment period, but have the same encounter_id, ndc and order_date.
INSERT INTO optum_panther_native_test.encounter(ptid, visitid, encid, interaction_type, interaction_date, interaction_time, academic_community_flag, sourceid) VALUES ('PT130', NULL, 'E0000131', 'Inpatient', '2011-01-07', '04:00:00', 'U', 'S0115');
INSERT INTO optum_panther_native_test.patient(ptid, birth_yr, gender, race, ethnicity, region, division, avg_hh_income, pct_college_educ, deceased_indicator, date_of_death, provid_pcp, idn_indicator, first_month_active, last_month_active, notes_eligible, has_notes, sourceid, source_data_through) VALUES ('PT130', '1933 and Earlier', 'Female', 'Caucasian', 'Not Hispanic', 'Midwest', 'East North Central', NULL, NULL, '0', '      ', '', '1', '201005', '201212', '1', 'Y', 'S0115', '202206');
INSERT INTO optum_panther_native_test.medication_administrations(ptid, encid, orderid, drug_name, ndc, ndc_source, order_date, order_time, admin_date, admin_time, provid, route, quantity_of_dose, strength, strength_unit, dosage_form, dose_frequency, generic_desc, drug_class, discontinue_reason, sourceid, _gpi) VALUES ('PT130', 'E0000131', '', 'SODIUM CHLORIDE 0.9 %', '55111067101', 'Derived', '2011-01-07', '04:00:00', NULL, '', '', 'Oral', '', '', 'mg', '', '', 'SODIUM CHLORIDE', 'Intravenous supplies', '', 'S0115', '79750010002021');
INSERT INTO optum_panther_native_test.medication_administrations(ptid, encid, orderid, drug_name, ndc, ndc_source, order_date, order_time, admin_date, admin_time, provid, route, quantity_of_dose, strength, strength_unit, dosage_form, dose_frequency, generic_desc, drug_class, discontinue_reason, sourceid, _gpi) VALUES ('PT130', 'E0000131', '', 'SODIUM CHLORIDE 0.9 %', '55111067101', 'Derived', '2011-01-07', '04:00:00', NULL, '', '', 'Oral', '', '', 'mg', '', '', 'SODIUM CHLORIDE', 'Intravenous supplies', '', 'S0115', '79750010002021');
-- 132: Patient has multiple MEDICATION_ADMINISTRATIONS records, all within enrollment period, that have the same ndc on the same day, but different encounters.
INSERT INTO optum_panther_native_test.encounter(ptid, visitid, encid, interaction_type, interaction_date, interaction_time, academic_community_flag, sourceid) VALUES ('PT132', NULL, 'E0000133', 'Inpatient', '2011-01-07', '04:00:00', 'U', 'S0115');
INSERT INTO optum_panther_native_test.encounter(ptid, visitid, encid, interaction_type, interaction_date, interaction_time, academic_community_flag, sourceid) VALUES ('PT132', NULL, 'E0000134', 'Inpatient', '2011-01-07', '04:00:00', 'U', 'S0115');
INSERT INTO optum_panther_native_test.patient(ptid, birth_yr, gender, race, ethnicity, region, division, avg_hh_income, pct_college_educ, deceased_indicator, date_of_death, provid_pcp, idn_indicator, first_month_active, last_month_active, notes_eligible, has_notes, sourceid, source_data_through) VALUES ('PT132', '1933 and Earlier', 'Female', 'Caucasian', 'Not Hispanic', 'Midwest', 'East North Central', NULL, NULL, '0', '      ', '', '1', '201005', '201212', '1', 'Y', 'S0115', '202206');
INSERT INTO optum_panther_native_test.medication_administrations(ptid, encid, orderid, drug_name, ndc, ndc_source, order_date, order_time, admin_date, admin_time, provid, route, quantity_of_dose, strength, strength_unit, dosage_form, dose_frequency, generic_desc, drug_class, discontinue_reason, sourceid, _gpi) VALUES ('PT132', 'E0000133', '', 'SODIUM CHLORIDE 0.9 %', '55111067101', 'Derived', '2011-01-07', '04:00:00', NULL, '', '', 'Oral', '', '', 'mg', '', '', 'SODIUM CHLORIDE', 'Intravenous supplies', '', 'S0115', '79750010002021');
INSERT INTO optum_panther_native_test.medication_administrations(ptid, encid, orderid, drug_name, ndc, ndc_source, order_date, order_time, admin_date, admin_time, provid, route, quantity_of_dose, strength, strength_unit, dosage_form, dose_frequency, generic_desc, drug_class, discontinue_reason, sourceid, _gpi) VALUES ('PT132', 'E0000134', '', 'SODIUM CHLORIDE 0.9 %', '55111067101', 'Derived', '2011-01-07', '04:00:00', NULL, '', '', 'Oral', '', '', 'mg', '', '', 'SODIUM CHLORIDE', 'Intravenous supplies', '', 'S0115', '79750010002021');
-- 135: Patient has series of MEDICATION_ADMINISTRATIONS with the same encounter_id, but different order_date
INSERT INTO optum_panther_native_test.encounter(ptid, visitid, encid, interaction_type, interaction_date, interaction_time, academic_community_flag, sourceid) VALUES ('PT135', NULL, 'E0000136', 'Inpatient', '2011-01-07', '04:00:00', 'U', 'S0115');
INSERT INTO optum_panther_native_test.patient(ptid, birth_yr, gender, race, ethnicity, region, division, avg_hh_income, pct_college_educ, deceased_indicator, date_of_death, provid_pcp, idn_indicator, first_month_active, last_month_active, notes_eligible, has_notes, sourceid, source_data_through) VALUES ('PT135', '1933 and Earlier', 'Female', 'Caucasian', 'Not Hispanic', 'Midwest', 'East North Central', NULL, NULL, '0', '      ', '', '1', '201005', '201212', '1', 'Y', 'S0115', '202206');
INSERT INTO optum_panther_native_test.medication_administrations(ptid, encid, orderid, drug_name, ndc, ndc_source, order_date, order_time, admin_date, admin_time, provid, route, quantity_of_dose, strength, strength_unit, dosage_form, dose_frequency, generic_desc, drug_class, discontinue_reason, sourceid, _gpi) VALUES ('PT135', 'E0000136', '', 'SODIUM CHLORIDE 0.9 %', '55111067101', 'Derived', '2011-01-07', '04:00:00', NULL, '', '', 'Oral', '', '', 'mg', '', '', 'SODIUM CHLORIDE', 'Intravenous supplies', '', 'S0115', '79750010002021');
INSERT INTO optum_panther_native_test.medication_administrations(ptid, encid, orderid, drug_name, ndc, ndc_source, order_date, order_time, admin_date, admin_time, provid, route, quantity_of_dose, strength, strength_unit, dosage_form, dose_frequency, generic_desc, drug_class, discontinue_reason, sourceid, _gpi) VALUES ('PT135', 'E0000136', '', 'SODIUM CHLORIDE 0.9 %', '55111067101', 'Derived', '2011-01-08', '04:00:00', NULL, '', '', 'Oral', '', '', 'mg', '', '', 'SODIUM CHLORIDE', 'Intravenous supplies', '', 'S0115', '79750010002021');
-- 137: Patient has MEDICATION_ADMINISTRATIONS with provid that is NULL but the encounter has a valid provider id specified
INSERT INTO optum_panther_native_test.patient(ptid, birth_yr, gender, race, ethnicity, region, division, avg_hh_income, pct_college_educ, deceased_indicator, date_of_death, provid_pcp, idn_indicator, first_month_active, last_month_active, notes_eligible, has_notes, sourceid, source_data_through) VALUES ('PT137', '1933 and Earlier', 'Female', 'Caucasian', 'Not Hispanic', 'Midwest', 'East North Central', NULL, NULL, '0', '      ', '', '1', '201005', '201212', '1', 'Y', 'S0115', '202206');
INSERT INTO optum_panther_native_test.provider(provid, specialty, prim_spec_ind, taxonomy, sourceid) VALUES ('139', 'Internal Medicine', '1', '', 'S0115');
INSERT INTO optum_panther_native_test.encounter(ptid, visitid, encid, interaction_type, interaction_date, interaction_time, academic_community_flag, sourceid) VALUES ('PT137', NULL, 'E0000138', 'Inpatient', '2012-01-08', '04:00:00', 'U', 'S0115');
INSERT INTO optum_panther_native_test.encounter_provider(encid, provid, provider_role, sourceid) VALUES ('E0000138', '139', 'ATTENDING', 'S0034');
INSERT INTO optum_panther_native_test.medication_administrations(ptid, encid, orderid, drug_name, ndc, ndc_source, order_date, order_time, admin_date, admin_time, provid, route, quantity_of_dose, strength, strength_unit, dosage_form, dose_frequency, generic_desc, drug_class, discontinue_reason, sourceid, _gpi) VALUES ('PT137', 'E0000138', '', 'SODIUM CHLORIDE 0.9 %', '55111067101', 'Derived', '2012-01-08', '04:00:00', NULL, '', NULL, 'Oral', '', '', 'mg', '', '', 'SODIUM CHLORIDE', 'Intravenous supplies', '', 'S0115', '79750010002021');
-- 140: Patient has MEDICATION_ADMINISTRATIONS with an NDC that is properly mapped to the source_concept_id and standard concept_id
INSERT INTO optum_panther_native_test.patient(ptid, birth_yr, gender, race, ethnicity, region, division, avg_hh_income, pct_college_educ, deceased_indicator, date_of_death, provid_pcp, idn_indicator, first_month_active, last_month_active, notes_eligible, has_notes, sourceid, source_data_through) VALUES ('PT140', '1933 and Earlier', 'Female', 'Caucasian', 'Not Hispanic', 'Midwest', 'East North Central', NULL, NULL, '0', '      ', '', '1', '201005', '201212', '1', 'Y', 'S0115', '202206');
INSERT INTO optum_panther_native_test.medication_administrations(ptid, encid, orderid, drug_name, ndc, ndc_source, order_date, order_time, admin_date, admin_time, provid, route, quantity_of_dose, strength, strength_unit, dosage_form, dose_frequency, generic_desc, drug_class, discontinue_reason, sourceid, _gpi) VALUES ('PT140', '', '', 'SODIUM CHLORIDE 0.9 %', '55111067101', 'Derived', '2012-01-08', '04:00:00', NULL, '', '', 'Oral', '', '', 'mg', '', '', 'SODIUM CHLORIDE', 'Intravenous supplies', '', 'S0115', '79750010002021');
-- 141: Patient has MEDICATION_ADMINISTRATIONS with a valid quantity_of_dose
INSERT INTO optum_panther_native_test.patient(ptid, birth_yr, gender, race, ethnicity, region, division, avg_hh_income, pct_college_educ, deceased_indicator, date_of_death, provid_pcp, idn_indicator, first_month_active, last_month_active, notes_eligible, has_notes, sourceid, source_data_through) VALUES ('PT141', '1933 and Earlier', 'Female', 'Caucasian', 'Not Hispanic', 'Midwest', 'East North Central', NULL, NULL, '0', '      ', '', '1', '201005', '201212', '1', 'Y', 'S0115', '202206');
INSERT INTO optum_panther_native_test.medication_administrations(ptid, encid, orderid, drug_name, ndc, ndc_source, order_date, order_time, admin_date, admin_time, provid, route, quantity_of_dose, strength, strength_unit, dosage_form, dose_frequency, generic_desc, drug_class, discontinue_reason, sourceid, _gpi) VALUES ('PT141', '', '', 'SODIUM CHLORIDE 0.9 %', '55111067101', 'Derived', '2012-01-08', '04:00:00', NULL, '', '', 'Oral', '0.5', '', 'mg', '', '', 'SODIUM CHLORIDE', 'Intravenous supplies', '', 'S0115', '79750010002021');
-- 142: Patient has MEDICATION_ADMINISTRATIONS and the route value is found in the source-to-concept-map and assigned the proper concept_id
INSERT INTO optum_panther_native_test.patient(ptid, birth_yr, gender, race, ethnicity, region, division, avg_hh_income, pct_college_educ, deceased_indicator, date_of_death, provid_pcp, idn_indicator, first_month_active, last_month_active, notes_eligible, has_notes, sourceid, source_data_through) VALUES ('PT142', '1933 and Earlier', 'Female', 'Caucasian', 'Not Hispanic', 'Midwest', 'East North Central', NULL, NULL, '0', '      ', '', '1', '201005', '201212', '1', 'Y', 'S0115', '202206');
INSERT INTO optum_panther_native_test.medication_administrations(ptid, encid, orderid, drug_name, ndc, ndc_source, order_date, order_time, admin_date, admin_time, provid, route, quantity_of_dose, strength, strength_unit, dosage_form, dose_frequency, generic_desc, drug_class, discontinue_reason, sourceid, _gpi) VALUES ('PT142', '', '', 'SODIUM CHLORIDE 0.9 %', '55111067101', 'Derived', '2012-01-08', '04:00:00', NULL, '', '', 'Oral', '', '', 'mg', '', '', 'SODIUM CHLORIDE', 'Intravenous supplies', '', 'S0115', '79750010002021');
-- 143: Patient has MEDICATION_ADMINISTRATIONS and the route value is NOT found in the source-to-concept-map and assigned concept_id of 0
INSERT INTO optum_panther_native_test.patient(ptid, birth_yr, gender, race, ethnicity, region, division, avg_hh_income, pct_college_educ, deceased_indicator, date_of_death, provid_pcp, idn_indicator, first_month_active, last_month_active, notes_eligible, has_notes, sourceid, source_data_through) VALUES ('PT143', '1933 and Earlier', 'Female', 'Caucasian', 'Not Hispanic', 'Midwest', 'East North Central', NULL, NULL, '0', '      ', '', '1', '201005', '201212', '1', 'Y', 'S0115', '202206');
INSERT INTO optum_panther_native_test.medication_administrations(ptid, encid, orderid, drug_name, ndc, ndc_source, order_date, order_time, admin_date, admin_time, provid, route, quantity_of_dose, strength, strength_unit, dosage_form, dose_frequency, generic_desc, drug_class, discontinue_reason, sourceid, _gpi) VALUES ('PT143', '', '', 'SODIUM CHLORIDE 0.9 %', '55111067101', 'Derived', '2012-01-08', '04:00:00', NULL, '', '', 'Osmosis', '', '', 'mg', '', '', 'SODIUM CHLORIDE', 'Intravenous supplies', '', 'S0115', '79750010002021');
-- 144: Patient has MEDICATION_ADMINISTRATIONS with a strength_unit that maps to dose_unit_source_value
INSERT INTO optum_panther_native_test.patient(ptid, birth_yr, gender, race, ethnicity, region, division, avg_hh_income, pct_college_educ, deceased_indicator, date_of_death, provid_pcp, idn_indicator, first_month_active, last_month_active, notes_eligible, has_notes, sourceid, source_data_through) VALUES ('PT144', '1933 and Earlier', 'Female', 'Caucasian', 'Not Hispanic', 'Midwest', 'East North Central', NULL, NULL, '0', '      ', '', '1', '201005', '201212', '1', 'Y', 'S0115', '202206');
INSERT INTO optum_panther_native_test.medication_administrations(ptid, encid, orderid, drug_name, ndc, ndc_source, order_date, order_time, admin_date, admin_time, provid, route, quantity_of_dose, strength, strength_unit, dosage_form, dose_frequency, generic_desc, drug_class, discontinue_reason, sourceid, _gpi) VALUES ('PT144', '', '', 'SODIUM CHLORIDE 0.9 %', '55111067101', 'Derived', '2012-01-08', '04:00:00', NULL, '', '', 'Oral', '', '', 'mg/mL', '', '', 'SODIUM CHLORIDE', 'Intravenous supplies', '', 'S0115', '79750010002021');
-- 145: Patient has PRESCRIPTIONS_WRITTEN with valid information
INSERT INTO optum_panther_native_test.patient(ptid, birth_yr, gender, race, ethnicity, region, division, avg_hh_income, pct_college_educ, deceased_indicator, date_of_death, provid_pcp, idn_indicator, first_month_active, last_month_active, notes_eligible, has_notes, sourceid, source_data_through) VALUES ('PT145', '1933 and Earlier', 'Female', 'Caucasian', 'Not Hispanic', 'Midwest', 'East North Central', NULL, NULL, '0', '      ', '', '1', '201005', '201212', '1', 'Y', 'S0115', '202206');
INSERT INTO optum_panther_native_test.prescriptions_written(ptid, rxdate, rxtime, drug_name, ndc, ndc_source, provid, route, quantity_of_dose, strength, strength_unit, dosage_form, daily_dose, dose_frequency, quantity_per_fill, num_refills, days_supply, generic_desc, drug_class, discontinue_reason, ndc_mapped_attributes, sourceid, _gpi) VALUES ('PT145', '2012-01-08', '04:00:00', '', '00406012301', 'Direct', '', 'Oral', '', '10', 'mg', 'Tablet', NULL, '', '30 tablet', '0', NULL, 'HYDROCODONE BITARTRATE/ACETAMINOPHEN', 'Narcotic & analgesic combinations', '', '', 'S0118', '65991702100356');
-- 146: Patient has multiple PRESCRIPTIONS_WRITTEN with the first within the enrollment period, the second outside of enrollment.
INSERT INTO optum_panther_native_test.patient(ptid, birth_yr, gender, race, ethnicity, region, division, avg_hh_income, pct_college_educ, deceased_indicator, date_of_death, provid_pcp, idn_indicator, first_month_active, last_month_active, notes_eligible, has_notes, sourceid, source_data_through) VALUES ('PT146', '1933 and Earlier', 'Female', 'Caucasian', 'Not Hispanic', 'Midwest', 'East North Central', NULL, NULL, '0', '      ', '', '1', '201005', '201212', '1', 'Y', 'S0115', '202206');
INSERT INTO optum_panther_native_test.prescriptions_written(ptid, rxdate, rxtime, drug_name, ndc, ndc_source, provid, route, quantity_of_dose, strength, strength_unit, dosage_form, daily_dose, dose_frequency, quantity_per_fill, num_refills, days_supply, generic_desc, drug_class, discontinue_reason, ndc_mapped_attributes, sourceid, _gpi) VALUES ('PT146', '2012-01-08', '04:00:00', '', '00406012301', 'Direct', '', 'Oral', '', '10', 'mg', 'Tablet', NULL, '', '30 tablet', '0', NULL, 'HYDROCODONE BITARTRATE/ACETAMINOPHEN', 'Narcotic & analgesic combinations', '', '', 'S0118', '65991702100356');
INSERT INTO optum_panther_native_test.prescriptions_written(ptid, rxdate, rxtime, drug_name, ndc, ndc_source, provid, route, quantity_of_dose, strength, strength_unit, dosage_form, daily_dose, dose_frequency, quantity_per_fill, num_refills, days_supply, generic_desc, drug_class, discontinue_reason, ndc_mapped_attributes, sourceid, _gpi) VALUES ('PT146', '2014-01-08', '04:00:00', '', '00406012301', 'Direct', '', 'Oral', '', '10', 'mg', 'Tablet', NULL, '', '30 tablet', '0', NULL, 'HYDROCODONE BITARTRATE/ACETAMINOPHEN', 'Narcotic & analgesic combinations', '', '', 'S0118', '65991702100356');
-- 147: Patient has PRESCRIPTIONS_WRITTEN and the NDC is properly mapped to the source_concept_id and standard concept_id
INSERT INTO optum_panther_native_test.patient(ptid, birth_yr, gender, race, ethnicity, region, division, avg_hh_income, pct_college_educ, deceased_indicator, date_of_death, provid_pcp, idn_indicator, first_month_active, last_month_active, notes_eligible, has_notes, sourceid, source_data_through) VALUES ('PT147', '1933 and Earlier', 'Female', 'Caucasian', 'Not Hispanic', 'Midwest', 'East North Central', NULL, NULL, '0', '      ', '', '1', '201005', '201212', '1', 'Y', 'S0115', '202206');
INSERT INTO optum_panther_native_test.prescriptions_written(ptid, rxdate, rxtime, drug_name, ndc, ndc_source, provid, route, quantity_of_dose, strength, strength_unit, dosage_form, daily_dose, dose_frequency, quantity_per_fill, num_refills, days_supply, generic_desc, drug_class, discontinue_reason, ndc_mapped_attributes, sourceid, _gpi) VALUES ('PT147', '2012-01-08', '04:00:00', '', '55111067101', 'Direct', '', 'Oral', '', '10', 'mg', 'Tablet', NULL, '', '30 tablet', '0', NULL, 'HYDROCODONE BITARTRATE/ACETAMINOPHEN', 'Narcotic & analgesic combinations', '', '', 'S0118', '65991702100356');
-- 148: Patient has PRESCRIPTIONS_WRITTEN with quantity_per_fill that contains non-numeric values
INSERT INTO optum_panther_native_test.patient(ptid, birth_yr, gender, race, ethnicity, region, division, avg_hh_income, pct_college_educ, deceased_indicator, date_of_death, provid_pcp, idn_indicator, first_month_active, last_month_active, notes_eligible, has_notes, sourceid, source_data_through) VALUES ('PT148', '1933 and Earlier', 'Female', 'Caucasian', 'Not Hispanic', 'Midwest', 'East North Central', NULL, NULL, '0', '      ', '', '1', '201005', '201212', '1', 'Y', 'S0115', '202206');
INSERT INTO optum_panther_native_test.prescriptions_written(ptid, rxdate, rxtime, drug_name, ndc, ndc_source, provid, route, quantity_of_dose, strength, strength_unit, dosage_form, daily_dose, dose_frequency, quantity_per_fill, num_refills, days_supply, generic_desc, drug_class, discontinue_reason, ndc_mapped_attributes, sourceid, _gpi) VALUES ('PT148', '2012-01-08', '04:00:00', '', '55111067101', 'Direct', '', 'Oral', '', '10', 'mg', 'Tablet', NULL, '', '90 Tab', '0', NULL, 'HYDROCODONE BITARTRATE/ACETAMINOPHEN', 'Narcotic & analgesic combinations', '', '', 'S0118', '65991702100356');
-- 149: Patient has PRESCRIPTIONS_WRITTEN with quantity_per_fill that contains only numerics
INSERT INTO optum_panther_native_test.patient(ptid, birth_yr, gender, race, ethnicity, region, division, avg_hh_income, pct_college_educ, deceased_indicator, date_of_death, provid_pcp, idn_indicator, first_month_active, last_month_active, notes_eligible, has_notes, sourceid, source_data_through) VALUES ('PT149', '1933 and Earlier', 'Female', 'Caucasian', 'Not Hispanic', 'Midwest', 'East North Central', NULL, NULL, '0', '      ', '', '1', '201005', '201212', '1', 'Y', 'S0115', '202206');
INSERT INTO optum_panther_native_test.prescriptions_written(ptid, rxdate, rxtime, drug_name, ndc, ndc_source, provid, route, quantity_of_dose, strength, strength_unit, dosage_form, daily_dose, dose_frequency, quantity_per_fill, num_refills, days_supply, generic_desc, drug_class, discontinue_reason, ndc_mapped_attributes, sourceid, _gpi) VALUES ('PT149', '2012-01-08', '04:00:00', '', '55111067101', 'Direct', '', 'Oral', '', '10', 'mg', 'Tablet', NULL, '', '90', '0', NULL, 'HYDROCODONE BITARTRATE/ACETAMINOPHEN', 'Narcotic & analgesic combinations', '', '', 'S0118', '65991702100356');
-- 150: Patient has PRESCRIPTIONS_WRITTEN with quantity_per_fill that contains NULL AND quantity_of_dose is NOT NULL
INSERT INTO optum_panther_native_test.patient(ptid, birth_yr, gender, race, ethnicity, region, division, avg_hh_income, pct_college_educ, deceased_indicator, date_of_death, provid_pcp, idn_indicator, first_month_active, last_month_active, notes_eligible, has_notes, sourceid, source_data_through) VALUES ('PT150', '1933 and Earlier', 'Female', 'Caucasian', 'Not Hispanic', 'Midwest', 'East North Central', NULL, NULL, '0', '      ', '', '1', '201005', '201212', '1', 'Y', 'S0115', '202206');
INSERT INTO optum_panther_native_test.prescriptions_written(ptid, rxdate, rxtime, drug_name, ndc, ndc_source, provid, route, quantity_of_dose, strength, strength_unit, dosage_form, daily_dose, dose_frequency, quantity_per_fill, num_refills, days_supply, generic_desc, drug_class, discontinue_reason, ndc_mapped_attributes, sourceid, _gpi) VALUES ('PT150', '2012-01-08', '04:00:00', '', '55111067101', 'Direct', '', 'Oral', '1', '10', 'mg', 'Tablet', NULL, '', NULL, '0', NULL, 'HYDROCODONE BITARTRATE/ACETAMINOPHEN', 'Narcotic & analgesic combinations', '', '', 'S0118', '65991702100356');
-- 151: Patient has PRESCRIPTIONS_WRITTEN with quantity_per_fill that contains NULL AND quantity_of_dose is NOT NULL with text
INSERT INTO optum_panther_native_test.patient(ptid, birth_yr, gender, race, ethnicity, region, division, avg_hh_income, pct_college_educ, deceased_indicator, date_of_death, provid_pcp, idn_indicator, first_month_active, last_month_active, notes_eligible, has_notes, sourceid, source_data_through) VALUES ('PT151', '1933 and Earlier', 'Female', 'Caucasian', 'Not Hispanic', 'Midwest', 'East North Central', NULL, NULL, '0', '      ', '', '1', '201005', '201212', '1', 'Y', 'S0115', '202206');
INSERT INTO optum_panther_native_test.prescriptions_written(ptid, rxdate, rxtime, drug_name, ndc, ndc_source, provid, route, quantity_of_dose, strength, strength_unit, dosage_form, daily_dose, dose_frequency, quantity_per_fill, num_refills, days_supply, generic_desc, drug_class, discontinue_reason, ndc_mapped_attributes, sourceid, _gpi) VALUES ('PT151', '2012-01-08', '04:00:00', '', '55111067101', 'Direct', '', 'Oral', '1 tablet', '10', 'mg', 'Tablet', NULL, '', NULL, '0', NULL, 'HYDROCODONE BITARTRATE/ACETAMINOPHEN', 'Narcotic & analgesic combinations', '', '', 'S0118', '65991702100356');
-- 152: Patient has PRESCRIPTIONS_WRITTEN with num_refils that contains only numerics
INSERT INTO optum_panther_native_test.patient(ptid, birth_yr, gender, race, ethnicity, region, division, avg_hh_income, pct_college_educ, deceased_indicator, date_of_death, provid_pcp, idn_indicator, first_month_active, last_month_active, notes_eligible, has_notes, sourceid, source_data_through) VALUES ('PT152', '1933 and Earlier', 'Female', 'Caucasian', 'Not Hispanic', 'Midwest', 'East North Central', NULL, NULL, '0', '      ', '', '1', '201005', '201212', '1', 'Y', 'S0115', '202206');
INSERT INTO optum_panther_native_test.prescriptions_written(ptid, rxdate, rxtime, drug_name, ndc, ndc_source, provid, route, quantity_of_dose, strength, strength_unit, dosage_form, daily_dose, dose_frequency, quantity_per_fill, num_refills, days_supply, generic_desc, drug_class, discontinue_reason, ndc_mapped_attributes, sourceid, _gpi) VALUES ('PT152', '2012-01-08', '04:00:00', '', '55111067101', 'Direct', '', 'Oral', '', '10', 'mg', 'Tablet', NULL, '', '30 tablet', '0', NULL, 'HYDROCODONE BITARTRATE/ACETAMINOPHEN', 'Narcotic & analgesic combinations', '', '', 'S0118', '65991702100356');
-- 153: Patient has PRESCRIPTIONS_WRITTEN with quantity_per_fill that contains an empty value
INSERT INTO optum_panther_native_test.patient(ptid, birth_yr, gender, race, ethnicity, region, division, avg_hh_income, pct_college_educ, deceased_indicator, date_of_death, provid_pcp, idn_indicator, first_month_active, last_month_active, notes_eligible, has_notes, sourceid, source_data_through) VALUES ('PT153', '1933 and Earlier', 'Female', 'Caucasian', 'Not Hispanic', 'Midwest', 'East North Central', NULL, NULL, '0', '      ', '', '1', '201005', '201212', '1', 'Y', 'S0115', '202206');
INSERT INTO optum_panther_native_test.prescriptions_written(ptid, rxdate, rxtime, drug_name, ndc, ndc_source, provid, route, quantity_of_dose, strength, strength_unit, dosage_form, daily_dose, dose_frequency, quantity_per_fill, num_refills, days_supply, generic_desc, drug_class, discontinue_reason, ndc_mapped_attributes, sourceid, _gpi) VALUES ('PT153', '2012-01-08', '04:00:00', '', '55111067101', 'Direct', '', 'Oral', '', '10', 'mg', 'Tablet', NULL, '', NULL, '0', NULL, 'HYDROCODONE BITARTRATE/ACETAMINOPHEN', 'Narcotic & analgesic combinations', '', '', 'S0118', '65991702100356');
-- 154: Patient has PRESCRIPTIONS_WRITTEN with days_supply that contains only numerics
INSERT INTO optum_panther_native_test.patient(ptid, birth_yr, gender, race, ethnicity, region, division, avg_hh_income, pct_college_educ, deceased_indicator, date_of_death, provid_pcp, idn_indicator, first_month_active, last_month_active, notes_eligible, has_notes, sourceid, source_data_through) VALUES ('PT154', '1933 and Earlier', 'Female', 'Caucasian', 'Not Hispanic', 'Midwest', 'East North Central', NULL, NULL, '0', '      ', '', '1', '201005', '201212', '1', 'Y', 'S0115', '202206');
INSERT INTO optum_panther_native_test.prescriptions_written(ptid, rxdate, rxtime, drug_name, ndc, ndc_source, provid, route, quantity_of_dose, strength, strength_unit, dosage_form, daily_dose, dose_frequency, quantity_per_fill, num_refills, days_supply, generic_desc, drug_class, discontinue_reason, ndc_mapped_attributes, sourceid, _gpi) VALUES ('PT154', '2012-01-08', '04:00:00', '', '55111067101', 'Direct', '', 'Oral', '', '10', 'mg', 'Tablet', NULL, '', '30 tablet', '0', '1.0', 'HYDROCODONE BITARTRATE/ACETAMINOPHEN', 'Narcotic & analgesic combinations', '', '', 'S0118', '65991702100356');
-- 155: Patient has PRESCRIPTIONS_WRITTEN with days_supply that contains an empty value
INSERT INTO optum_panther_native_test.patient(ptid, birth_yr, gender, race, ethnicity, region, division, avg_hh_income, pct_college_educ, deceased_indicator, date_of_death, provid_pcp, idn_indicator, first_month_active, last_month_active, notes_eligible, has_notes, sourceid, source_data_through) VALUES ('PT155', '1933 and Earlier', 'Female', 'Caucasian', 'Not Hispanic', 'Midwest', 'East North Central', NULL, NULL, '0', '      ', '', '1', '201005', '201212', '1', 'Y', 'S0115', '202206');
INSERT INTO optum_panther_native_test.prescriptions_written(ptid, rxdate, rxtime, drug_name, ndc, ndc_source, provid, route, quantity_of_dose, strength, strength_unit, dosage_form, daily_dose, dose_frequency, quantity_per_fill, num_refills, days_supply, generic_desc, drug_class, discontinue_reason, ndc_mapped_attributes, sourceid, _gpi) VALUES ('PT155', '2012-01-08', '04:00:00', '', '55111067101', 'Direct', '', 'Oral', '', '10', 'mg', 'Tablet', NULL, '', '30 tablet', '0', NULL, 'HYDROCODONE BITARTRATE/ACETAMINOPHEN', 'Narcotic & analgesic combinations', '', '', 'S0118', '65991702100356');
-- 156: Patient has PRESCRIPTIONS_WRITTEN with provid specified
INSERT INTO optum_panther_native_test.patient(ptid, birth_yr, gender, race, ethnicity, region, division, avg_hh_income, pct_college_educ, deceased_indicator, date_of_death, provid_pcp, idn_indicator, first_month_active, last_month_active, notes_eligible, has_notes, sourceid, source_data_through) VALUES ('PT156', '1933 and Earlier', 'Female', 'Caucasian', 'Not Hispanic', 'Midwest', 'East North Central', NULL, NULL, '0', '      ', '', '1', '201005', '201212', '1', 'Y', 'S0115', '202206');
INSERT INTO optum_panther_native_test.prescriptions_written(ptid, rxdate, rxtime, drug_name, ndc, ndc_source, provid, route, quantity_of_dose, strength, strength_unit, dosage_form, daily_dose, dose_frequency, quantity_per_fill, num_refills, days_supply, generic_desc, drug_class, discontinue_reason, ndc_mapped_attributes, sourceid, _gpi) VALUES ('PT156', '2012-01-08', '04:00:00', '', '55111067101', 'Direct', '843801', 'Oral', '', '10', 'mg', 'Tablet', NULL, '', '30 tablet', '0', NULL, 'HYDROCODONE BITARTRATE/ACETAMINOPHEN', 'Narcotic & analgesic combinations', '', '', 'S0118', '65991702100356');
-- 157: Patient has PRESCRIPTIONS_WRITTEN with a route that is specified in the route source-to-concept map.
INSERT INTO optum_panther_native_test.patient(ptid, birth_yr, gender, race, ethnicity, region, division, avg_hh_income, pct_college_educ, deceased_indicator, date_of_death, provid_pcp, idn_indicator, first_month_active, last_month_active, notes_eligible, has_notes, sourceid, source_data_through) VALUES ('PT157', '1933 and Earlier', 'Female', 'Caucasian', 'Not Hispanic', 'Midwest', 'East North Central', NULL, NULL, '0', '      ', '', '1', '201005', '201212', '1', 'Y', 'S0115', '202206');
INSERT INTO optum_panther_native_test.prescriptions_written(ptid, rxdate, rxtime, drug_name, ndc, ndc_source, provid, route, quantity_of_dose, strength, strength_unit, dosage_form, daily_dose, dose_frequency, quantity_per_fill, num_refills, days_supply, generic_desc, drug_class, discontinue_reason, ndc_mapped_attributes, sourceid, _gpi) VALUES ('PT157', '2012-01-08', '04:00:00', '', '55111067101', 'Direct', '', 'Oral', '', '10', 'mg', 'Tablet', NULL, '', '30 tablet', '0', NULL, 'HYDROCODONE BITARTRATE/ACETAMINOPHEN', 'Narcotic & analgesic combinations', '', '', 'S0118', '65991702100356');
-- 158: Patient has PRESCRIPTIONS_WRITTEN with strength + strength_unit + dose_frequency + dosage_form that should be concatenated
INSERT INTO optum_panther_native_test.patient(ptid, birth_yr, gender, race, ethnicity, region, division, avg_hh_income, pct_college_educ, deceased_indicator, date_of_death, provid_pcp, idn_indicator, first_month_active, last_month_active, notes_eligible, has_notes, sourceid, source_data_through) VALUES ('PT158', '1933 and Earlier', 'Female', 'Caucasian', 'Not Hispanic', 'Midwest', 'East North Central', NULL, NULL, '0', '      ', '', '1', '201005', '201212', '1', 'Y', 'S0115', '202206');
INSERT INTO optum_panther_native_test.prescriptions_written(ptid, rxdate, rxtime, drug_name, ndc, ndc_source, provid, route, quantity_of_dose, strength, strength_unit, dosage_form, daily_dose, dose_frequency, quantity_per_fill, num_refills, days_supply, generic_desc, drug_class, discontinue_reason, ndc_mapped_attributes, sourceid, _gpi) VALUES ('PT158', '2012-01-08', '04:00:00', '', '55111067101', 'Direct', '', 'Oral', '', '20 - 25', '15 MG', 'Capsule Delayed Release', NULL, '1 time a day', '30 tablet', '0', NULL, 'HYDROCODONE BITARTRATE/ACETAMINOPHEN', 'Narcotic & analgesic combinations', '', '', 'S0118', '65991702100356');
-- 159: Patient has patient_reported_medications with valid information
INSERT INTO optum_panther_native_test.patient(ptid, birth_yr, gender, race, ethnicity, region, division, avg_hh_income, pct_college_educ, deceased_indicator, date_of_death, provid_pcp, idn_indicator, first_month_active, last_month_active, notes_eligible, has_notes, sourceid, source_data_through) VALUES ('PT159', '1933 and Earlier', 'Female', 'Caucasian', 'Not Hispanic', 'Midwest', 'East North Central', NULL, NULL, '0', '      ', '', '1', '201005', '201212', '1', 'Y', 'S0115', '202206');
INSERT INTO optum_panther_native_test.patient_reported_medications(ptid, reported_date, drug_name, ndc, ndc_source, provid, route, quantity_of_dose, strength, strength_unit, dosage_form, dose_frequency, generic_desc, drug_class, sourceid, _gpi) VALUES ('PT159', '2012-01-08', '', '69618004610', 'Direct', '', 'Oral', '', '', '', '', '', '', 'Salicylates', 'S0118', '');
-- 160: Patient has multiple patient_reported_medications with the first within the enrollment period, the second outside of enrollment.
INSERT INTO optum_panther_native_test.patient(ptid, birth_yr, gender, race, ethnicity, region, division, avg_hh_income, pct_college_educ, deceased_indicator, date_of_death, provid_pcp, idn_indicator, first_month_active, last_month_active, notes_eligible, has_notes, sourceid, source_data_through) VALUES ('PT160', '1933 and Earlier', 'Female', 'Caucasian', 'Not Hispanic', 'Midwest', 'East North Central', NULL, NULL, '0', '      ', '', '1', '201005', '201212', '1', 'Y', 'S0115', '202206');
INSERT INTO optum_panther_native_test.patient_reported_medications(ptid, reported_date, drug_name, ndc, ndc_source, provid, route, quantity_of_dose, strength, strength_unit, dosage_form, dose_frequency, generic_desc, drug_class, sourceid, _gpi) VALUES ('PT160', '2012-01-08', '', '69618004610', 'Direct', '', 'Oral', '', '', '', '', '', '', 'Salicylates', 'S0118', '');
INSERT INTO optum_panther_native_test.patient_reported_medications(ptid, reported_date, drug_name, ndc, ndc_source, provid, route, quantity_of_dose, strength, strength_unit, dosage_form, dose_frequency, generic_desc, drug_class, sourceid, _gpi) VALUES ('PT160', '2014-01-08', '', '69618004610', 'Direct', '', 'Oral', '', '', '', '', '', '', 'Salicylates', 'S0118', '');
-- 161: Patient has patient_reported_medications with valid reported_date and drug_type_concept_id
INSERT INTO optum_panther_native_test.patient(ptid, birth_yr, gender, race, ethnicity, region, division, avg_hh_income, pct_college_educ, deceased_indicator, date_of_death, provid_pcp, idn_indicator, first_month_active, last_month_active, notes_eligible, has_notes, sourceid, source_data_through) VALUES ('PT161', '1933 and Earlier', 'Female', 'Caucasian', 'Not Hispanic', 'Midwest', 'East North Central', NULL, NULL, '0', '      ', '', '1', '201005', '201212', '1', 'Y', 'S0115', '202206');
INSERT INTO optum_panther_native_test.patient_reported_medications(ptid, reported_date, drug_name, ndc, ndc_source, provid, route, quantity_of_dose, strength, strength_unit, dosage_form, dose_frequency, generic_desc, drug_class, sourceid, _gpi) VALUES ('PT161', '2012-01-08', '', '55111067101', 'Direct', '', 'Oral', '', '', '', '', '', '', 'Salicylates', 'S0118', '');
-- 162: Patient has PRESCRIPTIONS_WRITTEN and the NDC is properly mapped to the source_concept_id and standard concept_id
INSERT INTO optum_panther_native_test.patient(ptid, birth_yr, gender, race, ethnicity, region, division, avg_hh_income, pct_college_educ, deceased_indicator, date_of_death, provid_pcp, idn_indicator, first_month_active, last_month_active, notes_eligible, has_notes, sourceid, source_data_through) VALUES ('PT162', '1933 and Earlier', 'Female', 'Caucasian', 'Not Hispanic', 'Midwest', 'East North Central', NULL, NULL, '0', '      ', '', '1', '201005', '201212', '1', 'Y', 'S0115', '202206');
INSERT INTO optum_panther_native_test.patient_reported_medications(ptid, reported_date, drug_name, ndc, ndc_source, provid, route, quantity_of_dose, strength, strength_unit, dosage_form, dose_frequency, generic_desc, drug_class, sourceid, _gpi) VALUES ('PT162', '2012-01-08', '', '55111067101', 'Direct', '', 'Oral', '', '', '', '', '', '', 'Salicylates', 'S0118', '');
-- 163: Patient has patient_reported_medications with provid mapped
INSERT INTO optum_panther_native_test.patient(ptid, birth_yr, gender, race, ethnicity, region, division, avg_hh_income, pct_college_educ, deceased_indicator, date_of_death, provid_pcp, idn_indicator, first_month_active, last_month_active, notes_eligible, has_notes, sourceid, source_data_through) VALUES ('PT163', '1933 and Earlier', 'Female', 'Caucasian', 'Not Hispanic', 'Midwest', 'East North Central', NULL, NULL, '0', '      ', '', '1', '201005', '201212', '1', 'Y', 'S0115', '202206');
INSERT INTO optum_panther_native_test.patient_reported_medications(ptid, reported_date, drug_name, ndc, ndc_source, provid, route, quantity_of_dose, strength, strength_unit, dosage_form, dose_frequency, generic_desc, drug_class, sourceid, _gpi) VALUES ('PT163', '2012-01-08', '', '69618004610', 'Direct', '179865', 'Oral', '', '', '', '', '', '', 'Salicylates', 'S0118', '');
-- 164: Patient has patient_reported_medications with a route that is specified in the route source-to-concept map.
INSERT INTO optum_panther_native_test.patient(ptid, birth_yr, gender, race, ethnicity, region, division, avg_hh_income, pct_college_educ, deceased_indicator, date_of_death, provid_pcp, idn_indicator, first_month_active, last_month_active, notes_eligible, has_notes, sourceid, source_data_through) VALUES ('PT164', '1933 and Earlier', 'Female', 'Caucasian', 'Not Hispanic', 'Midwest', 'East North Central', NULL, NULL, '0', '      ', '', '1', '201005', '201212', '1', 'Y', 'S0115', '202206');
INSERT INTO optum_panther_native_test.patient_reported_medications(ptid, reported_date, drug_name, ndc, ndc_source, provid, route, quantity_of_dose, strength, strength_unit, dosage_form, dose_frequency, generic_desc, drug_class, sourceid, _gpi) VALUES ('PT164', '2012-01-08', '', '55111067101', 'Direct', '', 'Oral', '', '', '', '', '', '', 'Salicylates', 'S0118', '');
-- 165: Patient has patient_reported_medications with a quantity_of_dose that maps to quantity.
INSERT INTO optum_panther_native_test.patient(ptid, birth_yr, gender, race, ethnicity, region, division, avg_hh_income, pct_college_educ, deceased_indicator, date_of_death, provid_pcp, idn_indicator, first_month_active, last_month_active, notes_eligible, has_notes, sourceid, source_data_through) VALUES ('PT165', '1933 and Earlier', 'Female', 'Caucasian', 'Not Hispanic', 'Midwest', 'East North Central', NULL, NULL, '0', '      ', '', '1', '201005', '201212', '1', 'Y', 'S0115', '202206');
INSERT INTO optum_panther_native_test.patient_reported_medications(ptid, reported_date, drug_name, ndc, ndc_source, provid, route, quantity_of_dose, strength, strength_unit, dosage_form, dose_frequency, generic_desc, drug_class, sourceid, _gpi) VALUES ('PT165', '2012-01-08', '', '55111067101', 'Direct', '', 'Oral', '6', '', '', '', '', '', 'Salicylates', 'S0118', '');
-- 166: Patient has immunizations with valid information
INSERT INTO optum_panther_native_test.patient(ptid, birth_yr, gender, race, ethnicity, region, division, avg_hh_income, pct_college_educ, deceased_indicator, date_of_death, provid_pcp, idn_indicator, first_month_active, last_month_active, notes_eligible, has_notes, sourceid, source_data_through) VALUES ('PT166', '1933 and Earlier', 'Female', 'Caucasian', 'Not Hispanic', 'Midwest', 'East North Central', NULL, NULL, '0', '      ', '', '1', '201005', '201212', '1', 'Y', 'S0115', '202206');
INSERT INTO optum_panther_native_test.immunizations(ptid, immunization_date, immunization_desc, mapped_name, ndc, ndc_source, pt_reported, sourceid, _gpi) VALUES ('PT166', '2011-10-12', 'TDAP', 'Influenza Inactivated Vaccine', '66521011710', 'Derived', 'N', 'S0115', '1710002082E620');
-- 167: Patient has multiple immunizations with the first within the enrollment period, the second outside of enrollment.
INSERT INTO optum_panther_native_test.patient(ptid, birth_yr, gender, race, ethnicity, region, division, avg_hh_income, pct_college_educ, deceased_indicator, date_of_death, provid_pcp, idn_indicator, first_month_active, last_month_active, notes_eligible, has_notes, sourceid, source_data_through) VALUES ('PT167', '1933 and Earlier', 'Female', 'Caucasian', 'Not Hispanic', 'Midwest', 'East North Central', NULL, NULL, '0', '      ', '', '1', '201005', '201212', '1', 'Y', 'S0115', '202206');
INSERT INTO optum_panther_native_test.immunizations(ptid, immunization_date, immunization_desc, mapped_name, ndc, ndc_source, pt_reported, sourceid, _gpi) VALUES ('PT167', '2011-10-12', 'TDAP', 'Influenza Inactivated Vaccine', '66521011710', 'Derived', 'N', 'S0115', '1710002082E620');
INSERT INTO optum_panther_native_test.immunizations(ptid, immunization_date, immunization_desc, mapped_name, ndc, ndc_source, pt_reported, sourceid, _gpi) VALUES ('PT167', '2013-10-12', 'TDAP', 'Influenza Inactivated Vaccine', '66521011710', 'Derived', 'N', 'S0115', '1710002082E620');
-- 168: Patient has multiple immunizations records, all within enrollment period, but have the same immunization_date and ndc
INSERT INTO optum_panther_native_test.patient(ptid, birth_yr, gender, race, ethnicity, region, division, avg_hh_income, pct_college_educ, deceased_indicator, date_of_death, provid_pcp, idn_indicator, first_month_active, last_month_active, notes_eligible, has_notes, sourceid, source_data_through) VALUES ('PT168', '1933 and Earlier', 'Female', 'Caucasian', 'Not Hispanic', 'Midwest', 'East North Central', NULL, NULL, '0', '      ', '', '1', '201005', '201212', '1', 'Y', 'S0115', '202206');
INSERT INTO optum_panther_native_test.immunizations(ptid, immunization_date, immunization_desc, mapped_name, ndc, ndc_source, pt_reported, sourceid, _gpi) VALUES ('PT168', '2011-10-12', 'TDAP', 'Influenza Inactivated Vaccine', '66521011710', 'Derived', 'N', 'S0115', '1710002082E620');
INSERT INTO optum_panther_native_test.immunizations(ptid, immunization_date, immunization_desc, mapped_name, ndc, ndc_source, pt_reported, sourceid, _gpi) VALUES ('PT168', '2011-10-12', 'TDAP', 'Influenza Inactivated Vaccine', '66521011710', 'Derived', 'N', 'S0115', '1710002082E620');
-- 169: Patient has immunizations with immunization_date that is NULL
INSERT INTO optum_panther_native_test.patient(ptid, birth_yr, gender, race, ethnicity, region, division, avg_hh_income, pct_college_educ, deceased_indicator, date_of_death, provid_pcp, idn_indicator, first_month_active, last_month_active, notes_eligible, has_notes, sourceid, source_data_through) VALUES ('PT169', '1933 and Earlier', 'Female', 'Caucasian', 'Not Hispanic', 'Midwest', 'East North Central', NULL, NULL, '0', '      ', '', '1', '201005', '201212', '1', 'Y', 'S0115', '202206');
INSERT INTO optum_panther_native_test.immunizations(ptid, immunization_date, immunization_desc, mapped_name, ndc, ndc_source, pt_reported, sourceid, _gpi) VALUES ('PT169', NULL, 'TDAP', 'Influenza Inactivated Vaccine', '66521011710', 'Derived', 'N', 'S0115', '1710002082E620');
-- 170: Patient has immunizations with pt_reported =''Y''
INSERT INTO optum_panther_native_test.patient(ptid, birth_yr, gender, race, ethnicity, region, division, avg_hh_income, pct_college_educ, deceased_indicator, date_of_death, provid_pcp, idn_indicator, first_month_active, last_month_active, notes_eligible, has_notes, sourceid, source_data_through) VALUES ('PT170', '1933 and Earlier', 'Female', 'Caucasian', 'Not Hispanic', 'Midwest', 'East North Central', NULL, NULL, '0', '      ', '', '1', '201005', '201212', '1', 'Y', 'S0115', '202206');
INSERT INTO optum_panther_native_test.immunizations(ptid, immunization_date, immunization_desc, mapped_name, ndc, ndc_source, pt_reported, sourceid, _gpi) VALUES ('PT170', '2011-10-12', 'TDAP', 'Influenza Inactivated Vaccine', '66521011710', 'Derived', 'Y', 'S0115', '1710002082E620');
-- 171: Patient has immunizations and the NDC is properly mapped to the source_concept_id and standard concept_id
INSERT INTO optum_panther_native_test.patient(ptid, birth_yr, gender, race, ethnicity, region, division, avg_hh_income, pct_college_educ, deceased_indicator, date_of_death, provid_pcp, idn_indicator, first_month_active, last_month_active, notes_eligible, has_notes, sourceid, source_data_through) VALUES ('PT171', '1933 and Earlier', 'Female', 'Caucasian', 'Not Hispanic', 'Midwest', 'East North Central', NULL, NULL, '0', '      ', '', '1', '201005', '201212', '1', 'Y', 'S0115', '202206');
INSERT INTO optum_panther_native_test.immunizations(ptid, immunization_date, immunization_desc, mapped_name, ndc, ndc_source, pt_reported, sourceid, _gpi) VALUES ('PT171', '2011-10-12', 'TDAP', 'Influenza Inactivated Vaccine', '66521011710', 'Derived', 'N', 'S0115', '1710002082E620');
-- 172: Patient has immunizations with pt_reported =''N'' with a valid drug_type_concept_id
INSERT INTO optum_panther_native_test.patient(ptid, birth_yr, gender, race, ethnicity, region, division, avg_hh_income, pct_college_educ, deceased_indicator, date_of_death, provid_pcp, idn_indicator, first_month_active, last_month_active, notes_eligible, has_notes, sourceid, source_data_through) VALUES ('PT172', '1933 and Earlier', 'Female', 'Caucasian', 'Not Hispanic', 'Midwest', 'East North Central', NULL, NULL, '0', '      ', '', '1', '201005', '201212', '1', 'Y', 'S0115', '202206');
INSERT INTO optum_panther_native_test.immunizations(ptid, immunization_date, immunization_desc, mapped_name, ndc, ndc_source, pt_reported, sourceid, _gpi) VALUES ('PT172', '2011-10-12', 'TDAP', 'Influenza Inactivated Vaccine', '66521011710', 'Derived', 'N', 'S0115', '1710002082E620');
-- 173: Patient has covid vaccine with immunization_desc = 'COVID-19 VACCINE, PFIZER' 
INSERT INTO optum_panther_native_test.patient(ptid, birth_yr, gender, race, ethnicity, region, division, avg_hh_income, pct_college_educ, deceased_indicator, date_of_death, provid_pcp, idn_indicator, first_month_active, last_month_active, notes_eligible, has_notes, sourceid, source_data_through) VALUES ('PT173', '1933 and Earlier', 'Female', 'Caucasian', 'Not Hispanic', 'Midwest', 'East North Central', NULL, NULL, '0', '      ', '', '1', '201005', '201212', '1', 'Y', 'S0115', '202206');
INSERT INTO optum_panther_native_test.encounter(ptid, visitid, encid, interaction_type, interaction_date, interaction_time, academic_community_flag, sourceid) VALUES ('PT173', NULL, 'E0000174', 'Other patient type', '05-01-2010', '04:00:00', 'U', 'S0115');
INSERT INTO optum_panther_native_test.encounter(ptid, visitid, encid, interaction_type, interaction_date, interaction_time, academic_community_flag, sourceid) VALUES ('PT173', NULL, 'E0000175', 'Other patient type', '31-12-2012', '04:00:00', 'U', 'S0115');
INSERT INTO optum_panther_native_test.immunizations(ptid, immunization_date, immunization_desc, mapped_name, ndc, ndc_source, pt_reported, sourceid, _gpi) VALUES ('PT173', '2011-10-12', 'COVID-19 VACCINE, PFIZER', 'Influenza Inactivated Vaccine', '70461032103', 'Derived', ' ', 'S0115', '1710002082E620');
-- 176: Patient has covid vaccine with immunization_desc = 'COVID-19 VACCINE, MODERNA' 
INSERT INTO optum_panther_native_test.patient(ptid, birth_yr, gender, race, ethnicity, region, division, avg_hh_income, pct_college_educ, deceased_indicator, date_of_death, provid_pcp, idn_indicator, first_month_active, last_month_active, notes_eligible, has_notes, sourceid, source_data_through) VALUES ('PT176', '1933 and Earlier', 'Female', 'Caucasian', 'Not Hispanic', 'Midwest', 'East North Central', NULL, NULL, '0', '      ', '', '1', '201005', '201212', '1', 'Y', 'S0115', '202206');
INSERT INTO optum_panther_native_test.encounter(ptid, visitid, encid, interaction_type, interaction_date, interaction_time, academic_community_flag, sourceid) VALUES ('PT176', NULL, 'E0000177', 'Other patient type', '05-01-2010', '04:00:00', 'U', 'S0115');
INSERT INTO optum_panther_native_test.encounter(ptid, visitid, encid, interaction_type, interaction_date, interaction_time, academic_community_flag, sourceid) VALUES ('PT176', NULL, 'E0000178', 'Other patient type', '31-12-2012', '04:00:00', 'U', 'S0115');
INSERT INTO optum_panther_native_test.immunizations(ptid, immunization_date, immunization_desc, mapped_name, ndc, ndc_source, pt_reported, sourceid, _gpi) VALUES ('PT176', '2011-10-12', 'COVID-19 VACCINE, MODERNA', 'Influenza Inactivated Vaccine', '70461032103', 'Derived', ' ', 'S0115', '1710002082E620');
-- 179: Patient has covid vaccine with immunization_desc = 'SARS-COV-2 (COVID-19) vaccine, UNSPECIFIED' 
INSERT INTO optum_panther_native_test.patient(ptid, birth_yr, gender, race, ethnicity, region, division, avg_hh_income, pct_college_educ, deceased_indicator, date_of_death, provid_pcp, idn_indicator, first_month_active, last_month_active, notes_eligible, has_notes, sourceid, source_data_through) VALUES ('PT179', '1933 and Earlier', 'Female', 'Caucasian', 'Not Hispanic', 'Midwest', 'East North Central', NULL, NULL, '0', '      ', '', '1', '201005', '201212', '1', 'Y', 'S0115', '202206');
INSERT INTO optum_panther_native_test.encounter(ptid, visitid, encid, interaction_type, interaction_date, interaction_time, academic_community_flag, sourceid) VALUES ('PT179', NULL, 'E0000180', 'Other patient type', '05-01-2010', '04:00:00', 'U', 'S0115');
INSERT INTO optum_panther_native_test.encounter(ptid, visitid, encid, interaction_type, interaction_date, interaction_time, academic_community_flag, sourceid) VALUES ('PT179', NULL, 'E0000181', 'Other patient type', '31-12-2012', '04:00:00', 'U', 'S0115');
INSERT INTO optum_panther_native_test.immunizations(ptid, immunization_date, immunization_desc, mapped_name, ndc, ndc_source, pt_reported, sourceid, _gpi) VALUES ('PT179', '2011-10-12', 'SARS-COV-2 (COVID-19) vaccine, UNSPECIFIED', 'Influenza Inactivated Vaccine', '70461032103', 'Derived', ' ', 'S0115', '1710002082E620');
-- 182: Procedure has PROC_CODE that is a drug with valid information and valid drug_type_concept_id
INSERT INTO optum_panther_native_test.patient(ptid, birth_yr, gender, race, ethnicity, region, division, avg_hh_income, pct_college_educ, deceased_indicator, date_of_death, provid_pcp, idn_indicator, first_month_active, last_month_active, notes_eligible, has_notes, sourceid, source_data_through) VALUES ('PT182', '1933 and Earlier', 'Female', 'Caucasian', 'Not Hispanic', 'Midwest', 'East North Central', NULL, NULL, '0', '      ', '', '1', '201005', '201212', '1', 'Y', 'S0115', '202206');
INSERT INTO optum_panther_native_test.procedure(ptid, encid, proc_date, proc_time, proc_code, proc_desc, proc_code_type, provid_perform, provid_order, betos_code, betos_desc, sourceid) VALUES ('PT182', '', '2011-02-11', '04:00:00', 'J9310', '', 'HCPCS', '', '', '', '', 'S0115');
-- 183: Patient has multiple PROCEDURE records with the first within the enrollment period, the second outside of enrollment.
INSERT INTO optum_panther_native_test.patient(ptid, birth_yr, gender, race, ethnicity, region, division, avg_hh_income, pct_college_educ, deceased_indicator, date_of_death, provid_pcp, idn_indicator, first_month_active, last_month_active, notes_eligible, has_notes, sourceid, source_data_through) VALUES ('PT183', '1933 and Earlier', 'Female', 'Caucasian', 'Not Hispanic', 'Midwest', 'East North Central', NULL, NULL, '0', '      ', '', '1', '201005', '201212', '1', 'Y', 'S0115', '202206');
INSERT INTO optum_panther_native_test.procedure(ptid, encid, proc_date, proc_time, proc_code, proc_desc, proc_code_type, provid_perform, provid_order, betos_code, betos_desc, sourceid) VALUES ('PT183', '', '2011-10-12', '04:00:00', 'J9310', '', 'HCPCS', '', '', '', '', 'S0115');
INSERT INTO optum_panther_native_test.procedure(ptid, encid, proc_date, proc_time, proc_code, proc_desc, proc_code_type, provid_perform, provid_order, betos_code, betos_desc, sourceid) VALUES ('PT183', '', '2013-10-12', '04:00:00', 'J9310', '', 'HCPCS', '', '', '', '', 'S0115');
-- 184: Patient has multiple PROCEDURE records, all within enrollment period, but have the same PROC_DATE and proc_code.
INSERT INTO optum_panther_native_test.patient(ptid, birth_yr, gender, race, ethnicity, region, division, avg_hh_income, pct_college_educ, deceased_indicator, date_of_death, provid_pcp, idn_indicator, first_month_active, last_month_active, notes_eligible, has_notes, sourceid, source_data_through) VALUES ('PT184', '1933 and Earlier', 'Female', 'Caucasian', 'Not Hispanic', 'Midwest', 'East North Central', NULL, NULL, '0', '      ', '', '1', '201005', '201212', '1', 'Y', 'S0115', '202206');
INSERT INTO optum_panther_native_test.procedure(ptid, encid, proc_date, proc_time, proc_code, proc_desc, proc_code_type, provid_perform, provid_order, betos_code, betos_desc, sourceid) VALUES ('PT184', '', '2011-10-12', '04:00:00', 'J9310', '', 'HCPCS', '', '', '', '', 'S0115');
INSERT INTO optum_panther_native_test.procedure(ptid, encid, proc_date, proc_time, proc_code, proc_desc, proc_code_type, provid_perform, provid_order, betos_code, betos_desc, sourceid) VALUES ('PT184', '', '2011-10-12', '04:00:00', 'J9310', '', 'HCPCS', '', '', '', '', 'S0115');
-- 185: Patient has PROCEDURE with HCPCS proc_code that maps to a standard concept
INSERT INTO optum_panther_native_test.patient(ptid, birth_yr, gender, race, ethnicity, region, division, avg_hh_income, pct_college_educ, deceased_indicator, date_of_death, provid_pcp, idn_indicator, first_month_active, last_month_active, notes_eligible, has_notes, sourceid, source_data_through) VALUES ('PT185', '1933 and Earlier', 'Female', 'Caucasian', 'Not Hispanic', 'Midwest', 'East North Central', NULL, NULL, '0', '      ', '', '1', '201005', '201212', '1', 'Y', 'S0115', '202206');
INSERT INTO optum_panther_native_test.procedure(ptid, encid, proc_date, proc_time, proc_code, proc_desc, proc_code_type, provid_perform, provid_order, betos_code, betos_desc, sourceid) VALUES ('PT185', '', '2011-10-12', '04:00:00', 'J9310', '', 'HCPCS', '', '', '', '', 'S0115');
-- 186: Patient has PROCEDURE with provid_perform that maps to provid
INSERT INTO optum_panther_native_test.patient(ptid, birth_yr, gender, race, ethnicity, region, division, avg_hh_income, pct_college_educ, deceased_indicator, date_of_death, provid_pcp, idn_indicator, first_month_active, last_month_active, notes_eligible, has_notes, sourceid, source_data_through) VALUES ('PT186', '1933 and Earlier', 'Female', 'Caucasian', 'Not Hispanic', 'Midwest', 'East North Central', NULL, NULL, '0', '      ', '', '1', '201005', '201212', '1', 'Y', 'S0115', '202206');
INSERT INTO optum_panther_native_test.provider(provid, specialty, prim_spec_ind, taxonomy, sourceid) VALUES ('187', 'Internal Medicine', '1', '', 'S0115');
INSERT INTO optum_panther_native_test.procedure(ptid, encid, proc_date, proc_time, proc_code, proc_desc, proc_code_type, provid_perform, provid_order, betos_code, betos_desc, sourceid) VALUES ('PT186', '', '2011-10-12', '04:00:00', 'J9310', '', 'HCPCS', '187', '', '', '', 'S0115');
-- 188: NLP_DRUG_RATIONALE has valid note_date and other valid information with a valid drug_type_concept_id
INSERT INTO optum_panther_native_test.patient(ptid, birth_yr, gender, race, ethnicity, region, division, avg_hh_income, pct_college_educ, deceased_indicator, date_of_death, provid_pcp, idn_indicator, first_month_active, last_month_active, notes_eligible, has_notes, sourceid, source_data_through) VALUES ('PT188', '1933 and Earlier', 'Female', 'Caucasian', 'Not Hispanic', 'Midwest', 'East North Central', NULL, NULL, '0', '      ', '', '1', '201005', '201212', '1', 'Y', 'S0115', '202206');
INSERT INTO optum_panther_native_test.encounter(ptid, visitid, encid, interaction_type, interaction_date, interaction_time, academic_community_flag, sourceid) VALUES ('PT188', NULL, 'E0000189', 'Inpatient', '2011-01-07', '04:00:00', 'U', 'S0115');
INSERT INTO optum_panther_native_test.nlp_drug_rationale(ptid, encid, note_date, note_section, drug_name, drug_action, drug_action_preposition, reason_general, sentiment, sentiment_who, sourceid) VALUES ('PT188', 'E0000189', '2011-01-07', '', 'COUMADIN', 'TAKE', 'OF', 'stop', NULL, '', 'S0115');
-- 190: Patient has NLP_DRUG_RATIONALE with drug_action = STOP which should prevent it from being imported.
INSERT INTO optum_panther_native_test.patient(ptid, birth_yr, gender, race, ethnicity, region, division, avg_hh_income, pct_college_educ, deceased_indicator, date_of_death, provid_pcp, idn_indicator, first_month_active, last_month_active, notes_eligible, has_notes, sourceid, source_data_through) VALUES ('PT190', '1933 and Earlier', 'Female', 'Caucasian', 'Not Hispanic', 'Midwest', 'East North Central', NULL, NULL, '0', '      ', '', '1', '201005', '201212', '1', 'Y', 'S0115', '202206');
INSERT INTO optum_panther_native_test.encounter(ptid, visitid, encid, interaction_type, interaction_date, interaction_time, academic_community_flag, sourceid) VALUES ('PT190', NULL, 'E0000191', 'Inpatient', '2011-01-07', '04:00:00', 'U', 'S0115');
INSERT INTO optum_panther_native_test.nlp_drug_rationale(ptid, encid, note_date, note_section, drug_name, drug_action, drug_action_preposition, reason_general, sentiment, sentiment_who, sourceid) VALUES ('PT190', 'E0000191', '2011-01-07', '', 'COUMADIN', 'STOP', 'OF', 'stop', NULL, '', 'S0115');
-- 192: Patient has NLP_DRUG_RATIONALE with sentiment = NEED.NOT which should prevent it from being imported.
INSERT INTO optum_panther_native_test.patient(ptid, birth_yr, gender, race, ethnicity, region, division, avg_hh_income, pct_college_educ, deceased_indicator, date_of_death, provid_pcp, idn_indicator, first_month_active, last_month_active, notes_eligible, has_notes, sourceid, source_data_through) VALUES ('PT192', '1933 and Earlier', 'Female', 'Caucasian', 'Not Hispanic', 'Midwest', 'East North Central', NULL, NULL, '0', '      ', '', '1', '201005', '201212', '1', 'Y', 'S0115', '202206');
INSERT INTO optum_panther_native_test.encounter(ptid, visitid, encid, interaction_type, interaction_date, interaction_time, academic_community_flag, sourceid) VALUES ('PT192', NULL, 'E0000193', 'Inpatient', '2011-01-07', '04:00:00', 'U', 'S0115');
INSERT INTO optum_panther_native_test.nlp_drug_rationale(ptid, encid, note_date, note_section, drug_name, drug_action, drug_action_preposition, reason_general, sentiment, sentiment_who, sourceid) VALUES ('PT192', 'E0000193', '2011-01-07', '', 'COUMADIN', NULL, 'OF', 'stop', 'NEED.NOT', '', 'S0115');
-- 194: Simple Location
INSERT INTO optum_panther_native_test.patient(ptid, birth_yr, gender, race, ethnicity, region, division, avg_hh_income, pct_college_educ, deceased_indicator, date_of_death, provid_pcp, idn_indicator, first_month_active, last_month_active, notes_eligible, has_notes, sourceid, source_data_through) VALUES ('PT194', '1950', 'Male', 'Caucasian', 'Not Hispanic', 'REGION', 'DIVISION', NULL, NULL, '0', '      ', '', '1', '200701', '201001', '1', 'Y', 'S0115', '202206');
-- 195: No Location Dupes
INSERT INTO optum_panther_native_test.patient(ptid, birth_yr, gender, race, ethnicity, region, division, avg_hh_income, pct_college_educ, deceased_indicator, date_of_death, provid_pcp, idn_indicator, first_month_active, last_month_active, notes_eligible, has_notes, sourceid, source_data_through) VALUES ('PT195', '1950', 'Male', 'Caucasian', 'Not Hispanic', 'DUPE_REGION', 'DUPE_DIVISION', NULL, NULL, '0', '      ', '', '1', '200701', '201001', '1', 'Y', 'S0115', '202206');
INSERT INTO optum_panther_native_test.patient(ptid, birth_yr, gender, race, ethnicity, region, division, avg_hh_income, pct_college_educ, deceased_indicator, date_of_death, provid_pcp, idn_indicator, first_month_active, last_month_active, notes_eligible, has_notes, sourceid, source_data_through) VALUES ('PT195', '1950', 'Male', 'Caucasian', 'Not Hispanic', 'DUPE_REGION', 'DUPE_DIVISION', NULL, NULL, '0', '      ', '', '1', '200701', '201001', '1', 'Y', 'S0115', '202206');
-- 196: When DIAGNOSIS_STATUS=Diagnosis Of and DIAGNOSIS_CD maps to DOMAIN=MEASUREMENT concept
INSERT INTO optum_panther_native_test.patient(ptid, birth_yr, gender, race, ethnicity, region, division, avg_hh_income, pct_college_educ, deceased_indicator, date_of_death, provid_pcp, idn_indicator, first_month_active, last_month_active, notes_eligible, has_notes, sourceid, source_data_through) VALUES ('PT196', '1950', 'Male', 'Caucasian', 'Not Hispanic', 'Midwest', 'East North Central', NULL, NULL, '0', '      ', '', '1', '200701', '201001', '1', 'Y', 'S0115', '202206');
INSERT INTO optum_panther_native_test.encounter(ptid, visitid, encid, interaction_type, interaction_date, interaction_time, academic_community_flag, sourceid) VALUES ('PT196', NULL, 'E0000197', 'Inpatient', '2009-01-01', '04:00:00', 'U', 'S0115');
INSERT INTO optum_panther_native_test.diagnosis(ptid, encid, diag_date, diag_time, diagnosis_cd, diagnosis_cd_type, diagnosis_status, poa, admitting_diagnosis, discharge_diagnosis, primary_diagnosis, problem_list, sourceid) VALUES ('PT196', 'E0000197', '2009-01-01', '04:00:00', '7953', 'ICD9', 'Diagnosis of', '0', '0', '0', '0', 'N', 'S0115');
-- 198: When DIAGNOSIS_STATUS=Zachary and DIAGNOSIS_CD maps to DOMAIN=MEASUREMENT concept, should not write record
INSERT INTO optum_panther_native_test.patient(ptid, birth_yr, gender, race, ethnicity, region, division, avg_hh_income, pct_college_educ, deceased_indicator, date_of_death, provid_pcp, idn_indicator, first_month_active, last_month_active, notes_eligible, has_notes, sourceid, source_data_through) VALUES ('PT198', '1950', 'Male', 'Caucasian', 'Not Hispanic', 'Midwest', 'East North Central', NULL, NULL, '0', '      ', '', '1', '200701', '201001', '1', 'Y', 'S0115', '202206');
INSERT INTO optum_panther_native_test.encounter(ptid, visitid, encid, interaction_type, interaction_date, interaction_time, academic_community_flag, sourceid) VALUES ('PT198', NULL, 'E0000199', 'Inpatient', '2009-01-01', '04:00:00', 'U', 'S0115');
INSERT INTO optum_panther_native_test.diagnosis(ptid, encid, diag_date, diag_time, diagnosis_cd, diagnosis_cd_type, diagnosis_status, poa, admitting_diagnosis, discharge_diagnosis, primary_diagnosis, problem_list, sourceid) VALUES ('PT198', 'E0000199', '2009-01-01', '04:00:00', '7953', 'ICD9', 'Zachary', '0', '0', '0', '0', 'N', 'S0115');
-- 200: When PRIMARY_DIAGNOSIS = 1 Then Type = 44786627
INSERT INTO optum_panther_native_test.patient(ptid, birth_yr, gender, race, ethnicity, region, division, avg_hh_income, pct_college_educ, deceased_indicator, date_of_death, provid_pcp, idn_indicator, first_month_active, last_month_active, notes_eligible, has_notes, sourceid, source_data_through) VALUES ('PT200', '1950', 'Male', 'Caucasian', 'Not Hispanic', 'Midwest', 'East North Central', NULL, NULL, '0', '      ', '', '1', '200701', '201001', '1', 'Y', 'S0115', '202206');
INSERT INTO optum_panther_native_test.encounter(ptid, visitid, encid, interaction_type, interaction_date, interaction_time, academic_community_flag, sourceid) VALUES ('PT200', NULL, 'E0000201', 'Inpatient', '2009-01-01', '04:00:00', 'U', 'S0115');
INSERT INTO optum_panther_native_test.diagnosis(ptid, encid, diag_date, diag_time, diagnosis_cd, diagnosis_cd_type, diagnosis_status, poa, admitting_diagnosis, discharge_diagnosis, primary_diagnosis, problem_list, sourceid) VALUES ('PT200', 'E0000201', '2009-01-01', '04:00:00', '7953', 'ICD9', 'Diagnosis of', '0', '0', '0', '1', 'N', 'S0115');
-- 202: When PRIMARY_DIAGNOSIS = 6 Then Type = 44786629
INSERT INTO optum_panther_native_test.patient(ptid, birth_yr, gender, race, ethnicity, region, division, avg_hh_income, pct_college_educ, deceased_indicator, date_of_death, provid_pcp, idn_indicator, first_month_active, last_month_active, notes_eligible, has_notes, sourceid, source_data_through) VALUES ('PT202', '1950', 'Male', 'Caucasian', 'Not Hispanic', 'Midwest', 'East North Central', NULL, NULL, '0', '      ', '', '1', '200701', '201001', '1', 'Y', 'S0115', '202206');
INSERT INTO optum_panther_native_test.encounter(ptid, visitid, encid, interaction_type, interaction_date, interaction_time, academic_community_flag, sourceid) VALUES ('PT202', NULL, 'E0000203', 'Inpatient', '2009-01-01', '04:00:00', 'U', 'S0115');
INSERT INTO optum_panther_native_test.diagnosis(ptid, encid, diag_date, diag_time, diagnosis_cd, diagnosis_cd_type, diagnosis_status, poa, admitting_diagnosis, discharge_diagnosis, primary_diagnosis, problem_list, sourceid) VALUES ('PT202', 'E0000203', '2009-01-01', '04:00:00', '7953', 'ICD9', 'Diagnosis of', '0', '0', '0', '6', 'N', 'S0115');
-- 204: MEASUREMENT_SOURCE_CONCEPT_ID for ICD9 795.3 gets mapped properly to 44828170
INSERT INTO optum_panther_native_test.patient(ptid, birth_yr, gender, race, ethnicity, region, division, avg_hh_income, pct_college_educ, deceased_indicator, date_of_death, provid_pcp, idn_indicator, first_month_active, last_month_active, notes_eligible, has_notes, sourceid, source_data_through) VALUES ('PT204', '1950', 'Male', 'Caucasian', 'Not Hispanic', 'Midwest', 'East North Central', NULL, NULL, '0', '      ', '', '1', '200701', '201001', '1', 'Y', 'S0115', '202206');
INSERT INTO optum_panther_native_test.encounter(ptid, visitid, encid, interaction_type, interaction_date, interaction_time, academic_community_flag, sourceid) VALUES ('PT204', NULL, 'E0000205', 'Inpatient', '2009-01-01', '04:00:00', 'U', 'S0115');
INSERT INTO optum_panther_native_test.diagnosis(ptid, encid, diag_date, diag_time, diagnosis_cd, diagnosis_cd_type, diagnosis_status, poa, admitting_diagnosis, discharge_diagnosis, primary_diagnosis, problem_list, sourceid) VALUES ('PT204', 'E0000205', '2009-01-01', '04:00:00', '7953', 'ICD9', 'Diagnosis of', '0', '0', '0', '0', 'N', 'S0115');
-- 206: When DIAGNOSIS_STATUS=Diagnosis Of and Source code is a SNOMED
INSERT INTO optum_panther_native_test.patient(ptid, birth_yr, gender, race, ethnicity, region, division, avg_hh_income, pct_college_educ, deceased_indicator, date_of_death, provid_pcp, idn_indicator, first_month_active, last_month_active, notes_eligible, has_notes, sourceid, source_data_through) VALUES ('PT206', '1950', 'Male', 'Caucasian', 'Not Hispanic', 'Midwest', 'East North Central', NULL, NULL, '0', '      ', '', '1', '200701', '201001', '1', 'Y', 'S0115', '202206');
INSERT INTO optum_panther_native_test.encounter(ptid, visitid, encid, interaction_type, interaction_date, interaction_time, academic_community_flag, sourceid) VALUES ('PT206', NULL, 'E0000207', 'Inpatient', '2009-01-01', '04:00:00', 'U', 'S0115');
INSERT INTO optum_panther_native_test.diagnosis(ptid, encid, diag_date, diag_time, diagnosis_cd, diagnosis_cd_type, diagnosis_status, poa, admitting_diagnosis, discharge_diagnosis, primary_diagnosis, problem_list, sourceid) VALUES ('PT206', 'E0000207', '2009-01-01', '04:00:00', '145003003', 'SNOMED', 'Diagnosis of', '0', '0', '0', '0', 'N', 'S0115');
-- 208: Test numeric result and SOURCE_CONCEPT_ID = 0
INSERT INTO optum_panther_native_test.patient(ptid, birth_yr, gender, race, ethnicity, region, division, avg_hh_income, pct_college_educ, deceased_indicator, date_of_death, provid_pcp, idn_indicator, first_month_active, last_month_active, notes_eligible, has_notes, sourceid, source_data_through) VALUES ('PT208', '1950', 'Male', 'Caucasian', 'Not Hispanic', 'Midwest', 'East North Central', NULL, NULL, '0', '      ', '', '1', '200701', '201001', '1', 'Y', 'S0115', '202206');
INSERT INTO optum_panther_native_test.encounter(ptid, visitid, encid, interaction_type, interaction_date, interaction_time, academic_community_flag, sourceid) VALUES ('PT208', NULL, 'E0000209', 'Inpatient', '2009-01-01', '04:00:00', 'U', 'S0115');
INSERT INTO optum_panther_native_test.labs(ptid, encid, test_name, test_type, order_date, order_time, collected_date, collected_time, result_date, result_time, test_result, relative_indicator, result_unit, result_datatype, normalized_result, standard_units, normal_range, evaluated_for_range, value_within_range, sourceid) VALUES ('PT208', 'E0000209', 'O2 saturation.oximetry', 'CHEMISTRY', NULL, '', NULL, '', '2009-01-01', '', '100', '', '%', 'numeric', 'Y', 'Y', '', 'Y', 'Y', 'S0115');
-- 210: Test non-numeric result and SOURCE_CONCEPT_ID = 0
INSERT INTO optum_panther_native_test.patient(ptid, birth_yr, gender, race, ethnicity, region, division, avg_hh_income, pct_college_educ, deceased_indicator, date_of_death, provid_pcp, idn_indicator, first_month_active, last_month_active, notes_eligible, has_notes, sourceid, source_data_through) VALUES ('PT210', '1950', 'Male', 'Caucasian', 'Not Hispanic', 'Midwest', 'East North Central', NULL, NULL, '0', '      ', '', '1', '200701', '201001', '1', 'Y', 'S0115', '202206');
INSERT INTO optum_panther_native_test.encounter(ptid, visitid, encid, interaction_type, interaction_date, interaction_time, academic_community_flag, sourceid) VALUES ('PT210', NULL, 'E0000211', 'Inpatient', '2009-01-01', '04:00:00', 'U', 'S0115');
INSERT INTO optum_panther_native_test.labs(ptid, encid, test_name, test_type, order_date, order_time, collected_date, collected_time, result_date, result_time, test_result, relative_indicator, result_unit, result_datatype, normalized_result, standard_units, normal_range, evaluated_for_range, value_within_range, sourceid) VALUES ('PT210', 'E0000211', 'O2 saturation.oximetry', 'CHEMISTRY', NULL, '', NULL, '', '2009-01-01', '', 'positive', '', '%', 'numeric', 'Y', 'Y', '', 'Y', 'Y', 'S0115');
-- 212: Test valid operator gets an OPERATOR_CONCEPT_ID
INSERT INTO optum_panther_native_test.patient(ptid, birth_yr, gender, race, ethnicity, region, division, avg_hh_income, pct_college_educ, deceased_indicator, date_of_death, provid_pcp, idn_indicator, first_month_active, last_month_active, notes_eligible, has_notes, sourceid, source_data_through) VALUES ('PT212', '1950', 'Male', 'Caucasian', 'Not Hispanic', 'Midwest', 'East North Central', NULL, NULL, '0', '      ', '', '1', '200701', '201001', '1', 'Y', 'S0115', '202206');
INSERT INTO optum_panther_native_test.encounter(ptid, visitid, encid, interaction_type, interaction_date, interaction_time, academic_community_flag, sourceid) VALUES ('PT212', NULL, 'E0000213', 'Inpatient', '2009-01-01', '04:00:00', 'U', 'S0115');
INSERT INTO optum_panther_native_test.labs(ptid, encid, test_name, test_type, order_date, order_time, collected_date, collected_time, result_date, result_time, test_result, relative_indicator, result_unit, result_datatype, normalized_result, standard_units, normal_range, evaluated_for_range, value_within_range, sourceid) VALUES ('PT212', 'E0000213', 'O2 saturation.oximetry', 'CHEMISTRY', NULL, '', NULL, '', '2009-01-01', '', '100', '<=', '%', 'numeric', 'Y', 'Y', '', 'Y', 'Y', 'S0115');
-- 214: Test invalid operator gets an OPERATOR_CONCEPT_ID
INSERT INTO optum_panther_native_test.patient(ptid, birth_yr, gender, race, ethnicity, region, division, avg_hh_income, pct_college_educ, deceased_indicator, date_of_death, provid_pcp, idn_indicator, first_month_active, last_month_active, notes_eligible, has_notes, sourceid, source_data_through) VALUES ('PT214', '1950', 'Male', 'Caucasian', 'Not Hispanic', 'Midwest', 'East North Central', NULL, NULL, '0', '      ', '', '1', '200701', '201001', '1', 'Y', 'S0115', '202206');
INSERT INTO optum_panther_native_test.encounter(ptid, visitid, encid, interaction_type, interaction_date, interaction_time, academic_community_flag, sourceid) VALUES ('PT214', NULL, 'E0000215', 'Inpatient', '2009-01-01', '04:00:00', 'U', 'S0115');
INSERT INTO optum_panther_native_test.labs(ptid, encid, test_name, test_type, order_date, order_time, collected_date, collected_time, result_date, result_time, test_result, relative_indicator, result_unit, result_datatype, normalized_result, standard_units, normal_range, evaluated_for_range, value_within_range, sourceid) VALUES ('PT214', 'E0000215', 'O2 saturation.oximetry', 'CHEMISTRY', NULL, '', NULL, '', '2009-01-01', '', '100', 'ZA', '%', 'numeric', 'Y', 'Y', '', 'Y', 'Y', 'S0115');
-- 216: map case-sensitive UCUM vocabulary to UNIT_CONCEPT_ID, row count right
INSERT INTO optum_panther_native_test.patient(ptid, birth_yr, gender, race, ethnicity, region, division, avg_hh_income, pct_college_educ, deceased_indicator, date_of_death, provid_pcp, idn_indicator, first_month_active, last_month_active, notes_eligible, has_notes, sourceid, source_data_through) VALUES ('PT216', '1950', 'Male', 'Caucasian', 'Not Hispanic', 'Midwest', 'East North Central', NULL, NULL, '0', '      ', '', '1', '200701', '201001', '1', 'Y', 'S0115', '202206');
INSERT INTO optum_panther_native_test.encounter(ptid, visitid, encid, interaction_type, interaction_date, interaction_time, academic_community_flag, sourceid) VALUES ('PT216', NULL, 'E0000217', 'Inpatient', '2009-01-01', '04:00:00', 'U', 'S0115');
INSERT INTO optum_panther_native_test.labs(ptid, encid, test_name, test_type, order_date, order_time, collected_date, collected_time, result_date, result_time, test_result, relative_indicator, result_unit, result_datatype, normalized_result, standard_units, normal_range, evaluated_for_range, value_within_range, sourceid) VALUES ('PT216', 'E0000217', 'O2 saturation.oximetry', 'CHEMISTRY', NULL, '', NULL, '', '2009-01-01', '', '100', '', 'pH', 'numeric', 'Y', 'Y', '', 'Y', 'Y', 'S0115');
-- 218: Test when normal range has a hyphen
INSERT INTO optum_panther_native_test.patient(ptid, birth_yr, gender, race, ethnicity, region, division, avg_hh_income, pct_college_educ, deceased_indicator, date_of_death, provid_pcp, idn_indicator, first_month_active, last_month_active, notes_eligible, has_notes, sourceid, source_data_through) VALUES ('PT218', '1950', 'Male', 'Caucasian', 'Not Hispanic', 'Midwest', 'East North Central', NULL, NULL, '0', '      ', '', '1', '200701', '201001', '1', 'Y', 'S0115', '202206');
INSERT INTO optum_panther_native_test.encounter(ptid, visitid, encid, interaction_type, interaction_date, interaction_time, academic_community_flag, sourceid) VALUES ('PT218', NULL, 'E0000219', 'Inpatient', '2009-01-01', '04:00:00', 'U', 'S0115');
INSERT INTO optum_panther_native_test.labs(ptid, encid, test_name, test_type, order_date, order_time, collected_date, collected_time, result_date, result_time, test_result, relative_indicator, result_unit, result_datatype, normalized_result, standard_units, normal_range, evaluated_for_range, value_within_range, sourceid) VALUES ('PT218', 'E0000219', 'O2 saturation.oximetry', 'CHEMISTRY', NULL, '', NULL, '', '2009-01-01', '', '100', '', '%', 'numeric', 'Y', 'Y', '55-65', 'Y', 'Y', 'S0115');
-- 220: Test when normal range does not have a hyphen
INSERT INTO optum_panther_native_test.patient(ptid, birth_yr, gender, race, ethnicity, region, division, avg_hh_income, pct_college_educ, deceased_indicator, date_of_death, provid_pcp, idn_indicator, first_month_active, last_month_active, notes_eligible, has_notes, sourceid, source_data_through) VALUES ('PT220', '1950', 'Male', 'Caucasian', 'Not Hispanic', 'Midwest', 'East North Central', NULL, NULL, '0', '      ', '', '1', '200701', '201001', '1', 'Y', 'S0115', '202206');
INSERT INTO optum_panther_native_test.encounter(ptid, visitid, encid, interaction_type, interaction_date, interaction_time, academic_community_flag, sourceid) VALUES ('PT220', NULL, 'E0000221', 'Inpatient', '2009-01-01', '04:00:00', 'U', 'S0115');
INSERT INTO optum_panther_native_test.labs(ptid, encid, test_name, test_type, order_date, order_time, collected_date, collected_time, result_date, result_time, test_result, relative_indicator, result_unit, result_datatype, normalized_result, standard_units, normal_range, evaluated_for_range, value_within_range, sourceid) VALUES ('PT220', 'E0000221', 'O2 saturation.oximetry', 'CHEMISTRY', NULL, '', NULL, '', '2009-01-01', '', '100', '', '%', 'numeric', 'Y', 'Y', '55', 'Y', 'Y', 'S0115');
-- 222: MEASUREMENT_TYPE gets properly mapped to a CONCEPT_ID from NLP_MEASUREMENT
INSERT INTO optum_panther_native_test.patient(ptid, birth_yr, gender, race, ethnicity, region, division, avg_hh_income, pct_college_educ, deceased_indicator, date_of_death, provid_pcp, idn_indicator, first_month_active, last_month_active, notes_eligible, has_notes, sourceid, source_data_through) VALUES ('PT222', '1950', 'Male', 'Caucasian', 'Not Hispanic', 'Midwest', 'East North Central', NULL, NULL, '0', '      ', '', '1', '200701', '201001', '1', 'Y', 'S0115', '202206');
INSERT INTO optum_panther_native_test.encounter(ptid, visitid, encid, interaction_type, interaction_date, interaction_time, academic_community_flag, sourceid) VALUES ('PT222', NULL, 'E0000223', 'Inpatient', '2009-01-01', '04:00:00', 'U', 'S0115');
INSERT INTO optum_panther_native_test.nlp_measurement(ptid, encid, note_date, measurement_type, measurement_value, measurement_detail, note_section, measurement_year, measurement_monthyear, measurement_date, sourceid) VALUES ('PT222', 'E0000223', '2015-02-22', 'WEIGHT', '100', '', '', NULL, '', '2009-01-01', 'S0115');
-- 224: Non-numeric MEASUREMENT_VALUE from NLP_MEASUREMENT
INSERT INTO optum_panther_native_test.patient(ptid, birth_yr, gender, race, ethnicity, region, division, avg_hh_income, pct_college_educ, deceased_indicator, date_of_death, provid_pcp, idn_indicator, first_month_active, last_month_active, notes_eligible, has_notes, sourceid, source_data_through) VALUES ('PT224', '1950', 'Male', 'Caucasian', 'Not Hispanic', 'Midwest', 'East North Central', NULL, NULL, '0', '      ', '', '1', '200701', '201001', '1', 'Y', 'S0115', '202206');
INSERT INTO optum_panther_native_test.encounter(ptid, visitid, encid, interaction_type, interaction_date, interaction_time, academic_community_flag, sourceid) VALUES ('PT224', NULL, 'E0000225', 'Inpatient', '2009-01-01', '04:00:00', 'U', 'S0115');
INSERT INTO optum_panther_native_test.nlp_measurement(ptid, encid, note_date, measurement_type, measurement_value, measurement_detail, note_section, measurement_year, measurement_monthyear, measurement_date, sourceid) VALUES ('PT224', 'E0000225', '2015-02-22', 'WEIGHT', 'positive', '', '', NULL, '', '2009-01-01', 'S0115');
-- 226: Measurement_detail gets mapped properly to a case sensitive UCUM from NLP_MEASUREMENT
INSERT INTO optum_panther_native_test.patient(ptid, birth_yr, gender, race, ethnicity, region, division, avg_hh_income, pct_college_educ, deceased_indicator, date_of_death, provid_pcp, idn_indicator, first_month_active, last_month_active, notes_eligible, has_notes, sourceid, source_data_through) VALUES ('PT226', '1950', 'Male', 'Caucasian', 'Not Hispanic', 'Midwest', 'East North Central', NULL, NULL, '0', '      ', '', '1', '200701', '201001', '1', 'Y', 'S0115', '202206');
INSERT INTO optum_panther_native_test.encounter(ptid, visitid, encid, interaction_type, interaction_date, interaction_time, academic_community_flag, sourceid) VALUES ('PT226', NULL, 'E0000227', 'Inpatient', '2009-01-01', '04:00:00', 'U', 'S0115');
INSERT INTO optum_panther_native_test.nlp_measurement(ptid, encid, note_date, measurement_type, measurement_value, measurement_detail, note_section, measurement_year, measurement_monthyear, measurement_date, sourceid) VALUES ('PT226', 'E0000227', '2015-02-22', 'WEIGHT', 'positive', 'pH', '', NULL, '', '2009-01-01', 'S0115');
-- 228: Test that a mappable OBS_TYPE gets a CONCEPT_ID from OBSERVATIONS
INSERT INTO optum_panther_native_test.patient(ptid, birth_yr, gender, race, ethnicity, region, division, avg_hh_income, pct_college_educ, deceased_indicator, date_of_death, provid_pcp, idn_indicator, first_month_active, last_month_active, notes_eligible, has_notes, sourceid, source_data_through) VALUES ('PT228', '1950', 'Male', 'Caucasian', 'Not Hispanic', 'Midwest', 'East North Central', NULL, NULL, '0', '      ', '', '1', '200701', '201001', '1', 'Y', 'S0115', '202206');
INSERT INTO optum_panther_native_test.encounter(ptid, visitid, encid, interaction_type, interaction_date, interaction_time, academic_community_flag, sourceid) VALUES ('PT228', NULL, 'E0000229', 'Inpatient', '2009-01-01', '04:00:00', 'U', 'S0115');
INSERT INTO optum_panther_native_test.observations(ptid, encid, obs_type, nlp, obs_date, obs_time, obs_result, obs_unit, evaluated_for_range, value_within_range, result_date, sourceid) VALUES ('PT228', 'E0000229', 'SBP', 'N', '2009-01-01', '04:00:00', 'Never smoked', 'mm Hg', 'N', 'U', NULL, 'S0115');
-- 230: Test that an unmappable OBS_TYPE gets a 0 CONCEPT_ID write a record to OBSERVATION table
INSERT INTO optum_panther_native_test.patient(ptid, birth_yr, gender, race, ethnicity, region, division, avg_hh_income, pct_college_educ, deceased_indicator, date_of_death, provid_pcp, idn_indicator, first_month_active, last_month_active, notes_eligible, has_notes, sourceid, source_data_through) VALUES ('PT230', '1950', 'Male', 'Caucasian', 'Not Hispanic', 'Midwest', 'East North Central', NULL, NULL, '0', '      ', '', '1', '200701', '201001', '1', 'Y', 'S0115', '202206');
INSERT INTO optum_panther_native_test.encounter(ptid, visitid, encid, interaction_type, interaction_date, interaction_time, academic_community_flag, sourceid) VALUES ('PT230', NULL, 'E0000231', 'Inpatient', '2009-01-01', '04:00:00', 'U', 'S0115');
INSERT INTO optum_panther_native_test.observations(ptid, encid, obs_type, nlp, obs_date, obs_time, obs_result, obs_unit, evaluated_for_range, value_within_range, result_date, sourceid) VALUES ('PT230', 'E0000231', 'Zach', 'N', '2009-01-01', '04:00:00', 'Never smoked', 'mm Hg', 'N', 'U', NULL, 'S0115');
-- 232: Test VALUE_AS_CONCEPT_ID gets mapped from OBSERVATIONS
INSERT INTO optum_panther_native_test.patient(ptid, birth_yr, gender, race, ethnicity, region, division, avg_hh_income, pct_college_educ, deceased_indicator, date_of_death, provid_pcp, idn_indicator, first_month_active, last_month_active, notes_eligible, has_notes, sourceid, source_data_through) VALUES ('PT232', '1950', 'Male', 'Caucasian', 'Not Hispanic', 'Midwest', 'East North Central', NULL, NULL, '0', '      ', '', '1', '200701', '201001', '1', 'Y', 'S0115', '202206');
INSERT INTO optum_panther_native_test.encounter(ptid, visitid, encid, interaction_type, interaction_date, interaction_time, academic_community_flag, sourceid) VALUES ('PT232', NULL, 'E0000233', 'Inpatient', '2009-01-01', '04:00:00', 'U', 'S0115');
INSERT INTO optum_panther_native_test.observations(ptid, encid, obs_type, nlp, obs_date, obs_time, obs_result, obs_unit, evaluated_for_range, value_within_range, result_date, sourceid) VALUES ('PT232', 'E0000233', 'SBP', 'N', '2009-01-01', '04:00:00', 'normal', 'mm Hg', 'N', 'U', NULL, 'S0115');
-- 234: Test UNIT_CONCEPT_ID gets mapped from OBSERVATIONS
INSERT INTO optum_panther_native_test.patient(ptid, birth_yr, gender, race, ethnicity, region, division, avg_hh_income, pct_college_educ, deceased_indicator, date_of_death, provid_pcp, idn_indicator, first_month_active, last_month_active, notes_eligible, has_notes, sourceid, source_data_through) VALUES ('PT234', '1950', 'Male', 'Caucasian', 'Not Hispanic', 'Midwest', 'East North Central', NULL, NULL, '0', '      ', '', '1', '200701', '201001', '1', 'Y', 'S0115', '202206');
INSERT INTO optum_panther_native_test.encounter(ptid, visitid, encid, interaction_type, interaction_date, interaction_time, academic_community_flag, sourceid) VALUES ('PT234', NULL, 'E0000235', 'Inpatient', '2009-01-01', '04:00:00', 'U', 'S0115');
INSERT INTO optum_panther_native_test.observations(ptid, encid, obs_type, nlp, obs_date, obs_time, obs_result, obs_unit, evaluated_for_range, value_within_range, result_date, sourceid) VALUES ('PT234', 'E0000235', 'SBP', 'N', '2009-01-01', '04:00:00', 'rare', 'pH', 'N', 'U', NULL, 'S0115');
-- 236: Tests if 2 patient durations (where second is subsumed by the first) results in a single observation period
INSERT INTO optum_panther_native_test.patient(ptid, birth_yr, gender, race, ethnicity, region, division, avg_hh_income, pct_college_educ, deceased_indicator, date_of_death, provid_pcp, idn_indicator, first_month_active, last_month_active, notes_eligible, has_notes, sourceid, source_data_through) VALUES ('PT236', '1933 and Earlier', 'Female', 'Caucasian', 'Not Hispanic', 'Midwest', 'East North Central', NULL, NULL, '0', '      ', '', '1', '201005', '201412', '1', 'Y', 'S0115', '202206');
INSERT INTO optum_panther_native_test.patient(ptid, birth_yr, gender, race, ethnicity, region, division, avg_hh_income, pct_college_educ, deceased_indicator, date_of_death, provid_pcp, idn_indicator, first_month_active, last_month_active, notes_eligible, has_notes, sourceid, source_data_through) VALUES ('PT236', '1933 and Earlier', 'Female', 'Caucasian', 'Not Hispanic', 'Midwest', 'East North Central', NULL, NULL, '0', '      ', '', '1', '201006', '201411', '1', 'Y', 'S0115', '202206');
-- 237: Tests if 2 patient durations (where second is within 30 days of first) results in a single observation period
INSERT INTO optum_panther_native_test.patient(ptid, birth_yr, gender, race, ethnicity, region, division, avg_hh_income, pct_college_educ, deceased_indicator, date_of_death, provid_pcp, idn_indicator, first_month_active, last_month_active, notes_eligible, has_notes, sourceid, source_data_through) VALUES ('PT237', '1933 and Earlier', 'Female', 'Caucasian', 'Not Hispanic', 'Midwest', 'East North Central', NULL, NULL, '0', '      ', '', '1', '200005', '200512', '1', 'Y', 'S0115', '202206');
INSERT INTO optum_panther_native_test.patient(ptid, birth_yr, gender, race, ethnicity, region, division, avg_hh_income, pct_college_educ, deceased_indicator, date_of_death, provid_pcp, idn_indicator, first_month_active, last_month_active, notes_eligible, has_notes, sourceid, source_data_through) VALUES ('PT237', '1933 and Earlier', 'Female', 'Caucasian', 'Not Hispanic', 'Midwest', 'East North Central', NULL, NULL, '0', '      ', '', '1', '200601', '201112', '1', 'Y', 'S0115', '202206');
-- 238: Tests if 2 patient durations (where second starts 33 days after first) results in two observation periods
INSERT INTO optum_panther_native_test.patient(ptid, birth_yr, gender, race, ethnicity, region, division, avg_hh_income, pct_college_educ, deceased_indicator, date_of_death, provid_pcp, idn_indicator, first_month_active, last_month_active, notes_eligible, has_notes, sourceid, source_data_through) VALUES ('PT238', '1933 and Earlier', 'Female', 'Caucasian', 'Not Hispanic', 'Midwest', 'East North Central', NULL, NULL, '0', '      ', '', '1', '200104', '200612', '1', 'Y', 'S0115', '202206');
INSERT INTO optum_panther_native_test.patient(ptid, birth_yr, gender, race, ethnicity, region, division, avg_hh_income, pct_college_educ, deceased_indicator, date_of_death, provid_pcp, idn_indicator, first_month_active, last_month_active, notes_eligible, has_notes, sourceid, source_data_through) VALUES ('PT238', '1933 and Earlier', 'Female', 'Caucasian', 'Not Hispanic', 'Midwest', 'East North Central', NULL, NULL, '0', '      ', '', '1', '200005', '200012', '1', 'Y', 'S0115', '202206');
-- 239: Patient duration is 1 month
INSERT INTO optum_panther_native_test.patient(ptid, birth_yr, gender, race, ethnicity, region, division, avg_hh_income, pct_college_educ, deceased_indicator, date_of_death, provid_pcp, idn_indicator, first_month_active, last_month_active, notes_eligible, has_notes, sourceid, source_data_through) VALUES ('PT239', '1933 and Earlier', 'Female', 'Caucasian', 'Not Hispanic', 'Midwest', 'East North Central', NULL, NULL, '0', '      ', '', '1', '201305', '201305', '1', 'Y', 'S0115', '202206');
-- 240: Patient has 1 valid OBSERVATIONS record within the enrollment period. Validate that the obs_date maps to the observation_date field properly.
INSERT INTO optum_panther_native_test.patient(ptid, birth_yr, gender, race, ethnicity, region, division, avg_hh_income, pct_college_educ, deceased_indicator, date_of_death, provid_pcp, idn_indicator, first_month_active, last_month_active, notes_eligible, has_notes, sourceid, source_data_through) VALUES ('PT240', '1950', 'Male', 'Caucasian', 'Not Hispanic', 'Midwest', 'East North Central', NULL, NULL, '0', '      ', '', '1', '200701', '201001', '1', 'Y', 'S0115', '202206');
INSERT INTO optum_panther_native_test.observations(ptid, encid, obs_type, nlp, obs_date, obs_time, obs_result, obs_unit, evaluated_for_range, value_within_range, result_date, sourceid) VALUES ('PT240', '', 'SBP', 'N', '2009-01-01', '04:00:00', 'Never smoked', 'mm Hg', 'N', 'U', NULL, 'S0115');
-- 241: Patient has 2 OBSERVATIONS records, the first within the enrollment period, the second outside of enrollment.
INSERT INTO optum_panther_native_test.patient(ptid, birth_yr, gender, race, ethnicity, region, division, avg_hh_income, pct_college_educ, deceased_indicator, date_of_death, provid_pcp, idn_indicator, first_month_active, last_month_active, notes_eligible, has_notes, sourceid, source_data_through) VALUES ('PT241', '1950', 'Male', 'Caucasian', 'Not Hispanic', 'Midwest', 'East North Central', NULL, NULL, '0', '      ', '', '1', '200701', '201001', '1', 'Y', 'S0115', '202206');
INSERT INTO optum_panther_native_test.observations(ptid, encid, obs_type, nlp, obs_date, obs_time, obs_result, obs_unit, evaluated_for_range, value_within_range, result_date, sourceid) VALUES ('PT241', '', 'SBP', 'N', '2009-01-01', '04:00:00', 'Never smoked', 'mm Hg', 'N', 'U', NULL, 'S0115');
INSERT INTO optum_panther_native_test.observations(ptid, encid, obs_type, nlp, obs_date, obs_time, obs_result, obs_unit, evaluated_for_range, value_within_range, result_date, sourceid) VALUES ('PT241', '', 'SBP', 'N', '2015-01-01', '04:00:00', 'Never smoked', 'mm Hg', 'N', 'U', NULL, 'S0115');
-- 242: Patient has multiple OBSERVATIONS records, all within enrollment period
INSERT INTO optum_panther_native_test.patient(ptid, birth_yr, gender, race, ethnicity, region, division, avg_hh_income, pct_college_educ, deceased_indicator, date_of_death, provid_pcp, idn_indicator, first_month_active, last_month_active, notes_eligible, has_notes, sourceid, source_data_through) VALUES ('PT242', '1950', 'Male', 'Caucasian', 'Not Hispanic', 'Midwest', 'East North Central', NULL, NULL, '0', '      ', '', '1', '200701', '201001', '1', 'Y', 'S0115', '202206');
INSERT INTO optum_panther_native_test.observations(ptid, encid, obs_type, nlp, obs_date, obs_time, obs_result, obs_unit, evaluated_for_range, value_within_range, result_date, sourceid) VALUES ('PT242', '', 'ALCOHOL', 'N', '2009-01-01', '04:00:00', 'Never smoked', 'mm Hg', 'N', 'U', NULL, 'S0115');
INSERT INTO optum_panther_native_test.observations(ptid, encid, obs_type, nlp, obs_date, obs_time, obs_result, obs_unit, evaluated_for_range, value_within_range, result_date, sourceid) VALUES ('PT242', '', 'ALCOHOL', 'N', '2009-01-01', '04:00:00', 'Never smoked', 'mm Hg', 'N', 'U', NULL, 'S0115');
-- 243: Patient has OBSERVATIONS record; validate the encid mapping to visit_occurrence_id
INSERT INTO optum_panther_native_test.patient(ptid, birth_yr, gender, race, ethnicity, region, division, avg_hh_income, pct_college_educ, deceased_indicator, date_of_death, provid_pcp, idn_indicator, first_month_active, last_month_active, notes_eligible, has_notes, sourceid, source_data_through) VALUES ('PT243', '1950', 'Male', 'Caucasian', 'Not Hispanic', 'Midwest', 'East North Central', NULL, NULL, '0', '      ', '', '1', '200701', '201001', '1', 'Y', 'S0115', '202206');
INSERT INTO optum_panther_native_test.encounter(ptid, visitid, encid, interaction_type, interaction_date, interaction_time, academic_community_flag, sourceid) VALUES ('PT243', NULL, 'E0000244', 'Inpatient', '2009-01-01', '04:00:00', 'U', 'S0115');
INSERT INTO optum_panther_native_test.observations(ptid, encid, obs_type, nlp, obs_date, obs_time, obs_result, obs_unit, evaluated_for_range, value_within_range, result_date, sourceid) VALUES ('PT243', 'E0000244', 'SBP', 'N', '2009-01-01', '04:00:00', 'Never smoked', 'mm Hg', 'N', 'U', NULL, 'S0115');
-- 245: Patient has OBSERVATIONS record; validate the obs_type mapping found in the STCM to observation_concept_id
INSERT INTO optum_panther_native_test.patient(ptid, birth_yr, gender, race, ethnicity, region, division, avg_hh_income, pct_college_educ, deceased_indicator, date_of_death, provid_pcp, idn_indicator, first_month_active, last_month_active, notes_eligible, has_notes, sourceid, source_data_through) VALUES ('PT245', '1950', 'Male', 'Caucasian', 'Not Hispanic', 'Midwest', 'East North Central', NULL, NULL, '0', '      ', '', '1', '200701', '201001', '1', 'Y', 'S0115', '202206');
INSERT INTO optum_panther_native_test.observations(ptid, encid, obs_type, nlp, obs_date, obs_time, obs_result, obs_unit, evaluated_for_range, value_within_range, result_date, sourceid) VALUES ('PT245', '', 'ALCOHOL', 'N', '2009-01-01', '04:00:00', 'Never smoked', 'mm Hg', 'N', 'U', NULL, 'S0115');
-- 246: Patient has OBSERVATIONS record; validate the obs_type mapping NOT found in the STCM maps to observation_concept_id = 0
INSERT INTO optum_panther_native_test.patient(ptid, birth_yr, gender, race, ethnicity, region, division, avg_hh_income, pct_college_educ, deceased_indicator, date_of_death, provid_pcp, idn_indicator, first_month_active, last_month_active, notes_eligible, has_notes, sourceid, source_data_through) VALUES ('PT246', '1950', 'Male', 'Caucasian', 'Not Hispanic', 'Midwest', 'East North Central', NULL, NULL, '0', '      ', '', '1', '200701', '201001', '1', 'Y', 'S0115', '202206');
INSERT INTO optum_panther_native_test.observations(ptid, encid, obs_type, nlp, obs_date, obs_time, obs_result, obs_unit, evaluated_for_range, value_within_range, result_date, sourceid) VALUES ('PT246', '', 'SBP', 'N', '2009-01-01', '04:00:00', 'Never smoked', 'mm Hg', 'N', 'U', NULL, 'S0115');
-- 247: Patient has OBSERVATIONS record; validate the observation_type_concept_id is populated correctly
INSERT INTO optum_panther_native_test.patient(ptid, birth_yr, gender, race, ethnicity, region, division, avg_hh_income, pct_college_educ, deceased_indicator, date_of_death, provid_pcp, idn_indicator, first_month_active, last_month_active, notes_eligible, has_notes, sourceid, source_data_through) VALUES ('PT247', '1950', 'Male', 'Caucasian', 'Not Hispanic', 'Midwest', 'East North Central', NULL, NULL, '0', '      ', '', '1', '200701', '201001', '1', 'Y', 'S0115', '202206');
INSERT INTO optum_panther_native_test.observations(ptid, encid, obs_type, nlp, obs_date, obs_time, obs_result, obs_unit, evaluated_for_range, value_within_range, result_date, sourceid) VALUES ('PT247', '', 'SBP', 'N', '2009-01-01', '04:00:00', 'Never smoked', 'mm Hg', 'N', 'U', NULL, 'S0115');
-- 248: Patient has OBSERVATIONS record; validate the obs_time is mapped to observation_time
INSERT INTO optum_panther_native_test.patient(ptid, birth_yr, gender, race, ethnicity, region, division, avg_hh_income, pct_college_educ, deceased_indicator, date_of_death, provid_pcp, idn_indicator, first_month_active, last_month_active, notes_eligible, has_notes, sourceid, source_data_through) VALUES ('PT248', '1950', 'Male', 'Caucasian', 'Not Hispanic', 'Midwest', 'East North Central', NULL, NULL, '0', '      ', '', '1', '200701', '201001', '1', 'Y', 'S0115', '202206');
INSERT INTO optum_panther_native_test.observations(ptid, encid, obs_type, nlp, obs_date, obs_time, obs_result, obs_unit, evaluated_for_range, value_within_range, result_date, sourceid) VALUES ('PT248', '', 'SBP', 'N', '2009-01-01', '14:30:00', 'Never smoked', 'mm Hg', 'N', 'U', NULL, 'S0115');
-- 249: Patient has OBSERVATIONS record; validate the obs_result is mapped to value_as_number when obs_result can be cast to a numeric
INSERT INTO optum_panther_native_test.patient(ptid, birth_yr, gender, race, ethnicity, region, division, avg_hh_income, pct_college_educ, deceased_indicator, date_of_death, provid_pcp, idn_indicator, first_month_active, last_month_active, notes_eligible, has_notes, sourceid, source_data_through) VALUES ('PT249', '1950', 'Male', 'Caucasian', 'Not Hispanic', 'Midwest', 'East North Central', NULL, NULL, '0', '      ', '', '1', '200701', '201001', '1', 'Y', 'S0115', '202206');
INSERT INTO optum_panther_native_test.observations(ptid, encid, obs_type, nlp, obs_date, obs_time, obs_result, obs_unit, evaluated_for_range, value_within_range, result_date, sourceid) VALUES ('PT249', '', 'SBP', 'N', '2009-01-01', '04:00:00', '100', 'mm Hg', 'N', 'U', NULL, 'S0115');
-- 250: Patient has OBSERVATIONS record; validate the obs_result is mapped to value_as_string when obs_result CANNOT be cast to a numeric
INSERT INTO optum_panther_native_test.patient(ptid, birth_yr, gender, race, ethnicity, region, division, avg_hh_income, pct_college_educ, deceased_indicator, date_of_death, provid_pcp, idn_indicator, first_month_active, last_month_active, notes_eligible, has_notes, sourceid, source_data_through) VALUES ('PT250', '1950', 'Male', 'Caucasian', 'Not Hispanic', 'Midwest', 'East North Central', NULL, NULL, '0', '      ', '', '1', '200701', '201001', '1', 'Y', 'S0115', '202206');
INSERT INTO optum_panther_native_test.observations(ptid, encid, obs_type, nlp, obs_date, obs_time, obs_result, obs_unit, evaluated_for_range, value_within_range, result_date, sourceid) VALUES ('PT250', '', 'SBP', 'N', '2009-01-01', '04:00:00', 'One Hundred', 'mm Hg', 'N', 'U', NULL, 'S0115');
-- 251: Patient has OBSERVATIONS record; validate the obs_unit is mapped to unit_source_value AND a valid unit_concept_id when it matches a concept in the UCUM vocabulary
INSERT INTO optum_panther_native_test.patient(ptid, birth_yr, gender, race, ethnicity, region, division, avg_hh_income, pct_college_educ, deceased_indicator, date_of_death, provid_pcp, idn_indicator, first_month_active, last_month_active, notes_eligible, has_notes, sourceid, source_data_through) VALUES ('PT251', '1950', 'Male', 'Caucasian', 'Not Hispanic', 'Midwest', 'East North Central', NULL, NULL, '0', '      ', '', '1', '200701', '201001', '1', 'Y', 'S0115', '202206');
INSERT INTO optum_panther_native_test.observations(ptid, encid, obs_type, nlp, obs_date, obs_time, obs_result, obs_unit, evaluated_for_range, value_within_range, result_date, sourceid) VALUES ('PT251', '', 'SBP', 'N', '2009-01-01', '04:00:00', 'Never smoked', 'kilogram', 'N', 'U', NULL, 'S0115');
-- 252: Patient has OBSERVATIONS record; validate the obs_unit is mapped to unit_source_value AND unit_concept_id = 0 when it matches a concept in the UCUM vocabulary
INSERT INTO optum_panther_native_test.patient(ptid, birth_yr, gender, race, ethnicity, region, division, avg_hh_income, pct_college_educ, deceased_indicator, date_of_death, provid_pcp, idn_indicator, first_month_active, last_month_active, notes_eligible, has_notes, sourceid, source_data_through) VALUES ('PT252', '1950', 'Male', 'Caucasian', 'Not Hispanic', 'Midwest', 'East North Central', NULL, NULL, '0', '      ', '', '1', '200701', '201001', '1', 'Y', 'S0115', '202206');
INSERT INTO optum_panther_native_test.observations(ptid, encid, obs_type, nlp, obs_date, obs_time, obs_result, obs_unit, evaluated_for_range, value_within_range, result_date, sourceid) VALUES ('PT252', '', 'SBP', 'N', '2009-01-01', '04:00:00', 'Never smoked', 'kg', 'N', 'U', NULL, 'S0115');
-- 253: Patient has OBSERVATIONS record; validate the obs_unit is mapped to unit_source_value AND unit_concept_id = 0 when it does not match a standard concept in the UCUM vocabulary
INSERT INTO optum_panther_native_test.patient(ptid, birth_yr, gender, race, ethnicity, region, division, avg_hh_income, pct_college_educ, deceased_indicator, date_of_death, provid_pcp, idn_indicator, first_month_active, last_month_active, notes_eligible, has_notes, sourceid, source_data_through) VALUES ('PT253', '1950', 'Male', 'Caucasian', 'Not Hispanic', 'Midwest', 'East North Central', NULL, NULL, '0', '      ', '', '1', '200701', '201001', '1', 'Y', 'S0115', '202206');
INSERT INTO optum_panther_native_test.observations(ptid, encid, obs_type, nlp, obs_date, obs_time, obs_result, obs_unit, evaluated_for_range, value_within_range, result_date, sourceid) VALUES ('PT253', '', 'SBP', 'N', '2009-01-01', '04:00:00', 'Never smoked', 'TEST_UNIT', 'N', 'U', NULL, 'S0115');
-- 306: Tests Unknown gender does not get loaded
INSERT INTO optum_panther_native_test.patient(ptid, birth_yr, gender, race, ethnicity, region, division, avg_hh_income, pct_college_educ, deceased_indicator, date_of_death, provid_pcp, idn_indicator, first_month_active, last_month_active, notes_eligible, has_notes, sourceid, source_data_through) VALUES ('PT306', '1950', 'Unknown', 'Caucasian', 'Not Hispanic', 'Midwest', 'East North Central', NULL, NULL, '0', '      ', '', '1', '200701', '201001', '1', 'Y', 'S0115', '202206');
-- 307: Tests Male gender
INSERT INTO optum_panther_native_test.patient(ptid, birth_yr, gender, race, ethnicity, region, division, avg_hh_income, pct_college_educ, deceased_indicator, date_of_death, provid_pcp, idn_indicator, first_month_active, last_month_active, notes_eligible, has_notes, sourceid, source_data_through) VALUES ('PT307', '1950', 'Male', 'Caucasian', 'Not Hispanic', 'Midwest', 'East North Central', NULL, NULL, '0', '      ', '', '1', '200701', '201001', '1', 'Y', 'S0115', '202206');
-- 308: Tests Female gender
INSERT INTO optum_panther_native_test.patient(ptid, birth_yr, gender, race, ethnicity, region, division, avg_hh_income, pct_college_educ, deceased_indicator, date_of_death, provid_pcp, idn_indicator, first_month_active, last_month_active, notes_eligible, has_notes, sourceid, source_data_through) VALUES ('PT308', '1950', 'Female', 'Caucasian', 'Not Hispanic', 'Midwest', 'East North Central', NULL, NULL, '0', '      ', '', '1', '200701', '201001', '1', 'Y', 'S0115', '202206');
-- 309: Tests Unknown birth year
INSERT INTO optum_panther_native_test.patient(ptid, birth_yr, gender, race, ethnicity, region, division, avg_hh_income, pct_college_educ, deceased_indicator, date_of_death, provid_pcp, idn_indicator, first_month_active, last_month_active, notes_eligible, has_notes, sourceid, source_data_through) VALUES ('PT309', 'Unknown', 'Male', 'Caucasian', 'Not Hispanic', 'Midwest', 'East North Central', NULL, NULL, '0', '      ', '', '1', '200701', '201001', '1', 'Y', 'S0115', '202206');
-- 310: Tests 1927 and earlier birth year
INSERT INTO optum_panther_native_test.patient(ptid, birth_yr, gender, race, ethnicity, region, division, avg_hh_income, pct_college_educ, deceased_indicator, date_of_death, provid_pcp, idn_indicator, first_month_active, last_month_active, notes_eligible, has_notes, sourceid, source_data_through) VALUES ('PT310', '1927 and earlier', 'Male', 'Caucasian', 'Not Hispanic', 'Midwest', 'East North Central', NULL, NULL, '0', '      ', '', '1', '200701', '201001', '1', 'Y', 'S0115', '202206');
-- 311: Tests 1930 birth year
INSERT INTO optum_panther_native_test.patient(ptid, birth_yr, gender, race, ethnicity, region, division, avg_hh_income, pct_college_educ, deceased_indicator, date_of_death, provid_pcp, idn_indicator, first_month_active, last_month_active, notes_eligible, has_notes, sourceid, source_data_through) VALUES ('PT311', '1930', 'Male', 'Caucasian', 'Not Hispanic', 'Midwest', 'East North Central', NULL, NULL, '0', '      ', '', '1', '200701', '201001', '1', 'Y', 'S0115', '202206');
-- 312: Tests Asian race
INSERT INTO optum_panther_native_test.patient(ptid, birth_yr, gender, race, ethnicity, region, division, avg_hh_income, pct_college_educ, deceased_indicator, date_of_death, provid_pcp, idn_indicator, first_month_active, last_month_active, notes_eligible, has_notes, sourceid, source_data_through) VALUES ('PT312', '1950', 'Male', 'Asian', 'Not Hispanic', 'Midwest', 'East North Central', NULL, NULL, '0', '      ', '', '1', '200701', '201001', '1', 'Y', 'S0115', '202206');
-- 313: Tests African American race
INSERT INTO optum_panther_native_test.patient(ptid, birth_yr, gender, race, ethnicity, region, division, avg_hh_income, pct_college_educ, deceased_indicator, date_of_death, provid_pcp, idn_indicator, first_month_active, last_month_active, notes_eligible, has_notes, sourceid, source_data_through) VALUES ('PT313', '1950', 'Male', 'African American', 'Not Hispanic', 'Midwest', 'East North Central', NULL, NULL, '0', '      ', '', '1', '200701', '201001', '1', 'Y', 'S0115', '202206');
-- 314: Tests Caucasian race
INSERT INTO optum_panther_native_test.patient(ptid, birth_yr, gender, race, ethnicity, region, division, avg_hh_income, pct_college_educ, deceased_indicator, date_of_death, provid_pcp, idn_indicator, first_month_active, last_month_active, notes_eligible, has_notes, sourceid, source_data_through) VALUES ('PT314', '1950', 'Male', 'Caucasian', 'Not Hispanic', 'Midwest', 'East North Central', NULL, NULL, '0', '      ', '', '1', '200701', '201001', '1', 'Y', 'S0115', '202206');
-- 315: Tests Unknown race
INSERT INTO optum_panther_native_test.patient(ptid, birth_yr, gender, race, ethnicity, region, division, avg_hh_income, pct_college_educ, deceased_indicator, date_of_death, provid_pcp, idn_indicator, first_month_active, last_month_active, notes_eligible, has_notes, sourceid, source_data_through) VALUES ('PT315', '1950', 'Male', 'Other/Unknown', 'Not Hispanic', 'Midwest', 'East North Central', NULL, NULL, '0', '      ', '', '1', '200701', '201001', '1', 'Y', 'S0115', '202206');
-- 316: Tests Hispanic ethnicity, Asian race
INSERT INTO optum_panther_native_test.patient(ptid, birth_yr, gender, race, ethnicity, region, division, avg_hh_income, pct_college_educ, deceased_indicator, date_of_death, provid_pcp, idn_indicator, first_month_active, last_month_active, notes_eligible, has_notes, sourceid, source_data_through) VALUES ('PT316', '1950', 'Male', 'Asian', 'Hispanic', 'Midwest', 'East North Central', NULL, NULL, '0', '      ', '', '1', '200701', '201001', '1', 'Y', 'S0115', '202206');
-- 317: Tests Hispanic ethnicity, African American race
INSERT INTO optum_panther_native_test.patient(ptid, birth_yr, gender, race, ethnicity, region, division, avg_hh_income, pct_college_educ, deceased_indicator, date_of_death, provid_pcp, idn_indicator, first_month_active, last_month_active, notes_eligible, has_notes, sourceid, source_data_through) VALUES ('PT317', '1950', 'Male', 'African American', 'Hispanic', 'Midwest', 'East North Central', NULL, NULL, '0', '      ', '', '1', '200701', '201001', '1', 'Y', 'S0115', '202206');
-- 318: Tests Hispanic ethnicity, Caucasian race
INSERT INTO optum_panther_native_test.patient(ptid, birth_yr, gender, race, ethnicity, region, division, avg_hh_income, pct_college_educ, deceased_indicator, date_of_death, provid_pcp, idn_indicator, first_month_active, last_month_active, notes_eligible, has_notes, sourceid, source_data_through) VALUES ('PT318', '1950', 'Male', 'Caucasian', 'Hispanic', 'Midwest', 'East North Central', NULL, NULL, '0', '      ', '', '1', '200701', '201001', '1', 'Y', 'S0115', '202206');
-- 319: Tests Hispanic ethnicity, unknown race
INSERT INTO optum_panther_native_test.patient(ptid, birth_yr, gender, race, ethnicity, region, division, avg_hh_income, pct_college_educ, deceased_indicator, date_of_death, provid_pcp, idn_indicator, first_month_active, last_month_active, notes_eligible, has_notes, sourceid, source_data_through) VALUES ('PT319', '1950', 'Male', 'Other/Unknown', 'Hispanic', 'Midwest', 'East North Central', NULL, NULL, '0', '      ', '', '1', '200701', '201001', '1', 'Y', 'S0115', '202206');
-- 320: Tests procedure record with proc_code_type CPT4
INSERT INTO optum_panther_native_test.patient(ptid, birth_yr, gender, race, ethnicity, region, division, avg_hh_income, pct_college_educ, deceased_indicator, date_of_death, provid_pcp, idn_indicator, first_month_active, last_month_active, notes_eligible, has_notes, sourceid, source_data_through) VALUES ('PT320', '1950', 'Male', 'Caucasian', 'Not Hispanic', 'Midwest', 'East North Central', NULL, NULL, '0', '      ', '', '1', '200701', '201001', '1', 'Y', 'S0115', '202206');
INSERT INTO optum_panther_native_test.procedure(ptid, encid, proc_date, proc_time, proc_code, proc_desc, proc_code_type, provid_perform, provid_order, betos_code, betos_desc, sourceid) VALUES ('PT320', '', '2009-01-01', '04:00:00', '36415', '', 'CPT4', '', '', '', '', 'S0115');
-- 321: Tests procedure record with proc_code_type HCPCS
INSERT INTO optum_panther_native_test.patient(ptid, birth_yr, gender, race, ethnicity, region, division, avg_hh_income, pct_college_educ, deceased_indicator, date_of_death, provid_pcp, idn_indicator, first_month_active, last_month_active, notes_eligible, has_notes, sourceid, source_data_through) VALUES ('PT321', '1950', 'Male', 'Caucasian', 'Not Hispanic', 'Midwest', 'East North Central', NULL, NULL, '0', '      ', '', '1', '200701', '201001', '1', 'Y', 'S0115', '202206');
INSERT INTO optum_panther_native_test.procedure(ptid, encid, proc_date, proc_time, proc_code, proc_desc, proc_code_type, provid_perform, provid_order, betos_code, betos_desc, sourceid) VALUES ('PT321', '', '2009-01-01', '04:00:00', 'C9743', '', 'HCPCS', '', '', '', '', 'S0115');
-- 322: Tests procedure record with proc_code_type ICD9
INSERT INTO optum_panther_native_test.patient(ptid, birth_yr, gender, race, ethnicity, region, division, avg_hh_income, pct_college_educ, deceased_indicator, date_of_death, provid_pcp, idn_indicator, first_month_active, last_month_active, notes_eligible, has_notes, sourceid, source_data_through) VALUES ('PT322', '1950', 'Male', 'Caucasian', 'Not Hispanic', 'Midwest', 'East North Central', NULL, NULL, '0', '      ', '', '1', '200701', '201001', '1', 'Y', 'S0115', '202206');
INSERT INTO optum_panther_native_test.procedure(ptid, encid, proc_date, proc_time, proc_code, proc_desc, proc_code_type, provid_perform, provid_order, betos_code, betos_desc, sourceid) VALUES ('PT322', '', '2009-01-01', '04:00:00', '33.50', '', 'ICD9', '', '', '', '', 'S0115');
-- 323: Tests procedure record with proc_code_type ICD10
INSERT INTO optum_panther_native_test.patient(ptid, birth_yr, gender, race, ethnicity, region, division, avg_hh_income, pct_college_educ, deceased_indicator, date_of_death, provid_pcp, idn_indicator, first_month_active, last_month_active, notes_eligible, has_notes, sourceid, source_data_through) VALUES ('PT323', '1950', 'Male', 'Caucasian', 'Not Hispanic', 'Midwest', 'East North Central', NULL, NULL, '0', '      ', '', '1', '200701', '201001', '1', 'Y', 'S0115', '202206');
INSERT INTO optum_panther_native_test.procedure(ptid, encid, proc_date, proc_time, proc_code, proc_desc, proc_code_type, provid_perform, provid_order, betos_code, betos_desc, sourceid) VALUES ('PT323', '', '2009-01-01', '04:00:00', '0J8S0', '', 'ICD10', '', '', '', '', 'S0115');
-- 324: Tests procedure type concept
INSERT INTO optum_panther_native_test.patient(ptid, birth_yr, gender, race, ethnicity, region, division, avg_hh_income, pct_college_educ, deceased_indicator, date_of_death, provid_pcp, idn_indicator, first_month_active, last_month_active, notes_eligible, has_notes, sourceid, source_data_through) VALUES ('PT324', '1950', 'Male', 'Caucasian', 'Not Hispanic', 'Midwest', 'East North Central', NULL, NULL, '0', '      ', '', '1', '200701', '201001', '1', 'Y', 'S0115', '202206');
INSERT INTO optum_panther_native_test.procedure(ptid, encid, proc_date, proc_time, proc_code, proc_desc, proc_code_type, provid_perform, provid_order, betos_code, betos_desc, sourceid) VALUES ('PT324', '', '2009-01-01', '04:00:00', '36415', '', 'CPT4', '', '', '', '', 'S0115');
-- 325: Tests procedure record with proc_code_type of blank results in unmapped procedure occurrence
INSERT INTO optum_panther_native_test.patient(ptid, birth_yr, gender, race, ethnicity, region, division, avg_hh_income, pct_college_educ, deceased_indicator, date_of_death, provid_pcp, idn_indicator, first_month_active, last_month_active, notes_eligible, has_notes, sourceid, source_data_through) VALUES ('PT325', '1950', 'Male', 'Caucasian', 'Not Hispanic', 'Midwest', 'East North Central', NULL, NULL, '0', '      ', '', '1', '200701', '201001', '1', 'Y', 'S0115', '202206');
INSERT INTO optum_panther_native_test.procedure(ptid, encid, proc_date, proc_time, proc_code, proc_desc, proc_code_type, provid_perform, provid_order, betos_code, betos_desc, sourceid) VALUES ('PT325', '', '2009-01-01', '04:00:00', '36415', '', '', '', '', '', '', 'S0115');
-- 326: Tests procedure record with proc_code_type CUSTOM results in unmapped procedure occurrence
INSERT INTO optum_panther_native_test.patient(ptid, birth_yr, gender, race, ethnicity, region, division, avg_hh_income, pct_college_educ, deceased_indicator, date_of_death, provid_pcp, idn_indicator, first_month_active, last_month_active, notes_eligible, has_notes, sourceid, source_data_through) VALUES ('PT326', '1950', 'Male', 'Caucasian', 'Not Hispanic', 'Midwest', 'East North Central', NULL, NULL, '0', '      ', '', '1', '200701', '201001', '1', 'Y', 'S0115', '202206');
INSERT INTO optum_panther_native_test.procedure(ptid, encid, proc_date, proc_time, proc_code, proc_desc, proc_code_type, provid_perform, provid_order, betos_code, betos_desc, sourceid) VALUES ('PT326', '', '2009-01-01', '04:00:00', '36415', '', 'CUSTOM', '', '', '', '', 'S0115');
-- 327: Tests procedure record with proc_code_type REV results in unmapped procedure occurrence
INSERT INTO optum_panther_native_test.patient(ptid, birth_yr, gender, race, ethnicity, region, division, avg_hh_income, pct_college_educ, deceased_indicator, date_of_death, provid_pcp, idn_indicator, first_month_active, last_month_active, notes_eligible, has_notes, sourceid, source_data_through) VALUES ('PT327', '1950', 'Male', 'Caucasian', 'Not Hispanic', 'Midwest', 'East North Central', NULL, NULL, '0', '      ', '', '1', '200701', '201001', '1', 'Y', 'S0115', '202206');
INSERT INTO optum_panther_native_test.procedure(ptid, encid, proc_date, proc_time, proc_code, proc_desc, proc_code_type, provid_perform, provid_order, betos_code, betos_desc, sourceid) VALUES ('PT327', '', '2009-01-01', '04:00:00', '36415', '', 'REV', '', '', '', '', 'S0115');
-- 328: Tests procedure record with proc_code_type CLM_UNK results in unmapped procedure occurrence
INSERT INTO optum_panther_native_test.patient(ptid, birth_yr, gender, race, ethnicity, region, division, avg_hh_income, pct_college_educ, deceased_indicator, date_of_death, provid_pcp, idn_indicator, first_month_active, last_month_active, notes_eligible, has_notes, sourceid, source_data_through) VALUES ('PT328', '1950', 'Male', 'Caucasian', 'Not Hispanic', 'Midwest', 'East North Central', NULL, NULL, '0', '      ', '', '1', '200701', '201001', '1', 'Y', 'S0115', '202206');
INSERT INTO optum_panther_native_test.procedure(ptid, encid, proc_date, proc_time, proc_code, proc_desc, proc_code_type, provid_perform, provid_order, betos_code, betos_desc, sourceid) VALUES ('PT328', '', '2009-01-01', '04:00:00', '36415', '', 'CLM_UNK', '', '', '', '', 'S0115');
-- 329: Tests procedure type concept id from diagnosis record
INSERT INTO optum_panther_native_test.patient(ptid, birth_yr, gender, race, ethnicity, region, division, avg_hh_income, pct_college_educ, deceased_indicator, date_of_death, provid_pcp, idn_indicator, first_month_active, last_month_active, notes_eligible, has_notes, sourceid, source_data_through) VALUES ('PT329', '1950', 'Male', 'Caucasian', 'Not Hispanic', 'Midwest', 'East North Central', NULL, NULL, '0', '      ', '', '1', '200701', '201001', '1', 'Y', 'S0115', '202206');
INSERT INTO optum_panther_native_test.diagnosis(ptid, encid, diag_date, diag_time, diagnosis_cd, diagnosis_cd_type, diagnosis_status, poa, admitting_diagnosis, discharge_diagnosis, primary_diagnosis, problem_list, sourceid) VALUES ('PT329', '', '2009-01-01', '04:00:00', '63491', 'ICD9', 'Diagnosis of', '0', '0', '0', '0', 'N', 'S0115');
-- 331: Diagnosis without ''Diagnosis of'' status is not loaded
INSERT INTO optum_panther_native_test.patient(ptid, birth_yr, gender, race, ethnicity, region, division, avg_hh_income, pct_college_educ, deceased_indicator, date_of_death, provid_pcp, idn_indicator, first_month_active, last_month_active, notes_eligible, has_notes, sourceid, source_data_through) VALUES ('PT331', '1950', 'Male', 'Caucasian', 'Not Hispanic', 'Midwest', 'East North Central', NULL, NULL, '0', '      ', '', '1', '200701', '201001', '1', 'Y', 'S0115', '202206');
INSERT INTO optum_panther_native_test.diagnosis(ptid, encid, diag_date, diag_time, diagnosis_cd, diagnosis_cd_type, diagnosis_status, poa, admitting_diagnosis, discharge_diagnosis, primary_diagnosis, problem_list, sourceid) VALUES ('PT331', '', '2009-01-01', '04:00:00', '634.91', 'ICD9', 'Family history of', '0', '0', '0', '0', 'N', 'S0115');
-- 333: Diagnosis record with diagnosis_cd_type ICD9
INSERT INTO optum_panther_native_test.patient(ptid, birth_yr, gender, race, ethnicity, region, division, avg_hh_income, pct_college_educ, deceased_indicator, date_of_death, provid_pcp, idn_indicator, first_month_active, last_month_active, notes_eligible, has_notes, sourceid, source_data_through) VALUES ('PT333', '1950', 'Male', 'Caucasian', 'Not Hispanic', 'Midwest', 'East North Central', NULL, NULL, '0', '      ', '', '1', '200701', '201001', '1', 'Y', 'S0115', '202206');
INSERT INTO optum_panther_native_test.diagnosis(ptid, encid, diag_date, diag_time, diagnosis_cd, diagnosis_cd_type, diagnosis_status, poa, admitting_diagnosis, discharge_diagnosis, primary_diagnosis, problem_list, sourceid) VALUES ('PT333', '', '2009-01-01', '04:00:00', '63491', 'ICD9', 'Diagnosis of', '0', '0', '0', '0', 'N', 'S0115');
-- 335: Diagnosis record with diagnosis_cd_type ICD10
INSERT INTO optum_panther_native_test.patient(ptid, birth_yr, gender, race, ethnicity, region, division, avg_hh_income, pct_college_educ, deceased_indicator, date_of_death, provid_pcp, idn_indicator, first_month_active, last_month_active, notes_eligible, has_notes, sourceid, source_data_through) VALUES ('PT335', '1950', 'Male', 'Caucasian', 'Not Hispanic', 'Midwest', 'East North Central', NULL, NULL, '0', '      ', '', '1', '200701', '201001', '1', 'Y', 'S0115', '202206');
INSERT INTO optum_panther_native_test.diagnosis(ptid, encid, diag_date, diag_time, diagnosis_cd, diagnosis_cd_type, diagnosis_status, poa, admitting_diagnosis, discharge_diagnosis, primary_diagnosis, problem_list, sourceid) VALUES ('PT335', '', '2009-01-01', '04:00:00', 'O04.87', 'ICD10', 'Diagnosis of', '0', '0', '0', '0', 'N', 'S0115');
-- 337: Diagnosis record with diagnosis_cd_type SNOMED
INSERT INTO optum_panther_native_test.patient(ptid, birth_yr, gender, race, ethnicity, region, division, avg_hh_income, pct_college_educ, deceased_indicator, date_of_death, provid_pcp, idn_indicator, first_month_active, last_month_active, notes_eligible, has_notes, sourceid, source_data_through) VALUES ('PT337', '1950', 'Male', 'Caucasian', 'Not Hispanic', 'Midwest', 'East North Central', NULL, NULL, '0', '      ', '', '1', '200701', '201001', '1', 'Y', 'S0115', '202206');
INSERT INTO optum_panther_native_test.diagnosis(ptid, encid, diag_date, diag_time, diagnosis_cd, diagnosis_cd_type, diagnosis_status, poa, admitting_diagnosis, discharge_diagnosis, primary_diagnosis, problem_list, sourceid) VALUES ('PT337', '', '2009-01-01', '04:00:00', '10019001', 'SNOMED', 'Diagnosis of', '0', '0', '0', '0', 'N', 'S0115');
-- 339: Simple Provider Mapping
INSERT INTO optum_panther_native_test.provider(provid, specialty, prim_spec_ind, taxonomy, sourceid) VALUES ('339', 'Internal Medicine', '1', '', 'S0115');
-- 340: Dupe Provider Mapping
INSERT INTO optum_panther_native_test.provider(provid, specialty, prim_spec_ind, taxonomy, sourceid) VALUES ('340', 'Family Medicine', '1', '', 'S0115');
INSERT INTO optum_panther_native_test.provider(provid, specialty, prim_spec_ind, taxonomy, sourceid) VALUES ('340', 'Family Medicine', '1', '', 'S0115');
-- 341: Non-Primary specialty Mapping
INSERT INTO optum_panther_native_test.provider(provid, specialty, prim_spec_ind, taxonomy, sourceid) VALUES ('341', 'Primary Medicine', '1', '', 'S0115');
INSERT INTO optum_panther_native_test.provider(provid, specialty, prim_spec_ind, taxonomy, sourceid) VALUES ('341', 'Emergency Medicine', '0', '', 'S0115');
-- 342: Visit from Diagnosis Test
INSERT INTO optum_panther_native_test.patient(ptid, birth_yr, gender, race, ethnicity, region, division, avg_hh_income, pct_college_educ, deceased_indicator, date_of_death, provid_pcp, idn_indicator, first_month_active, last_month_active, notes_eligible, has_notes, sourceid, source_data_through) VALUES ('PT342', '1933 and Earlier', 'Female', 'Caucasian', 'Not Hispanic', 'Midwest', 'East North Central', NULL, NULL, '0', '      ', '', '1', '200601', '202206', '1', 'Y', 'S0115', '202206');
INSERT INTO optum_panther_native_test.diagnosis(ptid, encid, diag_date, diag_time, diagnosis_cd, diagnosis_cd_type, diagnosis_status, poa, admitting_diagnosis, discharge_diagnosis, primary_diagnosis, problem_list, sourceid) VALUES ('PT342', 'E0000343', '2014-01-26', '04:00:00', '4019', 'ICD9', 'Diagnosis of', '0', '0', '0', '0', 'N', 'S0115');
INSERT INTO optum_panther_native_test.diagnosis(ptid, encid, diag_date, diag_time, diagnosis_cd, diagnosis_cd_type, diagnosis_status, poa, admitting_diagnosis, discharge_diagnosis, primary_diagnosis, problem_list, sourceid) VALUES ('PT342', 'E0000344', '2014-01-26', '04:00:00', '2724', 'ICD9', 'Diagnosis of', '0', '0', '0', '0', 'N', 'S0115');
INSERT INTO optum_panther_native_test.visit(ptid, visitid, visit_type, visit_start_date, visit_start_time, visit_end_date, visit_end_time, discharge_disposition, admission_source, drg, sourceid) VALUES ('PT342', '345', 'Emergency patient', '2014-03-05', '04:00:00', '2014-03-10', '04:00:00', '01 DISCHARGED TO HOME OR SELF CARE', 'Referred by physician or self referral; non-healthcare facility point of origin', '', 'S0115');
INSERT INTO optum_panther_native_test.encounter(ptid, visitid, encid, interaction_type, interaction_date, interaction_time, academic_community_flag, sourceid) VALUES ('PT342', '345', 'E0000343', 'Other patient type', '2014-03-06', '04:00:00', 'U', 'S0115');
INSERT INTO optum_panther_native_test.encounter(ptid, visitid, encid, interaction_type, interaction_date, interaction_time, academic_community_flag, sourceid) VALUES ('PT342', '345', 'E0000344', 'Other patient type', '2014-03-07', '04:00:00', 'U', 'S0115');