TRUNCATE TABLE cprd_native_test.patient;
TRUNCATE TABLE cprd_native_test.practice;
TRUNCATE TABLE cprd_native_test.staff;
TRUNCATE TABLE cprd_native_test.clinical;
TRUNCATE TABLE cprd_native_test.immunisation;
TRUNCATE TABLE cprd_native_test.referral;
TRUNCATE TABLE cprd_native_test.test;
TRUNCATE TABLE cprd_native_test.therapy;
TRUNCATE TABLE cprd_native_test.consultation;
TRUNCATE TABLE cprd_native_test.additional;
TRUNCATE TABLE cprd_native_test.batchnumbers;
TRUNCATE TABLE cprd_native_test.bnfcodes;
TRUNCATE TABLE cprd_native_test.commondosages;
TRUNCATE TABLE cprd_native_test.daysupply_decodes;
TRUNCATE TABLE cprd_native_test.daysupply_modes;
TRUNCATE TABLE cprd_native_test.entity;
TRUNCATE TABLE cprd_native_test.lookup;
TRUNCATE TABLE cprd_native_test.lookuptype;
TRUNCATE TABLE cprd_native_test.medical;
TRUNCATE TABLE cprd_native_test.packtype;
TRUNCATE TABLE cprd_native_test.product;
TRUNCATE TABLE cprd_native_test.scoringmethod;
-- 311: CARE_SITE - Practice_id=301, region=13, id is care_site_id
INSERT INTO cprd_native_test.practice(pracid, region, uts, lcd) VALUES ('311', '13', '2000-01-01', '2016-12-31');
-- 1311: CONDITION_ERA - Patient has Medical records that collapse in the Condition Era table
INSERT INTO cprd_native_test.patient(patid, vmid, gender, yob, mob, marital, famnum, chsreg, prescr, capsup, frd, crd, regstat, reggap, internal, toreason, accept, pracid, birth_date, start_date, end_date) VALUES ('1311', '0', '1', '199', '1', '6', '6894', '2', '0', '0', '1948-07-05', '2010-01-01', '0', '0', '0', '0', '1', '311', '1972-01-01', '2015-01-14', '2018-12-11');
INSERT INTO cprd_native_test.clinical(patid, eventdate, sysdate, constype, consid, medcode, staffid, episode, enttype, adid) VALUES ('1311', '2012-01-01', '2014-06-12', '6', '2591944', '1058', '1001', '4', '2', '0');
INSERT INTO cprd_native_test.clinical(patid, eventdate, sysdate, constype, consid, medcode, staffid, episode, enttype, adid) VALUES ('1311', '2012-01-02', '2014-06-12', '6', '2591944', '1058', '1001', '4', '2', '0');
INSERT INTO cprd_native_test.medical(medcode, read_code) VALUES ('1058', 'F563500');
INSERT INTO cprd_native_test.medical(medcode, read_code) VALUES ('898', 'K17y000');
INSERT INTO cprd_native_test.medical(medcode, read_code) VALUES ('100895', 'N22y700');
INSERT INTO cprd_native_test.medical(medcode, read_code) VALUES ('45999', 'J040.14');
INSERT INTO cprd_native_test.medical(medcode, read_code) VALUES ('11531', 'P00..00');
INSERT INTO cprd_native_test.medical(medcode, read_code) VALUES ('35968', 'PB2z.00');
-- 2311: CONDITION_OCCURRENCE - Read clinical condition with visit, id is person_id
INSERT INTO cprd_native_test.patient(patid, vmid, gender, yob, mob, marital, famnum, chsreg, prescr, capsup, frd, crd, regstat, reggap, internal, toreason, accept, pracid, birth_date, start_date, end_date) VALUES ('2311', '0', '1', '199', '1', '6', '6894', '2', '0', '0', '1948-07-05', '2010-01-01', '0', '0', '0', '0', '1', '311', '1972-01-01', '2015-01-14', '2018-12-11');
INSERT INTO cprd_native_test.clinical(patid, eventdate, sysdate, constype, consid, medcode, staffid, episode, enttype, adid) VALUES ('2311', '2012-01-01', '2014-06-12', '6', '2311', '1058', '1001', '4', '2', '0');
INSERT INTO cprd_native_test.consultation(patid, eventdate, sysdate, constype, consid, staffid, duration) VALUES ('2311', '2012-01-01', '2014-06-12', '9', '2311', '9001', '0');
-- 3311: CONDITION_OCCURRENCE - Read clinical condition, id is person_id
INSERT INTO cprd_native_test.patient(patid, vmid, gender, yob, mob, marital, famnum, chsreg, prescr, capsup, frd, crd, regstat, reggap, internal, toreason, accept, pracid, birth_date, start_date, end_date) VALUES ('3311', '0', '1', '199', '1', '6', '6894', '2', '0', '0', '1948-07-05', '2010-01-01', '0', '0', '0', '0', '1', '311', '1972-01-01', '2015-01-14', '2018-12-11');
INSERT INTO cprd_native_test.clinical(patid, eventdate, sysdate, constype, consid, medcode, staffid, episode, enttype, adid) VALUES ('3311', '2012-03-01', '2014-06-12', '6', '2591944', '898', '1001', '4', '2', '0');
INSERT INTO cprd_native_test.consultation(patid, eventdate, sysdate, constype, staffid, duration) VALUES ('3311', '2012-01-01', '2014-06-12', '9', '9001', '0');
-- 4311: CONDITION_OCCURRENCE - Read clinical condition outside observation period, id is person_id
INSERT INTO cprd_native_test.patient(patid, vmid, gender, yob, mob, marital, famnum, chsreg, prescr, capsup, frd, crd, regstat, reggap, internal, toreason, accept, pracid, birth_date, start_date, end_date) VALUES ('4311', '0', '1', '199', '1', '6', '6894', '2', '0', '0', '1948-07-05', '2010-01-01', '0', '0', '0', '0', '1', '311', '1972-01-01', '2015-01-14', '2018-12-11');
INSERT INTO cprd_native_test.clinical(patid, eventdate, sysdate, constype, consid, medcode, staffid, episode, enttype, adid) VALUES ('4311', '2009-03-01', '2014-06-12', '6', '4311', '898', '1001', '4', '2', '0');
INSERT INTO cprd_native_test.consultation(patid, eventdate, sysdate, constype, consid, staffid, duration) VALUES ('4311', '2009-03-01', '2014-06-12', '9', '4311', '9001', '0');
-- 5311: CONDITION_OCCURRENCE - Read immunisation condition, id is person_id
INSERT INTO cprd_native_test.patient(patid, vmid, gender, yob, mob, marital, famnum, chsreg, prescr, capsup, frd, crd, regstat, reggap, internal, toreason, accept, pracid, birth_date, start_date, end_date) VALUES ('5311', '0', '1', '199', '1', '6', '6894', '2', '0', '0', '1948-07-05', '2010-01-01', '0', '0', '0', '0', '1', '311', '1972-01-01', '2015-01-14', '2018-12-11');
INSERT INTO cprd_native_test.clinical(patid, eventdate, sysdate, constype, consid, medcode, staffid, episode, enttype, adid) VALUES ('5311', '2011-03-01', '2014-06-12', '6', '2591944', '45999', '1001', '4', '2', '0');
-- 6311: CONDITION_OCCURRENCE - Read referral condition, id is person_id
INSERT INTO cprd_native_test.patient(patid, vmid, gender, yob, mob, marital, famnum, chsreg, prescr, capsup, frd, crd, regstat, reggap, internal, toreason, accept, pracid, birth_date, start_date, end_date) VALUES ('6311', '0', '1', '199', '1', '6', '6894', '2', '0', '0', '1948-07-05', '2010-01-01', '0', '0', '0', '0', '1', '311', '1972-01-01', '2015-01-14', '2018-12-11');
INSERT INTO cprd_native_test.referral(patid, eventdate, sysdate, constype, medcode, staffid, source, nhsspec, fhsaspec, inpatient, attendance, urgency) VALUES ('6311', '2011-03-01', '2002-08-02', '4', '11531', '1001', '1', '0', '0', '3', '0', '0');
-- 7888: valid deathdate, id is person_id
INSERT INTO cprd_native_test.patient(patid, vmid, gender, yob, mob, marital, famnum, chsreg, prescr, capsup, frd, crd, regstat, reggap, internal, toreason, deathdate, accept, pracid, birth_date, start_date, end_date) VALUES ('7888', '0', '1', '169', '1', '6', '6894', '2', '0', '0', '1948-07-05', '2009-01-01', '0', '0', '0', '0', '2010-01-01', '1', '888', '1972-01-01', '2015-01-14', '2018-12-11');
-- 8888: invalid: no deathdate, id is person_id
INSERT INTO cprd_native_test.patient(patid, vmid, gender, yob, mob, marital, famnum, chsreg, prescr, capsup, frd, crd, regstat, reggap, internal, toreason, accept, pracid, birth_date, start_date, end_date) VALUES ('8888', '0', '1', '169', '1', '6', '6894', '2', '0', '0', '1948-07-05', '2009-01-01', '0', '0', '0', '0', '1', '888', '1972-01-01', '2015-01-14', '2018-12-11');
-- 9111: drug era with 2 drug records, id is person_id
INSERT INTO cprd_native_test.patient(patid, vmid, gender, yob, mob, marital, famnum, chsreg, prescr, capsup, frd, crd, regstat, reggap, internal, toreason, accept, pracid, birth_date, start_date, end_date) VALUES ('9111', '0', '1', '199', '1', '6', '6894', '2', '0', '0', '1948-07-05', '2010-01-01', '0', '0', '0', '0', '1', '111', '1972-01-01', '2015-01-14', '2018-12-11');
INSERT INTO cprd_native_test.therapy(patid, eventdate, sysdate, prodcode, staffid, dosageid, bnfcode, qty, numdays, numpacks, packtype, issueseq) VALUES ('9111', '2012-01-01', '2015-08-03', '2', '9001', 'c3040f6f7053ae833d9031302c4aff91b685705bbb6dbea198f5dc82fca8106a', '55', '1', '20', '0', '1', '1');
INSERT INTO cprd_native_test.consultation(patid, eventdate, sysdate, constype, staffid, duration) VALUES ('9111', '2012-01-01', '2014-06-12', '9', '9001', '0');
INSERT INTO cprd_native_test.therapy(patid, eventdate, sysdate, prodcode, staffid, dosageid, bnfcode, qty, numdays, numpacks, packtype, issueseq) VALUES ('9111', '2012-01-20', '2015-08-03', '2', '9001', 'c3040f6f7053ae833d9031302c4aff91b685705bbb6dbea198f5dc82fca8106a', '55', '1', '30', '0', '1', '1');
-- 10111: drug era with multilex drug code id is person_id
INSERT INTO cprd_native_test.product(prodcode, gemscriptcode, productname, bnf, bnf_with_dots, bnfchapter) VALUES ('2232', '90473020', 'Ibuprofen lysine 400mg tablets', '00000000', '00.00.00.00', 'Unknown');
INSERT INTO cprd_native_test.patient(patid, vmid, gender, yob, mob, marital, famnum, chsreg, prescr, capsup, frd, crd, regstat, reggap, internal, toreason, accept, pracid, birth_date, start_date, end_date) VALUES ('10111', '0', '1', '199', '1', '6', '6894', '2', '0', '0', '1948-07-05', '2010-01-01', '0', '0', '0', '0', '1', '111', '1972-01-01', '2015-01-14', '2018-12-11');
INSERT INTO cprd_native_test.therapy(patid, eventdate, sysdate, prodcode, staffid, dosageid, bnfcode, qty, numdays, numpacks, packtype, issueseq) VALUES ('10111', '2012-01-31', '2015-08-03', '2232', '9001', 'c3040f6f7053ae833d9031302c4aff91b685705bbb6dbea198f5dc82fca8106a', '55', '1', '30', '0', '1', '1');
INSERT INTO cprd_native_test.product(prodcode, gemscriptcode, bnf, bnf_with_dots, bnfchapter) VALUES ('2', '58976020', '00000000', '00.00.00.00', 'Unknown');
INSERT INTO cprd_native_test.product(prodcode, gemscriptcode, bnf, bnf_with_dots, bnfchapter) VALUES ('9999', '93680020', '00000000', '00.00.00.00', 'Unknown');
INSERT INTO cprd_native_test.product(prodcode, gemscriptcode, bnf, bnf_with_dots, bnfchapter) VALUES ('46190', '99978020', '00000000', '00.00.00.00', 'Unknown');
-- 11311: DRUG_EXPOSURE - testing the lookup for numdays does correct end date start+28 days, id is person_id
INSERT INTO cprd_native_test.daysupply_decodes(prodcode, daily_dose, qty, numpacks, numdays) VALUES ('2', '0.000', '1', '0', '29');
INSERT INTO cprd_native_test.commondosages(dosageid, dosage_text, daily_dose, dose_number, dose_frequency, dose_interval, choice_of_dose, dose_max_average, change_dose, dose_duration) VALUES ('2', '<OTHER>', '0', '1.000', '1.000', '1.000', '0', '0', '0', '0.000');
INSERT INTO cprd_native_test.patient(patid, vmid, gender, yob, mob, marital, famnum, chsreg, prescr, capsup, frd, crd, regstat, reggap, internal, toreason, accept, pracid, birth_date, start_date, end_date) VALUES ('11311', '0', '1', '199', '1', '6', '6894', '2', '0', '0', '1948-07-05', '2010-01-01', '0', '0', '0', '0', '1', '311', '1972-01-01', '2015-01-14', '2018-12-11');
INSERT INTO cprd_native_test.therapy(patid, eventdate, sysdate, prodcode, staffid, dosageid, bnfcode, qty, numdays, numpacks, packtype, issueseq) VALUES ('11311', '2012-01-01', '2015-08-03', '2', '9001', '2', '55', '1', '0', '0', '1', '1');
INSERT INTO cprd_native_test.consultation(patid, eventdate, sysdate, constype, staffid, duration) VALUES ('11311', '2012-01-01', '2014-06-12', '9', '9001', '0');
-- 12311: DRUG_EXPOSURE - testing when there is no lookup available default to start dte, id is person_id
INSERT INTO cprd_native_test.patient(patid, vmid, gender, yob, mob, marital, famnum, chsreg, prescr, capsup, frd, crd, regstat, reggap, internal, toreason, accept, pracid, birth_date, start_date, end_date) VALUES ('12311', '0', '1', '199', '1', '6', '6894', '2', '0', '0', '1948-07-05', '2010-01-01', '0', '0', '0', '0', '1', '311', '1972-01-01', '2015-01-14', '2018-12-11');
INSERT INTO cprd_native_test.therapy(patid, eventdate, sysdate, prodcode, staffid, dosageid, bnfcode, qty, numdays, numpacks, packtype, issueseq) VALUES ('12311', '2012-01-01', '2015-08-03', '42', '9001', 'c3040f6f7053ae833d9031302c4aff91b685705bbb6dbea198f5dc82fca8106a', '55', '1', '0', '0', '1', '1');
INSERT INTO cprd_native_test.consultation(patid, eventdate, sysdate, constype, staffid, duration) VALUES ('12311', '2012-01-01', '2014-06-12', '9', '9001', '0');
-- 13311: DRUG_EXPOSURE- The drug records comes in without a valid days supply, no lookup in DAYSSUPPLY_DECODES, no lookups in DAYSSUPPLY_MODES, assume 1 day duration.Id is person_id
INSERT INTO cprd_native_test.patient(patid, vmid, gender, yob, mob, marital, famnum, chsreg, prescr, capsup, frd, crd, regstat, reggap, internal, toreason, accept, pracid, birth_date, start_date, end_date) VALUES ('13311', '0', '1', '199', '1', '6', '6894', '2', '0', '0', '1948-07-05', '2010-01-01', '0', '0', '0', '0', '1', '311', '1972-01-01', '2015-01-14', '2018-12-11');
INSERT INTO cprd_native_test.therapy(patid, eventdate, sysdate, prodcode, staffid, dosageid, bnfcode, qty, numdays, numpacks, packtype, issueseq) VALUES ('13311', '2012-01-01', '2015-08-03', '9999', '9001', 'c3040f6f7053ae833d9031302c4aff91b685705bbb6dbea198f5dc82fca8106a', '55', '1', '0', '0', '1', '1');
INSERT INTO cprd_native_test.consultation(patid, eventdate, sysdate, constype, staffid, duration) VALUES ('13311', '2012-01-01', '2014-06-12', '9', '9001', '0');
-- 14311: DRUG_EXPOSURE - testing end date: You have a THERAPY.NUMDAYS = 40. Id is person_id
INSERT INTO cprd_native_test.patient(patid, vmid, gender, yob, mob, marital, famnum, chsreg, prescr, capsup, frd, crd, regstat, reggap, internal, toreason, accept, pracid, birth_date, start_date, end_date) VALUES ('14311', '0', '1', '199', '1', '6', '6894', '2', '0', '0', '1948-07-05', '2010-01-01', '0', '0', '0', '0', '1', '311', '1972-01-01', '2015-01-14', '2018-12-11');
INSERT INTO cprd_native_test.therapy(patid, eventdate, sysdate, prodcode, staffid, dosageid, bnfcode, qty, numdays, numpacks, packtype, issueseq) VALUES ('14311', '2012-01-01', '2015-08-03', '2', '9001', 'c3040f6f7053ae833d9031302c4aff91b685705bbb6dbea198f5dc82fca8106a', '55', '1', '40', '0', '1', '1');
INSERT INTO cprd_native_test.consultation(patid, eventdate, sysdate, constype, staffid, duration) VALUES ('14311', '2012-01-01', '2014-06-12', '9', '9001', '0');
-- 15311: DRUG_EXPOSURE - testing end date: You have a THERAPY.NUMDAYS = 366 - show correct to 29 days using lookup. Id is person_id
INSERT INTO cprd_native_test.patient(patid, vmid, gender, yob, mob, marital, famnum, chsreg, prescr, capsup, frd, crd, regstat, reggap, internal, toreason, accept, pracid, birth_date, start_date, end_date) VALUES ('15311', '0', '1', '199', '1', '6', '6894', '2', '0', '0', '1948-07-05', '2010-01-01', '0', '0', '0', '0', '1', '311', '1972-01-01', '2015-01-14', '2018-12-11');
INSERT INTO cprd_native_test.therapy(patid, eventdate, sysdate, prodcode, staffid, dosageid, bnfcode, qty, numdays, numpacks, packtype, issueseq) VALUES ('15311', '2012-01-01', '2015-08-03', '2', '9001', 'c3040f6f7053ae833d9031302c4aff91b685705bbb6dbea198f5dc82fca8106a', '55', '1', '366', '0', '1', '1');
INSERT INTO cprd_native_test.consultation(patid, eventdate, sysdate, constype, staffid, duration) VALUES ('15311', '2012-01-01', '2014-06-12', '9', '9001', '0');
-- 16311: DRUG_EXPOSURE - Test visit_occurrence_id: Drug is written to DRUG_EXPOSURE. Id is person_Id
INSERT INTO cprd_native_test.patient(patid, vmid, gender, yob, mob, marital, famnum, chsreg, prescr, capsup, frd, crd, regstat, reggap, internal, toreason, accept, pracid, birth_date, start_date, end_date) VALUES ('16311', '0', '1', '199', '1', '6', '6894', '2', '0', '0', '1948-07-05', '2010-01-01', '0', '0', '0', '0', '1', '311', '1972-01-01', '2015-01-14', '2018-12-11');
INSERT INTO cprd_native_test.therapy(patid, eventdate, sysdate, prodcode, staffid, dosageid, bnfcode, qty, numdays, numpacks, packtype, issueseq) VALUES ('16311', '2012-03-12', '2015-08-03', '2', '9001', 'c3040f6f7053ae833d9031302c4aff91b685705bbb6dbea198f5dc82fca8106a', '55', '1', '366', '0', '1', '1');
INSERT INTO cprd_native_test.consultation(patid, eventdate, sysdate, constype, staffid, duration) VALUES ('16311', '2012-03-12', '2014-06-12', '9', '9001', '0');
-- 17311: DRUG_EXPOSURE - Drug date does exist within a valid observation period but does not have a consultation date. Id is person_id
INSERT INTO cprd_native_test.patient(patid, vmid, gender, yob, mob, marital, famnum, chsreg, prescr, capsup, frd, crd, regstat, reggap, internal, toreason, accept, pracid, birth_date, start_date, end_date) VALUES ('17311', '0', '1', '199', '1', '6', '6894', '2', '0', '0', '1948-07-05', '2010-01-01', '0', '0', '0', '0', '1', '311', '1972-01-01', '2015-01-14', '2018-12-11');
INSERT INTO cprd_native_test.therapy(patid, eventdate, sysdate, prodcode, staffid, dosageid, bnfcode, qty, numdays, numpacks, packtype, issueseq) VALUES ('17311', '2012-01-01', '2015-08-03', '2', '9001', 'c3040f6f7053ae833d9031302c4aff91b685705bbb6dbea198f5dc82fca8106a', '55', '1', '366', '0', '1', '1');
-- 18311: DRUG_EXPOSURE - PRODCODE = -1 - invalid.
INSERT INTO cprd_native_test.patient(patid, vmid, gender, yob, mob, marital, famnum, chsreg, prescr, capsup, frd, crd, regstat, reggap, internal, toreason, accept, pracid, birth_date, start_date, end_date) VALUES ('18311', '0', '1', '199', '1', '6', '6894', '2', '0', '0', '1948-07-05', '2010-01-01', '0', '0', '0', '0', '1', '311', '1972-01-01', '2015-01-14', '2018-12-11');
INSERT INTO cprd_native_test.therapy(patid, eventdate, sysdate, prodcode, staffid, dosageid, bnfcode, qty, numdays, numpacks, packtype, issueseq) VALUES ('18311', '2012-01-01', '2015-08-03', '-1', '9001', 'c3040f6f7053ae833d9031302c4aff91b685705bbb6dbea198f5dc82fca8106a', '55', '1', '366', '0', '1', '1');
INSERT INTO cprd_native_test.consultation(patid, eventdate, sysdate, constype, staffid, duration) VALUES ('18311', '2012-01-01', '2014-06-12', '9', '9001', '0');
INSERT INTO cprd_native_test.medical(medcode, read_code) VALUES ('72', '65F5.00');
INSERT INTO cprd_native_test.medical(medcode, read_code) VALUES ('28', '6564.00');
INSERT INTO cprd_native_test.medical(medcode, read_code) VALUES ('58', '65B..00');
-- 19311: DRUG_EXPOSURE - Invalid status, id = person_Id
INSERT INTO cprd_native_test.patient(patid, vmid, gender, yob, mob, marital, famnum, chsreg, prescr, capsup, frd, crd, regstat, reggap, internal, toreason, accept, pracid, birth_date, start_date, end_date) VALUES ('19311', '0', '1', '199', '1', '6', '6894', '2', '0', '0', '1948-07-05', '2010-01-01', '0', '0', '0', '0', '1', '311', '1972-01-01', '2015-01-14', '2018-12-11');
INSERT INTO cprd_native_test.immunisation(patid, eventdate, sysdate, constype, medcode, staffid, immstype, stage, status, compound, source, reason, method, batch) VALUES ('19311', '2012-01-01', '2014-07-09', '4', '72', '1001', '1', '2', '4', '0', '1', '3', '1', '0');
INSERT INTO cprd_native_test.medical(medcode, read_code) VALUES ('1', '65M2.00');
-- 20311: DRUG_EXPOSURE - valid immunization with visit, id is person_id
INSERT INTO cprd_native_test.patient(patid, vmid, gender, yob, mob, marital, famnum, chsreg, prescr, capsup, frd, crd, regstat, reggap, internal, toreason, accept, pracid, birth_date, start_date, end_date) VALUES ('20311', '0', '1', '199', '1', '6', '6894', '2', '0', '0', '1948-07-05', '2010-01-01', '0', '0', '0', '0', '1', '311', '1972-01-01', '2015-01-14', '2018-12-11');
INSERT INTO cprd_native_test.immunisation(patid, eventdate, sysdate, constype, medcode, staffid, immstype, stage, status, compound, source, reason, method, batch) VALUES ('20311', '2012-01-01', '2014-07-09', '4', '1', '1001', '1', '2', '1', '0', '1', '3', '1', '0');
INSERT INTO cprd_native_test.consultation(patid, eventdate, sysdate, constype, staffid, duration) VALUES ('20311', '2012-01-01', '2014-06-12', '9', '9001', '0');
-- 21311: DRUG_EXPOSURE - valid immunization without visit - null visit_occur_id
INSERT INTO cprd_native_test.patient(patid, vmid, gender, yob, mob, marital, famnum, chsreg, prescr, capsup, frd, crd, regstat, reggap, internal, toreason, accept, pracid, birth_date, start_date, end_date) VALUES ('21311', '0', '1', '199', '1', '6', '6894', '2', '0', '0', '1948-07-05', '2010-01-01', '0', '0', '0', '0', '1', '311', '1972-01-01', '2015-01-14', '2018-12-11');
INSERT INTO cprd_native_test.immunisation(patid, eventdate, sysdate, constype, medcode, staffid, immstype, stage, status, compound, source, reason, method, batch) VALUES ('21311', '2012-01-01', '2014-07-09', '4', '1', '1001', '1', '2', '1', '0', '1', '3', '1', '0');
-- 22311: DRUG_EXPOSURE - Read  outside observation period, id = person_id
INSERT INTO cprd_native_test.patient(patid, vmid, gender, yob, mob, marital, famnum, chsreg, prescr, capsup, frd, crd, regstat, reggap, internal, toreason, accept, pracid, birth_date, start_date, end_date) VALUES ('22311', '0', '1', '199', '1', '6', '6894', '2', '0', '0', '1948-07-05', '2010-01-01', '0', '0', '0', '0', '1', '311', '1972-01-01', '2015-01-14', '2018-12-11');
INSERT INTO cprd_native_test.clinical(patid, eventdate, sysdate, constype, consid, medcode, staffid, episode, enttype, adid) VALUES ('22311', '2009-03-01', '2014-06-12', '6', '2591944', '1', '1001', '4', '2', '0');
-- 23311: DRUG_EXPOSURE - immunization read code condition goes into conditions, id = person_id
INSERT INTO cprd_native_test.patient(patid, vmid, gender, yob, mob, marital, famnum, chsreg, prescr, capsup, frd, crd, regstat, reggap, internal, toreason, accept, pracid, birth_date, start_date, end_date) VALUES ('23311', '0', '1', '199', '1', '6', '6894', '2', '0', '0', '1948-07-05', '2010-01-01', '0', '0', '0', '0', '1', '311', '1972-01-01', '2015-01-14', '2018-12-11');
INSERT INTO cprd_native_test.immunisation(patid, eventdate, sysdate, constype, medcode, staffid, immstype, stage, status, compound, source, reason, method, batch) VALUES ('23311', '2009-03-01', '2014-07-09', '4', '1058', '1001', '1', '2', '1', '0', '1', '3', '1', '0');
-- 24311: DRUG_EXPOSURE - valid read from clinical, id = patient$person_id
INSERT INTO cprd_native_test.patient(patid, vmid, gender, yob, mob, marital, famnum, chsreg, prescr, capsup, frd, crd, regstat, reggap, internal, toreason, accept, pracid, birth_date, start_date, end_date) VALUES ('24311', '0', '1', '199', '1', '6', '6894', '2', '0', '0', '1948-07-05', '2010-01-01', '0', '0', '0', '0', '1', '311', '1972-01-01', '2015-01-14', '2018-12-11');
INSERT INTO cprd_native_test.clinical(patid, eventdate, sysdate, constype, consid, medcode, staffid, episode, enttype, adid) VALUES ('24311', '2010-03-01', '2014-06-12', '6', '2591944', '1', '1001', '4', '2', '0');
-- 25311: DRUG_EXPOSURE - valid read from referral, id = person_id
INSERT INTO cprd_native_test.patient(patid, vmid, gender, yob, mob, marital, famnum, chsreg, prescr, capsup, frd, crd, regstat, reggap, internal, toreason, accept, pracid, birth_date, start_date, end_date) VALUES ('25311', '0', '1', '199', '1', '6', '6894', '2', '0', '0', '1948-07-05', '2010-01-01', '0', '0', '0', '0', '1', '311', '1972-01-01', '2015-01-14', '2018-12-11');
INSERT INTO cprd_native_test.referral(patid, eventdate, sysdate, constype, medcode, staffid, source, nhsspec, fhsaspec, inpatient, attendance, urgency) VALUES ('25311', '2010-03-01', '2002-08-02', '4', '1', '1001', '1', '0', '0', '3', '0', '0');
-- 26311: DRUG_EXPOSURE - valid entry, id is person_id
INSERT INTO cprd_native_test.patient(patid, vmid, gender, yob, mob, marital, famnum, chsreg, prescr, capsup, frd, crd, regstat, reggap, internal, toreason, accept, pracid, birth_date, start_date, end_date) VALUES ('26311', '0', '1', '199', '1', '6', '6894', '2', '0', '0', '1948-07-05', '2010-01-01', '0', '0', '0', '0', '1', '311', '1972-01-01', '2015-01-14', '2018-12-11');
INSERT INTO cprd_native_test.clinical(patid, eventdate, sysdate, constype, consid, medcode, staffid, episode, enttype, adid) VALUES ('26311', '2010-03-01', '2014-06-12', '6', '2591944', '1', '1001', '4', '2', '0');
-- 27311: DRUG_EXPOSURE - valid entry, id is person_id
INSERT INTO cprd_native_test.patient(patid, vmid, gender, yob, mob, marital, famnum, chsreg, prescr, capsup, frd, crd, regstat, reggap, internal, toreason, accept, pracid, birth_date, start_date, end_date) VALUES ('27311', '0', '1', '199', '1', '6', '6894', '2', '0', '0', '1948-07-05', '2010-01-01', '0', '0', '0', '0', '1', '311', '1972-01-01', '2015-01-14', '2018-12-11');
INSERT INTO cprd_native_test.clinical(patid, eventdate, sysdate, constype, consid, medcode, staffid, episode, enttype, adid) VALUES ('27311', '2010-03-01', '2014-06-12', '6', '2591944', '1', '1001', '4', '2', '0');
INSERT INTO cprd_native_test.medical(medcode, read_code) VALUES ('25169', '9b20.00');
-- 28311: valid entry for device exposure, id is person_id
INSERT INTO cprd_native_test.patient(patid, vmid, gender, yob, mob, marital, famnum, chsreg, prescr, capsup, frd, crd, regstat, reggap, internal, toreason, accept, pracid, birth_date, start_date, end_date) VALUES ('28311', '0', '1', '199', '1', '6', '6894', '2', '0', '0', '1948-07-05', '2010-01-01', '0', '0', '0', '0', '1', '311', '1972-01-01', '2015-01-14', '2018-12-11');
INSERT INTO cprd_native_test.immunisation(patid, eventdate, sysdate, constype, medcode, staffid, immstype, stage, status, compound, source, reason, method, batch) VALUES ('28311', '2012-01-01', '2014-07-09', '4', '25169', '1001', '1', '2', '1', '0', '1', '3', '1', '0');
-- 29311: You have a valid PRODCODE but doesnt get an VOCAB mapping.PRODCODE = 46190. Id is person_Id
INSERT INTO cprd_native_test.patient(patid, vmid, gender, yob, mob, marital, famnum, chsreg, prescr, capsup, frd, crd, regstat, reggap, internal, toreason, accept, pracid, birth_date, start_date, end_date) VALUES ('29311', '0', '1', '199', '1', '6', '6894', '2', '0', '0', '1948-07-05', '2010-01-01', '0', '0', '0', '0', '1', '311', '1972-01-01', '2015-01-14', '2018-12-11');
INSERT INTO cprd_native_test.therapy(patid, eventdate, sysdate, prodcode, staffid, dosageid, bnfcode, qty, numdays, numpacks, packtype, issueseq) VALUES ('29311', '2012-01-01', '2015-08-03', '46190', '9001', 'c3040f6f7053ae833d9031302c4aff91b685705bbb6dbea198f5dc82fca8106a', '55', '1', '366', '0', '1', '1');
INSERT INTO cprd_native_test.consultation(patid, eventdate, sysdate, constype, staffid, duration) VALUES ('29311', '2012-01-01', '2014-06-12', '9', '9001', '0');
INSERT INTO cprd_native_test.medical(medcode, read_code) VALUES ('445', '424Z.00');
-- 30311: testing without hes to give visit_occurrence_id is null - clinical procedure without visit, id is person_id
INSERT INTO cprd_native_test.patient(patid, vmid, gender, yob, mob, marital, famnum, chsreg, prescr, capsup, frd, crd, regstat, reggap, internal, toreason, accept, pracid, birth_date, start_date, end_date) VALUES ('30311', '0', '1', '199', '1', '6', '6894', '2', '0', '0', '1948-07-05', '2010-01-01', '0', '0', '0', '0', '1', '311', '1972-01-01', '2015-01-14', '2018-12-11');
INSERT INTO cprd_native_test.clinical(patid, eventdate, sysdate, constype, consid, medcode, staffid, episode, enttype, adid) VALUES ('30311', '2012-01-01', '2014-06-12', '6', '2591944', '445', '1001', '4', '2', '0');
-- 31311: Now test gold observation outside patient observation to exclude
INSERT INTO cprd_native_test.patient(patid, vmid, gender, yob, mob, marital, famnum, chsreg, prescr, capsup, frd, crd, regstat, reggap, internal, toreason, accept, pracid, birth_date, start_date, end_date) VALUES ('31311', '0', '1', '199', '1', '6', '6894', '2', '0', '0', '1948-07-05', '2010-01-01', '0', '0', '0', '0', '1', '311', '1972-01-01', '2015-01-14', '2018-12-11');
INSERT INTO cprd_native_test.clinical(patid, eventdate, sysdate, constype, consid, medcode, staffid, episode, enttype, adid) VALUES ('31311', '2009-01-01', '2014-06-12', '6', '2591944', '445', '1001', '4', '2', '0');
INSERT INTO cprd_native_test.consultation(patid, eventdate, sysdate, constype, staffid, duration) VALUES ('31311', '2009-01-01', '2014-06-12', '9', '9001', '0');
-- 32311: immunisation procedure, id is person_id
INSERT INTO cprd_native_test.patient(patid, vmid, gender, yob, mob, marital, famnum, chsreg, prescr, capsup, frd, crd, regstat, reggap, internal, toreason, accept, pracid, birth_date, start_date, end_date) VALUES ('32311', '0', '1', '199', '1', '6', '6894', '2', '0', '0', '1948-07-05', '2010-01-01', '0', '0', '0', '0', '1', '311', '1972-01-01', '2015-01-14', '2018-12-11');
INSERT INTO cprd_native_test.immunisation(patid, eventdate, sysdate, constype, medcode, staffid, immstype, stage, status, compound, source, reason, method, batch) VALUES ('32311', '2011-03-01', '2014-07-09', '4', '445', '1001', '1', '2', '1', '0', '1', '3', '1', '0');
-- 33311: referral procedure, id is person_Id
INSERT INTO cprd_native_test.patient(patid, vmid, gender, yob, mob, marital, famnum, chsreg, prescr, capsup, frd, crd, regstat, reggap, internal, toreason, accept, pracid, birth_date, start_date, end_date) VALUES ('33311', '0', '1', '199', '1', '6', '6894', '2', '0', '0', '1948-07-05', '2010-01-01', '0', '0', '0', '0', '1', '311', '1972-01-01', '2015-01-14', '2018-12-11');
INSERT INTO cprd_native_test.referral(patid, eventdate, sysdate, constype, medcode, staffid, source, nhsspec, fhsaspec, inpatient, attendance, urgency) VALUES ('33311', '2011-03-01', '2002-08-02', '4', '445', '1001', '1', '0', '0', '3', '0', '0');
-- 34311: test procedure, id is person_id
INSERT INTO cprd_native_test.patient(patid, vmid, gender, yob, mob, marital, famnum, chsreg, prescr, capsup, frd, crd, regstat, reggap, internal, toreason, accept, pracid, birth_date, start_date, end_date) VALUES ('34311', '0', '1', '199', '1', '6', '6894', '2', '0', '0', '1948-07-05', '2010-01-01', '0', '0', '0', '0', '1', '311', '1972-01-01', '2015-01-14', '2018-12-11');
INSERT INTO cprd_native_test.test(patid, eventdate, staffid, sysdate, constype, medcode, enttype, data1, data3, data4, data7) VALUES ('34311', '2011-03-01', '1001', '2014-06-12', '2', '445', '215', '9', '96.000', '0.000', '0');
INSERT INTO cprd_native_test.entity(code, description, filetype, category, data_fields, data1, data1lkup, data2, data3, data4) VALUES ('215', 'Clotting Tests', 'Test', 'Haematology', '4', 'Qualifier', 'TQU', 'Normal range from', 'Normal range to', 'Normal range basis');
-- 35311: test observation record 4 fields no range values, id is person_id
INSERT INTO cprd_native_test.patient(patid, vmid, gender, yob, mob, marital, famnum, chsreg, prescr, capsup, frd, crd, regstat, reggap, internal, toreason, accept, pracid, birth_date, start_date, end_date) VALUES ('35311', '0', '1', '199', '1', '6', '6894', '2', '0', '0', '1948-07-05', '2010-01-01', '0', '0', '0', '0', '1', '311', '1972-01-01', '2015-01-14', '2018-12-11');
INSERT INTO cprd_native_test.test(patid, eventdate, staffid, sysdate, constype, medcode, enttype, data1, data4) VALUES ('35311', '2012-01-01', '1001', '2014-06-12', '2', '445', '220', '25', '0');
INSERT INTO cprd_native_test.entity(code, description, filetype, category, data_fields, data1, data1lkup, data2, data3, data4) VALUES ('220', 'Full blood count', 'Test', 'Haematology', '4', 'Qualifier', 'TQU', 'Normal range from', 'Normal range to', 'Normal range basis');
INSERT INTO cprd_native_test.lookup(lookup_id, lookup_type_id, code, text) VALUES ('1172', '85', '25', 'Normal');
INSERT INTO cprd_native_test.lookuptype(lookup_type_id, name, description) VALUES ('85', 'TQU', 'dfbdfb');
-- 36311: test observation record 4 fields range low test, id is person_id
INSERT INTO cprd_native_test.patient(patid, vmid, gender, yob, mob, marital, famnum, chsreg, prescr, capsup, frd, crd, regstat, reggap, internal, toreason, accept, pracid, birth_date, start_date, end_date) VALUES ('36311', '0', '1', '199', '1', '6', '6894', '2', '0', '0', '1948-07-05', '2010-01-01', '0', '0', '0', '0', '1', '311', '1972-01-01', '2015-01-14', '2018-12-11');
INSERT INTO cprd_native_test.test(patid, eventdate, staffid, sysdate, constype, medcode, enttype, data1, data2, data4) VALUES ('36311', '2012-01-01', '1001', '2014-06-12', '2', '445', '220', '25', '1.2', '0');
-- 37311: test observation record 4 fields range high test, id is person_id
INSERT INTO cprd_native_test.patient(patid, vmid, gender, yob, mob, marital, famnum, chsreg, prescr, capsup, frd, crd, regstat, reggap, internal, toreason, accept, pracid, birth_date, start_date, end_date) VALUES ('37311', '0', '1', '199', '1', '6', '6894', '2', '0', '0', '1948-07-05', '2010-01-01', '0', '0', '0', '0', '1', '311', '1972-01-01', '2015-01-14', '2018-12-11');
INSERT INTO cprd_native_test.test(patid, eventdate, staffid, sysdate, constype, medcode, enttype, data1, data3, data4) VALUES ('37311', '2012-01-01', '1001', '2014-06-12', '2', '445', '220', '25', '4.3', '0');
-- 38311: test observation record 7 fields, id is person_id
INSERT INTO cprd_native_test.patient(patid, vmid, gender, yob, mob, marital, famnum, chsreg, prescr, capsup, frd, crd, regstat, reggap, internal, toreason, accept, pracid, birth_date, start_date, end_date) VALUES ('38311', '0', '1', '199', '1', '6', '6894', '2', '0', '0', '1948-07-05', '2010-01-01', '0', '0', '0', '0', '1', '311', '1972-01-01', '2015-01-14', '2018-12-11');
INSERT INTO cprd_native_test.test(patid, eventdate, staffid, sysdate, constype, medcode, enttype, data1, data2, data3, data4, data5, data6, data7) VALUES ('38311', '2012-01-01', '1001', '2014-06-12', '2', '4', '173', '3', '14.3', '56', '0', '11.5', '16.5', '0');
INSERT INTO cprd_native_test.medical(medcode, read_code, description) VALUES ('4', '42VZ.00', 'Haemoglobin estimation');
INSERT INTO cprd_native_test.entity(code, description, filetype, category, data_fields, data1, data1lkup, data2, data3, data3lkup, data4, data4lkup, data5, data6, data7, data7lkup) VALUES ('173', 'Haemoglobin', 'Test', 'Haematology', '7', 'Operator', 'OPR', 'Value', 'Unit of measure', 'SUM', 'Qualifier', 'TQU', 'Normal range from', 'Normal range to', 'Normal range basis', 'POP');
INSERT INTO cprd_native_test.lookup(lookup_id, lookup_type_id, code, text) VALUES ('609', '56', '3', '=');
INSERT INTO cprd_native_test.lookuptype(lookup_type_id, name, description) VALUES ('56', 'OPR', 'afdafa');
INSERT INTO cprd_native_test.lookup(lookup_id, lookup_type_id, code, text) VALUES ('911', '83', '56', 'g/dL');
INSERT INTO cprd_native_test.lookuptype(lookup_type_id, name, description) VALUES ('83', 'SUM', 'gdfhdh');
INSERT INTO cprd_native_test.lookup(lookup_id, lookup_type_id, code, text) VALUES ('1147', '85', '0', 'Data Not Entered');
-- 39311: test observation record enttype=284, id is person_id
INSERT INTO cprd_native_test.patient(patid, vmid, gender, yob, mob, marital, famnum, chsreg, prescr, capsup, frd, crd, regstat, reggap, internal, toreason, accept, pracid, birth_date, start_date, end_date) VALUES ('39311', '0', '1', '199', '1', '6', '6894', '2', '0', '0', '1948-07-05', '2010-01-01', '0', '0', '0', '0', '1', '311', '1972-01-01', '2015-01-14', '2018-12-11');
INSERT INTO cprd_native_test.test(patid, eventdate, staffid, sysdate, constype, medcode, enttype, data1, data2, data3, data4, data7, data8_date) VALUES ('39311', '2012-01-01', '1001', '2014-06-12', '2', '4', '284', '3', '14', '61', '0', '0', '1998-12-17');
INSERT INTO cprd_native_test.entity(code, description, filetype, category, data_fields, data1, data1lkup, data2, data3, data3lkup, data4, data4lkup, data5, data6, data7, data7lkup, data8, data8lkup) VALUES ('284', 'Maternity ultra sound scan', 'Test', 'Maternity', '8', 'Operator', 'OPR', 'Estimated size in wks', 'Unit of measure', 'SUM', 'Qualifier', 'TQU', 'Normal range from', 'Normal range to', 'Normal range basis', 'POP', 'Expected delivery date', 'dd/mm/yyyy');
INSERT INTO cprd_native_test.lookup(lookup_id, lookup_type_id, code, text) VALUES ('916', '83', '61', 'IU/L');
-- 40311: test observation record enttype=311, id is person_id
INSERT INTO cprd_native_test.patient(patid, vmid, gender, yob, mob, marital, famnum, chsreg, prescr, capsup, frd, crd, regstat, reggap, internal, toreason, accept, pracid, birth_date, start_date, end_date) VALUES ('40311', '0', '1', '199', '1', '6', '6894', '2', '0', '0', '1948-07-05', '2010-01-01', '0', '0', '0', '0', '1', '311', '1972-01-01', '2015-01-14', '2018-12-11');
INSERT INTO cprd_native_test.test(patid, eventdate, staffid, sysdate, constype, medcode, enttype, data1, data2, data3, data4, data7) VALUES ('40311', '2012-01-01', '1001', '2014-06-12', '2', '4', '311', '3', '120', '71', '0', '1');
INSERT INTO cprd_native_test.entity(code, description, filetype, category, data_fields, data1, data1lkup, data2, data3, data3lkup, data4, data4lkup, data5, data6, data7, data7lkup) VALUES ('311', 'PF current', 'Test', 'Asthma', '7', 'Operator', 'OPR', 'Value', 'Unit of measure', 'SUM', 'Qualifier', 'TQU', 'Normal range from', 'Normal range to', 'Peak flow device', 'PFD');
INSERT INTO cprd_native_test.lookup(lookup_id, lookup_type_id, code, text) VALUES ('641', '58', '1', 'Wright');
INSERT INTO cprd_native_test.lookuptype(lookup_type_id, name, description) VALUES ('58', 'PFD', 'Peak flow...');
INSERT INTO cprd_native_test.lookup(lookup_id, lookup_type_id, code, text) VALUES ('926', '83', '71', 'L/min');
-- 41311: test observation record enttype=154, id is person_id
INSERT INTO cprd_native_test.patient(patid, vmid, gender, yob, mob, marital, famnum, chsreg, prescr, capsup, frd, crd, regstat, reggap, internal, toreason, accept, pracid, birth_date, start_date, end_date) VALUES ('41311', '0', '1', '199', '1', '6', '6894', '2', '0', '0', '1948-07-05', '2010-01-01', '0', '0', '0', '0', '1', '311', '1972-01-01', '2015-01-14', '2018-12-11');
INSERT INTO cprd_native_test.test(patid, eventdate, staffid, sysdate, constype, medcode, enttype, data1, data2, data3, data4, data7, data8_value) VALUES ('41311', '2012-01-01', '1001', '2014-06-12', '2', '4', '154', '3', '1', '0', '0', '0', '24');
INSERT INTO cprd_native_test.entity(code, description, filetype, category, data_fields, data1, data1lkup, data2, data3, data3lkup, data4, data4lkup, data5, data6, data7, data7lkup, data8) VALUES ('154', 'Alpha fetoprotein', 'Test', 'Maternity', '8', 'Operator', 'OPR', 'Value', 'Unit of measure', 'SUM', 'Qualifier', 'TQU', 'Normal range from', 'Normal range to', 'Normal range basis', 'POP', 'Weeks');
INSERT INTO cprd_native_test.lookup(lookup_id, lookup_type_id, code, text) VALUES ('855', '83', '0', 'No data Entered');
-- 42311: 1) additional observation, id is person_id
INSERT INTO cprd_native_test.patient(patid, vmid, gender, yob, mob, marital, famnum, chsreg, prescr, capsup, frd, crd, regstat, reggap, internal, toreason, accept, pracid, birth_date, start_date, end_date) VALUES ('42311', '0', '1', '199', '1', '6', '6894', '2', '0', '0', '1948-07-05', '2010-01-01', '0', '0', '0', '0', '1', '311', '1972-01-01', '2015-01-14', '2018-12-11');
INSERT INTO cprd_native_test.entity(code, description, filetype, category, data_fields, data1, data2, data3, data4, data5, data5lkup, data6, data6lkup, data7, data7lkup) VALUES ('1', 'Blood pressure', 'Clinical', 'Examination Findings', '7', 'Diastolic', 'Systolic', 'Korotkoff', 'Event Time', 'Laterality', 'LAT', 'Posture', 'POS', 'Cuff', 'CUF');
INSERT INTO cprd_native_test.additional(patid, enttype, adid, data1_value, data2_value, data3_value, data5_value) VALUES ('42311', '1', '35', '80', '160', '5', '3');
INSERT INTO cprd_native_test.clinical(patid, eventdate, sysdate, constype, consid, medcode, staffid, episode, enttype, adid) VALUES ('42311', '2010-01-01', '2014-06-12', '6', '2591944', '1', '0', '4', '2', '35');
INSERT INTO cprd_native_test.consultation(patid, eventdate, sysdate, constype, staffid, duration) VALUES ('42311', '2010-01-01', '2014-06-12', '9', '1001', '0');
INSERT INTO cprd_native_test.practice(pracid, region, uts, lcd) VALUES ('222', '5', '2001-02-12', '2011-11-11');
-- 43222: 201222: obs_period start should be uts and obs_period_end should be tod.
INSERT INTO cprd_native_test.patient(patid, vmid, gender, yob, mob, marital, famnum, chsreg, prescr, capsup, frd, crd, regstat, reggap, internal, tod, toreason, accept, pracid, birth_date, start_date, end_date) VALUES ('43222', '0', '1', '169', '0', '6', '6894', '2', '0', '0', '1948-07-05', '2000-10-26', '0', '0', '0', '2010-01-01', '0', '1', '222', '1972-01-01', '2015-01-14', '2018-12-11');
-- 44222: 202222: obs_period start should be crd and obs_period_end should be lcd since tod is null.
INSERT INTO cprd_native_test.patient(patid, vmid, gender, yob, mob, marital, famnum, chsreg, prescr, capsup, frd, crd, regstat, reggap, internal, toreason, deathdate, accept, pracid, birth_date, start_date, end_date) VALUES ('44222', '0', '1', '169', '0', '6', '6894', '2', '0', '0', '1948-07-05', '2005-10-26', '0', '0', '0', '0', '2010-12-31', '1', '222', '1972-01-01', '2015-01-14', '2018-12-11');
-- 45222: 203222: patient deleted tod<uts.
INSERT INTO cprd_native_test.patient(patid, vmid, gender, yob, mob, marital, famnum, chsreg, prescr, capsup, frd, crd, regstat, reggap, internal, tod, toreason, accept, pracid, birth_date, start_date, end_date) VALUES ('45222', '0', '1', '169', '0', '6', '6894', '2', '0', '0', '1948-07-05', '2000-10-26', '0', '0', '0', '1997-01-01', '0', '1', '222', '1972-01-01', '2015-01-14', '2018-12-11');
INSERT INTO cprd_native_test.medical(medcode, read_code) VALUES ('98196', '65PT.11');
INSERT INTO cprd_native_test.medical(medcode, read_code) VALUES ('35209', 'Q116.00');
INSERT INTO cprd_native_test.medical(medcode, read_code) VALUES ('1137', 'R100.00');
INSERT INTO cprd_native_test.medical(medcode, read_code) VALUES ('70038', 'Z5A6200');
INSERT INTO cprd_native_test.medical(medcode, read_code) VALUES ('14612', '657E.00');
INSERT INTO cprd_native_test.medical(medcode, read_code, description) VALUES ('1942', 'M240012', 'Hair loss');
INSERT INTO cprd_native_test.medical(medcode, read_code) VALUES ('28844', '66Ya.00');
-- 46311:  clinical procedure with visit
INSERT INTO cprd_native_test.patient(patid, vmid, gender, yob, mob, marital, famnum, chsreg, prescr, capsup, frd, crd, regstat, reggap, internal, toreason, accept, pracid, birth_date, start_date, end_date) VALUES ('46311', '0', '1', '199', '1', '6', '6894', '2', '0', '0', '1948-07-05', '2010-01-01', '0', '0', '0', '0', '1', '311', '1972-01-01', '2015-01-14', '2018-12-11');
INSERT INTO cprd_native_test.clinical(patid, eventdate, sysdate, constype, consid, medcode, staffid, episode, enttype, adid) VALUES ('46311', '2012-01-01', '2014-06-12', '6', '2591944', '98196', '1001', '4', '2', '0');
INSERT INTO cprd_native_test.consultation(patid, eventdate, sysdate, constype, staffid, duration) VALUES ('46311', '2012-01-01', '2014-06-12', '9', '9001', '0');
-- 47311:  clinical procedure without visit
INSERT INTO cprd_native_test.patient(patid, vmid, gender, yob, mob, marital, famnum, chsreg, prescr, capsup, frd, crd, regstat, reggap, internal, toreason, accept, pracid, birth_date, start_date, end_date) VALUES ('47311', '0', '1', '199', '1', '6', '6894', '2', '0', '0', '1948-07-05', '2010-01-01', '0', '0', '0', '0', '1', '311', '1972-01-01', '2015-01-14', '2018-12-11');
INSERT INTO cprd_native_test.clinical(patid, eventdate, sysdate, constype, consid, medcode, staffid, episode, enttype, adid) VALUES ('47311', '2012-03-01', '2014-06-12', '6', '2591944', '98196', '1001', '4', '2', '0');
-- 48311:  clinical procedure outside observation period
INSERT INTO cprd_native_test.patient(patid, vmid, gender, yob, mob, marital, famnum, chsreg, prescr, capsup, frd, crd, regstat, reggap, internal, toreason, accept, pracid, birth_date, start_date, end_date) VALUES ('48311', '0', '1', '199', '1', '6', '6894', '2', '0', '0', '1948-07-05', '2010-01-01', '0', '0', '0', '0', '1', '311', '1972-01-01', '2015-01-14', '2018-12-11');
INSERT INTO cprd_native_test.clinical(patid, eventdate, sysdate, constype, consid, medcode, staffid, episode, enttype, adid) VALUES ('48311', '2009-03-01', '2014-06-12', '6', '2591944', '1137', '1001', '4', '2', '0');
-- 49311: immunisation procedure
INSERT INTO cprd_native_test.patient(patid, vmid, gender, yob, mob, marital, famnum, chsreg, prescr, capsup, frd, crd, regstat, reggap, internal, toreason, accept, pracid, birth_date, start_date, end_date) VALUES ('49311', '0', '1', '199', '1', '6', '6894', '2', '0', '0', '1948-07-05', '2010-01-01', '0', '0', '0', '0', '1', '311', '1972-01-01', '2015-01-14', '2018-12-11');
INSERT INTO cprd_native_test.immunisation(patid, eventdate, sysdate, constype, medcode, staffid, immstype, stage, status, compound, source, reason, method, batch) VALUES ('49311', '2011-03-01', '2014-07-09', '4', '1137', '1001', '1', '2', '1', '0', '1', '3', '1', '0');
-- 50311: referral procedure
INSERT INTO cprd_native_test.patient(patid, vmid, gender, yob, mob, marital, famnum, chsreg, prescr, capsup, frd, crd, regstat, reggap, internal, toreason, accept, pracid, birth_date, start_date, end_date) VALUES ('50311', '0', '1', '199', '1', '6', '6894', '2', '0', '0', '1948-07-05', '2010-01-01', '0', '0', '0', '0', '1', '311', '1972-01-01', '2015-01-14', '2018-12-11');
INSERT INTO cprd_native_test.referral(patid, eventdate, sysdate, constype, medcode, staffid, source, nhsspec, fhsaspec, inpatient, attendance, urgency) VALUES ('50311', '2011-03-01', '2002-08-02', '4', '1137', '1001', '1', '0', '0', '3', '0', '0');
-- 51311: test procedure
INSERT INTO cprd_native_test.patient(patid, vmid, gender, yob, mob, marital, famnum, chsreg, prescr, capsup, frd, crd, regstat, reggap, internal, toreason, accept, pracid, birth_date, start_date, end_date) VALUES ('51311', '0', '1', '199', '1', '6', '6894', '2', '0', '0', '1948-07-05', '2010-01-01', '0', '0', '0', '0', '1', '311', '1972-01-01', '2015-01-14', '2018-12-11');
INSERT INTO cprd_native_test.test(patid, eventdate, consid, staffid, sysdate, constype, medcode, enttype, data1, data3, data4, data7) VALUES ('51311', '2011-03-01', '4244', '1001', '2014-06-12', '2', '1137', '215', '9', '96.000', '0.000', '0');
-- 52311: observation not mapped
INSERT INTO cprd_native_test.patient(patid, vmid, gender, yob, mob, marital, famnum, chsreg, prescr, capsup, frd, crd, regstat, reggap, internal, toreason, accept, pracid, birth_date, start_date, end_date) VALUES ('52311', '0', '1', '199', '1', '6', '6894', '2', '0', '0', '1948-07-05', '2010-01-01', '0', '0', '0', '0', '1', '311', '1972-01-01', '2015-01-14', '2018-12-11');
INSERT INTO cprd_native_test.test(patid, eventdate, consid, staffid, sysdate, constype, medcode, enttype, data1, data3, data4, data7) VALUES ('52311', '2011-03-01', '4245', '1001', '2014-06-12', '2', '70038', '215', '9', '96.000', '0.000', '0');
-- 53311: Read clinical medical history condition non-mapped
INSERT INTO cprd_native_test.patient(patid, vmid, gender, yob, mob, marital, famnum, chsreg, prescr, capsup, frd, crd, regstat, reggap, internal, toreason, accept, pracid, birth_date, start_date, end_date) VALUES ('53311', '0', '1', '199', '1', '6', '6894', '2', '0', '0', '1948-07-05', '2010-01-01', '0', '0', '0', '0', '1', '311', '1972-01-01', '2015-01-14', '2018-12-11');
INSERT INTO cprd_native_test.clinical(patid, eventdate, sysdate, constype, consid, medcode, staffid, episode, enttype, adid) VALUES ('53311', '2011-01-01', '2014-06-12', '6', '2591944', '70038', '1001', '4', '2', '0');
-- 54311: Read referral medical history condition non-mapped
INSERT INTO cprd_native_test.patient(patid, vmid, gender, yob, mob, marital, famnum, chsreg, prescr, capsup, frd, crd, regstat, reggap, internal, toreason, accept, pracid, birth_date, start_date, end_date) VALUES ('54311', '0', '1', '199', '1', '6', '6894', '2', '0', '0', '1948-07-05', '2010-01-01', '0', '0', '0', '0', '1', '311', '1972-01-01', '2015-01-14', '2018-12-11');
INSERT INTO cprd_native_test.referral(patid, eventdate, sysdate, constype, medcode, staffid, source, nhsspec, fhsaspec, inpatient, attendance, urgency) VALUES ('54311', '2011-01-01', '2002-08-02', '4', '70038', '1001', '1', '0', '0', '3', '0', '0');
-- 55311: Read test medical history condition non-mapped
INSERT INTO cprd_native_test.patient(patid, vmid, gender, yob, mob, marital, famnum, chsreg, prescr, capsup, frd, crd, regstat, reggap, internal, toreason, accept, pracid, birth_date, start_date, end_date) VALUES ('55311', '0', '1', '199', '1', '6', '6894', '2', '0', '0', '1948-07-05', '2010-01-01', '0', '0', '0', '0', '1', '311', '1972-01-01', '2015-01-14', '2018-12-11');
INSERT INTO cprd_native_test.test(patid, eventdate, staffid, sysdate, constype, medcode, enttype, data1, data3, data4, data7) VALUES ('55311', '2011-01-01', '1001', '2014-06-12', '2', '70038', '215', '9', '96.000', '0.000', '0');
-- 56311: Read immunisatoin medical history condition non-mapped
INSERT INTO cprd_native_test.patient(patid, vmid, gender, yob, mob, marital, famnum, chsreg, prescr, capsup, frd, crd, regstat, reggap, internal, toreason, accept, pracid, birth_date, start_date, end_date) VALUES ('56311', '0', '1', '199', '1', '6', '6894', '2', '0', '0', '1948-07-05', '2010-01-01', '0', '0', '0', '0', '1', '311', '1972-01-01', '2015-01-14', '2018-12-11');
INSERT INTO cprd_native_test.immunisation(patid, eventdate, sysdate, constype, medcode, staffid, immstype, stage, status, compound, source, reason, method, batch) VALUES ('56311', '2011-01-01', '2014-07-09', '4', '70038', '1001', '1', '2', '1', '0', '1', '3', '1', '0');
-- 57311: test observation record 4 fields
INSERT INTO cprd_native_test.patient(patid, vmid, gender, yob, mob, marital, famnum, chsreg, prescr, capsup, frd, crd, regstat, reggap, internal, toreason, accept, pracid, birth_date, start_date, end_date) VALUES ('57311', '0', '1', '199', '1', '6', '6894', '2', '0', '0', '1948-07-05', '2010-01-01', '0', '0', '0', '0', '1', '311', '1972-01-01', '2015-01-14', '2018-12-11');
INSERT INTO cprd_native_test.test(patid, eventdate, staffid, sysdate, constype, medcode, enttype, data1, data2, data3, data4, data7) VALUES ('57311', '2012-01-01', '1001', '2014-06-12', '2', '98196', '215', '9', '28.8', '114', '0', '0');
INSERT INTO cprd_native_test.entity(code, description, filetype, category, data_fields, data1, data1lkup, data2, data3, data4) VALUES ('215', 'Clotting tests', 'Test', 'Haematology', '4', 'Qualifier', 'TQU', 'Normal range from', 'Normal range to', 'Normal range basis');
INSERT INTO cprd_native_test.lookup(lookup_id, lookup_type_id, code, text) VALUES ('1156', '85', '9', 'Normal');
-- 58311: test observation record 7 fields
INSERT INTO cprd_native_test.patient(patid, vmid, gender, yob, mob, marital, famnum, chsreg, prescr, capsup, frd, crd, regstat, reggap, internal, toreason, accept, pracid, birth_date, start_date, end_date) VALUES ('58311', '0', '1', '199', '1', '6', '6894', '2', '0', '0', '1948-07-05', '2010-01-01', '0', '0', '0', '0', '1', '311', '1972-01-01', '2015-01-14', '2018-12-11');
INSERT INTO cprd_native_test.test(patid, eventdate, staffid, sysdate, constype, medcode, enttype, data1, data2, data3, data4, data5, data6, data7) VALUES ('58311', '2012-01-01', '1001', '2014-06-12', '2', '28844', '412', '3', '3.7', '8', '1', '3.4', '5.1', '0');
INSERT INTO cprd_native_test.entity(code, description, filetype, category, data_fields, data1, data1lkup, data2, data3, data3lkup, data4, data4lkup, data5, data6, data7, data7lkup) VALUES ('412', 'Airway ...', 'Test', 'Oter Pathology Tests', '7', 'Operator', 'OPR', 'Value', 'Unit of measure', 'SUM', 'Qualifier', 'TQU', 'Normal range from', 'Normal range to', 'Normal range basis', 'POP');
INSERT INTO cprd_native_test.lookup(lookup_id, lookup_type_id, code, text) VALUES ('856', '56', '3', '=');
INSERT INTO cprd_native_test.lookup(lookup_id, lookup_type_id, code, text) VALUES ('1155', '83', '8', '%');
INSERT INTO cprd_native_test.lookup(lookup_id, lookup_type_id, code, text) VALUES ('1407', '85', '1', 'High');
INSERT INTO cprd_native_test.product(prodcode, gemscriptcode, productname, bnf, bnf_with_dots, bnfchapter) VALUES ('42', '72487020', 'Simvastatin 10mg tablets', '00000000', '00.00.00.00', 'Unknown');
INSERT INTO cprd_native_test.medical(medcode, read_code, description) VALUES ('1942', 'M240012', 'Hair loss');
-- 59311: 1) additional observation 
INSERT INTO cprd_native_test.patient(patid, vmid, gender, yob, mob, marital, famnum, chsreg, prescr, capsup, frd, crd, regstat, reggap, internal, toreason, accept, pracid, birth_date, start_date, end_date) VALUES ('59311', '0', '1', '199', '1', '6', '6894', '2', '0', '0', '1948-07-05', '2010-01-01', '0', '0', '0', '0', '1', '311', '1972-01-01', '2015-01-14', '2018-12-11');
INSERT INTO cprd_native_test.entity(code, description, filetype, category, data_fields, data1, data1lkup, data2, data2lkup, data3, data3lkup, data4, data4lkup, data5, data5lkup) VALUES ('21', 'Allergy', 'Clinical', 'Allergy', '5', 'Drug Code', 'Product Dictionary', 'Reaction Type', 'RCT', 'Severity', 'SEV', 'Certainty', 'CER', 'Read Code For Reaction', 'Medical Dictionary');
INSERT INTO cprd_native_test.lookup(lookup_id, lookup_type_id, code, text) VALUES ('706', '69', '2', 'Intolerance');
INSERT INTO cprd_native_test.lookuptype(lookup_type_id, name, description) VALUES ('69', 'RCT', 'Reaction Type');
INSERT INTO cprd_native_test.additional(patid, enttype, adid, data1_value, data2_value, data3_value, data4_value, data5_value) VALUES ('59311', '21', '35', '42', '2', '3', '3', '1942');
INSERT INTO cprd_native_test.clinical(patid, eventdate, sysdate, constype, consid, medcode, staffid, episode, enttype, adid) VALUES ('59311', '2010-01-01', '2014-06-12', '6', '2591944', '1', '0', '4', '2', '35');
INSERT INTO cprd_native_test.consultation(patid, eventdate, sysdate, constype, staffid, duration) VALUES ('59311', '2010-01-01', '2014-06-12', '9', '1001', '0');
-- 60311: 1) dates 
INSERT INTO cprd_native_test.patient(patid, vmid, gender, yob, mob, marital, famnum, chsreg, prescr, capsup, frd, crd, regstat, reggap, internal, toreason, accept, pracid, birth_date, start_date, end_date) VALUES ('60311', '0', '1', '199', '1', '6', '6894', '2', '0', '0', '1948-07-05', '2010-01-01', '0', '0', '0', '0', '1', '311', '1972-01-01', '2015-01-14', '2018-12-11');
INSERT INTO cprd_native_test.entity(code, description, filetype, category, data_fields, data1, data1lkup, data2, data3, data3lkup, data4, data4lkup) VALUES ('461', 'Repeat Medication Review', 'Clinical', 'Miscellaneous', '4', 'Due date', 'dd/mm/yyyy', 'Seen by', 'Review date', 'dd/mm/yyyy', 'Next review date', 'dd/mm/yyyy');
INSERT INTO cprd_native_test.additional(patid, enttype, adid, data1_value, data1_date, data2_value, data3_date, data4_date) VALUES ('60311', '461', '42', '1.000', '2007-07-08', '0.000', '2007-01-08', '2007-07-09');
INSERT INTO cprd_native_test.clinical(patid, eventdate, sysdate, constype, consid, medcode, staffid, episode, enttype, adid) VALUES ('60311', '2010-01-01', '2014-06-12', '6', '2591944', '1', '0', '4', '2', '42');
INSERT INTO cprd_native_test.consultation(patid, eventdate, sysdate, constype, staffid, duration) VALUES ('60311', '2010-01-01', '2014-06-12', '9', '1001', '0');
INSERT INTO cprd_native_test.medical(medcode, read_code) VALUES ('100977', '1JJ..00');
INSERT INTO cprd_native_test.medical(medcode, read_code) VALUES ('10302', '3888.00');
-- 61311: scores with 0 mapping
INSERT INTO cprd_native_test.patient(patid, vmid, gender, yob, mob, marital, famnum, chsreg, prescr, capsup, frd, crd, regstat, reggap, internal, toreason, accept, pracid, birth_date, start_date, end_date) VALUES ('61311', '0', '1', '199', '1', '6', '6894', '2', '0', '0', '1948-07-05', '2010-01-01', '0', '0', '0', '0', '1', '311', '1972-01-01', '2015-01-14', '2018-12-11');
INSERT INTO cprd_native_test.lookuptype(lookup_type_id, name) VALUES ('69', 'P_N');
INSERT INTO cprd_native_test.lookup(lookup_id, lookup_type_id, code, text) VALUES ('905', '69', '0', 'Data Not Entered');
INSERT INTO cprd_native_test.scoringmethod(code, scoring_method) VALUES ('1', 'PHQ-9');
INSERT INTO cprd_native_test.additional(patid, enttype, adid, data1_value, data2_value, data3_value, data4_value) VALUES ('61311', '372', '45', '15', '100977', '1', '0');
INSERT INTO cprd_native_test.clinical(patid, eventdate, sysdate, constype, consid, medcode, staffid, episode, enttype, adid) VALUES ('61311', '2010-01-01', '2014-06-12', '6', '2591944', '1', '0', '4', '2', '45');
INSERT INTO cprd_native_test.consultation(patid, eventdate, sysdate, constype, staffid, duration) VALUES ('61311', '2010-01-01', '2014-06-12', '9', '1001', '0');
-- 62311: scores mapped
INSERT INTO cprd_native_test.patient(patid, vmid, gender, yob, mob, marital, famnum, chsreg, prescr, capsup, frd, crd, regstat, reggap, internal, toreason, accept, pracid, birth_date, start_date, end_date) VALUES ('62311', '0', '1', '199', '1', '6', '6894', '2', '0', '0', '1948-07-05', '2010-01-01', '0', '0', '0', '0', '1', '311', '1972-01-01', '2015-01-14', '2018-12-11');
INSERT INTO cprd_native_test.additional(patid, enttype, adid, data1_value, data2_value, data3_value) VALUES ('62311', '372', '45', '500', '10302', '0');
INSERT INTO cprd_native_test.clinical(patid, eventdate, sysdate, constype, consid, medcode, staffid, episode, enttype, adid) VALUES ('62311', '2010-01-01', '2014-06-12', '6', '2591944', '1', '0', '4', '2', '45');
INSERT INTO cprd_native_test.consultation(patid, eventdate, sysdate, constype, staffid, duration) VALUES ('62311', '2010-01-01', '2014-06-12', '9', '1001', '0');
-- 63311: scores mapped, id is person_id
INSERT INTO cprd_native_test.patient(patid, vmid, gender, yob, mob, marital, famnum, chsreg, prescr, capsup, frd, crd, regstat, reggap, internal, toreason, accept, pracid, birth_date, start_date, end_date) VALUES ('63311', '0', '1', '199', '1', '6', '6894', '2', '0', '0', '1948-07-05', '2010-01-01', '0', '0', '0', '0', '1', '311', '1972-01-01', '2015-01-14', '2018-12-11');
INSERT INTO cprd_native_test.entity(code, description, filetype, category, data_fields, data1, data2, data2lkup, data3, data3lkup, data4, data4lkup) VALUES ('372', 'Scoring test result', 'Clinical', 'Diagnostic Tests', '4', 'Result of test', 'Condition', 'Medical Dictionary', 'Scoring Methodology', 'Scoring', 'Qualifier', 'P_N');
INSERT INTO cprd_native_test.additional(patid, enttype, adid, data1_value, data2_value, data3_value) VALUES ('63311', '372', '45', '500', '7913', '1373');
INSERT INTO cprd_native_test.clinical(patid, eventdate, sysdate, constype, consid, medcode, staffid, episode, enttype, adid) VALUES ('63311', '2010-01-01', '2014-06-12', '6', '2591944', '1', '0', '4', '2', '45');
INSERT INTO cprd_native_test.consultation(patid, eventdate, sysdate, constype, staffid, duration) VALUES ('63311', '2010-01-01', '2014-06-12', '9', '1001', '0');
-- 64311: additional observation 114-2, id is person_id
INSERT INTO cprd_native_test.patient(patid, vmid, gender, yob, mob, marital, famnum, chsreg, prescr, capsup, frd, crd, regstat, reggap, internal, toreason, accept, pracid, birth_date, start_date, end_date) VALUES ('64311', '0', '1', '199', '1', '6', '6894', '2', '0', '0', '1948-07-05', '2010-01-01', '0', '0', '0', '0', '1', '311', '1972-01-01', '2015-01-14', '2018-12-11');
INSERT INTO cprd_native_test.entity(code, description, filetype, category, data_fields, data1, data1lkup, data2, data2lkup, data3, data4) VALUES ('114', 'Preg out', 'Clinical', 'Maternity', '2', 'Discharge Date', 'dd/mm/yyyy', 'Birth Status', 'LIV', 'Normal range to', 'Normal range basis');
INSERT INTO cprd_native_test.lookup(lookup_id, lookup_type_id, code, text) VALUES ('556', '47', '3', 'Miscarriage');
INSERT INTO cprd_native_test.lookuptype(lookup_type_id, name, description) VALUES ('47', 'LIV', 'Birth Type');
INSERT INTO cprd_native_test.additional(patid, enttype, adid, data1_value, data1_date, data2_value, data3_value) VALUES ('64311', '114', '35', '1.000', '2003-12-07', '3', '1373');
INSERT INTO cprd_native_test.clinical(patid, eventdate, sysdate, constype, consid, medcode, staffid, episode, enttype, adid) VALUES ('64311', '2010-01-01', '2014-06-12', '6', '2591944', '1', '0', '4', '2', '35');
INSERT INTO cprd_native_test.consultation(patid, eventdate, sysdate, constype, staffid, duration) VALUES ('64311', '2010-01-01', '2014-06-12', '9', '1001', '0');
-- 65311: additional observation 60-1 with SUM, id is person_id
INSERT INTO cprd_native_test.patient(patid, vmid, gender, yob, mob, marital, famnum, chsreg, prescr, capsup, frd, crd, regstat, reggap, internal, toreason, accept, pracid, birth_date, start_date, end_date) VALUES ('65311', '0', '1', '199', '1', '6', '6894', '2', '0', '0', '1948-07-05', '2010-01-01', '0', '0', '0', '0', '1', '311', '1972-01-01', '2015-01-14', '2018-12-11');
INSERT INTO cprd_native_test.entity(code, description, filetype, category, data_fields, data1, data2, data2lkup, data3, data3lkup, data4) VALUES ('60', 'Ante-natal booking', 'Clinical', 'Maternity', '3', 'Weeks gestation', 'Unit of measure', 'SUM', 'Type of booking', 'MBO', 'Normal range basis');
INSERT INTO cprd_native_test.additional(patid, enttype, adid, data1_value, data2_value, data3_value) VALUES ('65311', '60', '35', '8', '147', '1373');
INSERT INTO cprd_native_test.lookup(lookup_id, lookup_type_id, code, text) VALUES ('1002', '81', '147', 'Week');
INSERT INTO cprd_native_test.clinical(patid, eventdate, sysdate, constype, consid, medcode, staffid, episode, enttype, adid) VALUES ('65311', '2010-01-01', '2014-06-12', '6', '2591944', '1', '0', '4', '2', '35');
INSERT INTO cprd_native_test.consultation(patid, eventdate, sysdate, constype, staffid, duration) VALUES ('65311', '2010-01-01', '2014-06-12', '9', '1001', '0');
INSERT INTO cprd_native_test.practice(pracid, region, uts, lcd) VALUES ('111', '5', '2010-01-01', '2013-01-01');
INSERT INTO cprd_native_test.practice(pracid, region, uts, lcd) VALUES ('113', '5', '2014-01-01', '2012-12-01');
-- 66311: accept is 0 so should be deleted
INSERT INTO cprd_native_test.patient(patid, vmid, gender, yob, mob, marital, famnum, chsreg, prescr, capsup, frd, crd, regstat, reggap, internal, toreason, accept, pracid, birth_date, start_date, end_date) VALUES ('66311', '0', '1', '199', '1', '6', '6894', '2', '0', '0', '1948-07-05', '2010-01-01', '0', '0', '0', '0', '0', '311', '1972-01-01', '2015-01-14', '2018-12-11');
-- 67311: valid
INSERT INTO cprd_native_test.patient(patid, vmid, gender, yob, mob, marital, famnum, chsreg, prescr, capsup, frd, crd, regstat, reggap, internal, toreason, accept, pracid, birth_date, start_date, end_date) VALUES ('67311', '0', '1', '199', '1', '6', '6894', '2', '0', '0', '1948-07-05', '2010-01-01', '0', '0', '0', '0', '1', '311', '1972-01-01', '2015-01-14', '2018-12-11');
-- 68311: invalid: delete because crd 2013-01-01 > deathdate 2012-01-01
INSERT INTO cprd_native_test.patient(patid, vmid, gender, yob, mob, marital, famnum, chsreg, prescr, capsup, frd, crd, regstat, reggap, internal, toreason, deathdate, accept, pracid, birth_date, start_date, end_date) VALUES ('68311', '0', '1', '199', '1', '6', '6894', '2', '0', '0', '1948-07-05', '2013-01-01', '0', '0', '0', '0', '2012-01-01', '1', '311', '1972-01-01', '2015-01-14', '2018-12-11');
-- 69311: invalid: delete because crd 2013-01-01 > todate 2011-05-03
INSERT INTO cprd_native_test.patient(patid, vmid, gender, yob, mob, marital, famnum, chsreg, prescr, capsup, frd, crd, regstat, reggap, internal, tod, toreason, accept, pracid, birth_date, start_date, end_date) VALUES ('69311', '0', '1', '199', '1', '6', '6894', '2', '0', '0', '1948-07-05', '2013-01-01', '0', '0', '0', '2011-05-03', '0', '1', '311', '1972-01-01', '2015-01-14', '2018-12-11');
-- 70113: invalid: delete because uts 2014-01-01 > lcd 2012-12-01
INSERT INTO cprd_native_test.patient(patid, vmid, gender, yob, mob, marital, famnum, chsreg, prescr, capsup, frd, crd, regstat, reggap, internal, toreason, accept, pracid, birth_date, start_date, end_date) VALUES ('70113', '0', '1', '199', '1', '6', '6894', '2', '0', '0', '1948-07-05', '2010-01-01', '0', '0', '0', '0', '1', '113', '1972-01-01', '2015-01-14', '2018-12-11');
-- 71311: valid but mob =0 then MONTH_OF_BIRTH=NULL
INSERT INTO cprd_native_test.patient(patid, vmid, gender, yob, mob, marital, famnum, chsreg, prescr, capsup, frd, crd, regstat, reggap, internal, toreason, accept, pracid, birth_date, start_date, end_date) VALUES ('71311', '0', '1', '199', '0', '6', '6894', '2', '0', '0', '1948-07-05', '2010-01-01', '0', '0', '0', '0', '1', '311', '1972-01-01', '2015-01-14', '2018-12-11');
-- 72311: invalid year of birth 74
INSERT INTO cprd_native_test.patient(patid, vmid, gender, yob, mob, marital, famnum, chsreg, prescr, capsup, frd, crd, regstat, reggap, internal, toreason, accept, pracid, birth_date, start_date, end_date) VALUES ('72311', '0', '1', '74', '1', '6', '6894', '2', '0', '0', '1948-07-05', '2010-01-01', '0', '0', '0', '0', '1', '311', '1972-01-01', '2015-01-14', '2018-12-11');
-- 73311: valid gender female
INSERT INTO cprd_native_test.patient(patid, vmid, gender, yob, mob, marital, famnum, chsreg, prescr, capsup, frd, crd, regstat, reggap, internal, toreason, accept, pracid, birth_date, start_date, end_date) VALUES ('73311', '0', '2', '195', '1', '6', '6894', '2', '0', '0', '1948-07-05', '2010-01-01', '0', '0', '0', '0', '1', '311', '1972-01-01', '2015-01-14', '2018-12-11');
-- 74311: invalid not entered gender
INSERT INTO cprd_native_test.patient(patid, vmid, gender, yob, mob, marital, famnum, chsreg, prescr, capsup, frd, crd, regstat, reggap, internal, toreason, accept, pracid, birth_date, start_date, end_date) VALUES ('74311', '0', '0', '195', '1', '6', '6894', '2', '0', '0', '1948-07-05', '2010-01-01', '0', '0', '0', '0', '1', '311', '1972-01-01', '2015-01-14', '2018-12-11');
-- 75311: invalid Indeterminate gender
INSERT INTO cprd_native_test.patient(patid, vmid, gender, yob, mob, marital, famnum, chsreg, prescr, capsup, frd, crd, regstat, reggap, internal, toreason, accept, pracid, birth_date, start_date, end_date) VALUES ('75311', '0', '3', '195', '6', '6', '6894', '2', '0', '0', '1948-07-05', '2010-01-01', '0', '0', '0', '0', '1', '311', '1972-01-01', '2015-01-14', '2018-12-11');
-- 76311: invalid unknown gender
INSERT INTO cprd_native_test.patient(patid, vmid, gender, yob, mob, marital, famnum, chsreg, prescr, capsup, frd, crd, regstat, reggap, internal, toreason, accept, pracid, birth_date, start_date, end_date) VALUES ('76311', '0', '4', '195', '6', '6', '6894', '2', '0', '0', '1948-07-05', '2010-01-01', '0', '0', '0', '0', '1', '311', '1972-01-01', '2015-01-14', '2018-12-11');
INSERT INTO cprd_native_test.medical(medcode, read_code) VALUES ('48653', '7J46z00');
INSERT INTO cprd_native_test.medical(medcode, read_code) VALUES ('45832', '7414200');
INSERT INTO cprd_native_test.medical(medcode, read_code) VALUES ('69651', '744C.00');
-- 77311: Read clinical procedure with visit
INSERT INTO cprd_native_test.patient(patid, vmid, gender, yob, mob, marital, famnum, chsreg, prescr, capsup, frd, crd, regstat, reggap, internal, toreason, accept, pracid, birth_date, start_date, end_date) VALUES ('77311', '0', '1', '199', '1', '6', '6894', '2', '0', '0', '1948-07-05', '2010-01-01', '0', '0', '0', '0', '1', '311', '1972-01-01', '2015-01-14', '2018-12-11');
INSERT INTO cprd_native_test.clinical(patid, eventdate, sysdate, constype, consid, medcode, staffid, episode, enttype, adid) VALUES ('77311', '2012-01-01', '2014-06-12', '6', '2591944', '48653', '1001', '4', '2', '0');
INSERT INTO cprd_native_test.consultation(patid, eventdate, sysdate, constype, staffid, duration) VALUES ('77311', '2012-01-01', '2014-06-12', '9', '1001', '0');
-- 78311: clinical procedure without visit
INSERT INTO cprd_native_test.patient(patid, vmid, gender, yob, mob, marital, famnum, chsreg, prescr, capsup, frd, crd, regstat, reggap, internal, toreason, accept, pracid, birth_date, start_date, end_date) VALUES ('78311', '0', '1', '199', '1', '6', '6894', '2', '0', '0', '1948-07-05', '2010-01-01', '0', '0', '0', '0', '1', '311', '1972-01-01', '2015-01-14', '2018-12-11');
INSERT INTO cprd_native_test.clinical(patid, eventdate, sysdate, constype, consid, medcode, staffid, episode, enttype, adid) VALUES ('78311', '2012-03-01', '2014-06-12', '6', '2591944', '45832', '1001', '4', '2', '0');
-- 79311: clinical procedure outside observation period
INSERT INTO cprd_native_test.patient(patid, vmid, gender, yob, mob, marital, famnum, chsreg, prescr, capsup, frd, crd, regstat, reggap, internal, toreason, accept, pracid, birth_date, start_date, end_date) VALUES ('79311', '0', '1', '199', '1', '6', '6894', '2', '0', '0', '1948-07-05', '2010-01-01', '0', '0', '0', '0', '1', '311', '1972-01-01', '2015-01-14', '2018-12-11');
INSERT INTO cprd_native_test.clinical(patid, eventdate, sysdate, constype, consid, medcode, staffid, episode, enttype, adid) VALUES ('79311', '2009-03-01', '2014-06-12', '6', '2591944', '69651', '1001', '4', '2', '0');
-- 80311: immunisation procedure
INSERT INTO cprd_native_test.patient(patid, vmid, gender, yob, mob, marital, famnum, chsreg, prescr, capsup, frd, crd, regstat, reggap, internal, toreason, accept, pracid, birth_date, start_date, end_date) VALUES ('80311', '0', '1', '199', '1', '6', '6894', '2', '0', '0', '1948-07-05', '2010-01-01', '0', '0', '0', '0', '1', '311', '1972-01-01', '2015-01-14', '2018-12-11');
INSERT INTO cprd_native_test.immunisation(patid, eventdate, sysdate, constype, medcode, staffid, immstype, stage, status, compound, source, reason, method, batch) VALUES ('80311', '2011-03-01', '2014-07-09', '4', '69651', '1001', '1', '2', '1', '0', '1', '3', '1', '0');
-- 81311: referral procedure
INSERT INTO cprd_native_test.patient(patid, vmid, gender, yob, mob, marital, famnum, chsreg, prescr, capsup, frd, crd, regstat, reggap, internal, toreason, accept, pracid, birth_date, start_date, end_date) VALUES ('81311', '0', '1', '199', '1', '6', '6894', '2', '0', '0', '1948-07-05', '2010-01-01', '0', '0', '0', '0', '1', '311', '1972-01-01', '2015-01-14', '2018-12-11');
INSERT INTO cprd_native_test.referral(patid, eventdate, sysdate, constype, medcode, staffid, source, nhsspec, fhsaspec, inpatient, attendance, urgency) VALUES ('81311', '2011-03-01', '2002-08-02', '4', '69651', '1001', '1', '0', '0', '3', '0', '0');
-- 82311: test procedure
INSERT INTO cprd_native_test.patient(patid, vmid, gender, yob, mob, marital, famnum, chsreg, prescr, capsup, frd, crd, regstat, reggap, internal, toreason, accept, pracid, birth_date, start_date, end_date) VALUES ('82311', '0', '1', '199', '1', '6', '6894', '2', '0', '0', '1948-07-05', '2010-01-01', '0', '0', '0', '0', '1', '311', '1972-01-01', '2015-01-14', '2018-12-11');
INSERT INTO cprd_native_test.test(patid, eventdate, consid, staffid, sysdate, constype, medcode, enttype, data1, data3, data4, data7) VALUES ('82311', '2011-03-01', '6489', '1001', '2014-06-12', '2', '69651', '215', '9', '96.000', '0.000', '0');
-- 83: valid GP: role=2 (Partner); provider_concept_id=38004446 id is provider_id
INSERT INTO cprd_native_test.staff(staffid, gender, role) VALUES ('83', '0', '2');
-- 84: valid GP: role=68 (Radiographer ); provider_concept_id=38004675 id is provider_id
INSERT INTO cprd_native_test.staff(staffid, gender, role) VALUES ('84', '0', '68');
-- 85: valid GP: role=0 (Data Not Entered ) provider concept_id=38004514 id is provider_id
INSERT INTO cprd_native_test.staff(staffid, gender, role) VALUES ('85', '0', '0');
INSERT INTO cprd_native_test.practice(pracid, region, uts, lcd) VALUES ('555', '11', '2013-01-01', '2013-12-31');
-- 86555: Multiple consids on the same date but no event record, no visit created.
INSERT INTO cprd_native_test.patient(patid, vmid, gender, yob, mob, marital, famnum, chsreg, prescr, capsup, frd, crd, regstat, reggap, internal, tod, toreason, accept, pracid, birth_date, start_date, end_date) VALUES ('86555', '0', '1', '172', '0', '6', '6894', '2', '0', '0', '1948-07-05', '2013-01-01', '0', '0', '0', '2013-12-31', '0', '1', '555', '1972-01-01', '2015-01-14', '2018-12-11');
INSERT INTO cprd_native_test.consultation(patid, eventdate, sysdate, constype, consid, staffid, duration) VALUES ('86555', '2013-02-01', '2014-06-12', '9', '1', '500', '0');
INSERT INTO cprd_native_test.consultation(patid, eventdate, sysdate, constype, consid, staffid, duration) VALUES ('86555', '2013-02-01', '2014-06-12', '9', '2', '600', '0');
-- 87555: eventdate in CLINICAL is NULL	No VISIT_OCCURRENCE record created
INSERT INTO cprd_native_test.patient(patid, vmid, gender, yob, mob, marital, famnum, chsreg, prescr, capsup, frd, crd, regstat, reggap, internal, tod, toreason, accept, pracid, birth_date, start_date, end_date) VALUES ('87555', '0', '1', '172', '0', '6', '6894', '2', '0', '0', '1948-07-05', '2013-01-01', '0', '0', '0', '2013-12-31', '0', '1', '555', '1972-01-01', '2015-01-14', '2018-12-11');
INSERT INTO cprd_native_test.consultation(patid, sysdate, constype, consid, duration) VALUES ('87555', '2014-06-12', '9', '1', '0');
-- 88555: IMMUNISATION record occurs outside of a valid OBSERVATION_PERIOD, VISIT_OCCURRENCE record still created
INSERT INTO cprd_native_test.patient(patid, vmid, gender, yob, mob, marital, famnum, chsreg, prescr, capsup, frd, crd, regstat, reggap, internal, tod, toreason, accept, pracid, birth_date, start_date, end_date) VALUES ('88555', '0', '1', '172', '0', '6', '6894', '2', '0', '0', '1948-07-05', '2013-01-01', '0', '0', '0', '2013-12-31', '0', '1', '555', '1972-01-01', '2015-01-14', '2018-12-11');
INSERT INTO cprd_native_test.consultation(patid, eventdate, sysdate, constype, consid, duration) VALUES ('88555', '2012-01-01', '2014-06-12', '9', '1', '0');
-- 89555: VISIT_OCCURRENCE - Two records on the same day create on VISIT_OCCURRENCE record
INSERT INTO cprd_native_test.patient(patid, vmid, gender, yob, mob, marital, famnum, chsreg, prescr, capsup, frd, crd, regstat, reggap, internal, tod, toreason, accept, pracid, birth_date, start_date, end_date) VALUES ('89555', '0', '1', '172', '0', '6', '6894', '2', '0', '0', '1948-07-05', '2013-01-01', '0', '0', '0', '2013-12-31', '0', '1', '555', '1972-01-01', '2015-01-14', '2018-12-11');
INSERT INTO cprd_native_test.clinical(patid, eventdate, sysdate, constype, consid, medcode, staffid, episode, enttype, adid) VALUES ('89555', '2013-04-01', '2014-06-12', '6', '123', '898', '1001', '4', '2', '0');
INSERT INTO cprd_native_test.clinical(patid, eventdate, sysdate, constype, consid, medcode, staffid, episode, enttype, adid) VALUES ('89555', '2013-04-01', '2014-06-12', '6', '456', '898', '1001', '4', '2', '0');
INSERT INTO cprd_native_test.consultation(patid, eventdate, sysdate, constype, consid, staffid, duration) VALUES ('89555', '2013-04-01', '2014-06-12', '9', '123', '123', '0');
INSERT INTO cprd_native_test.consultation(patid, eventdate, sysdate, constype, consid, staffid, duration) VALUES ('89555', '2013-04-01', '2014-06-12', '9', '456', '456', '0');
INSERT INTO cprd_native_test.staff(staffid, gender, role) VALUES ('123', '0', '33');
INSERT INTO cprd_native_test.staff(staffid, gender, role) VALUES ('456', '0', '33');                                                                                                                                                                                                                                                                                                                                                                                                                                                                                                                                                                                                                                                                                                                                                                                                                                                                                                                                                                                                                                                                                                                                                                                                                                                                                                                                                                                                                                                                                                                                                                                                                                                                                                                                                                                                                                                                                                                                                                                                                                                                                                                                                                                                                                                                                                                                                                                                                                                                                                                                                                                                                                                                                                                                                                                                                                                                                                                                                                                                                                                                                                                                                                                                                                                                                                                                                                                                                                                                                                                                                                                                                                                                                                                                                                                                                                                                                                                                                                                                                                                                                                                                                                                                                                                                                                                                                                                                                                                                                                                                                                                                                                                                                                                                                                                                                                                                                                                                                                                                                                                                                                                                                                                                                                                                                                                                                                                                                                                                                                                                                                                                                                                                                                                                                                                                                                                                                                                                                                                                                                                                                                                                                                                                                                                                                                                                                                                                                                                                                                                                                                                                                                                                                                                                                                                                                                                                                                                                                                                                                                                                                                                                                                                                                                                                                                                                                                                                                                                                                                                                                                                                                                                                                                                                                                                                                                                                                                                                                                                                                                                                                                                                                                                                                                                                                                                                                                                                                                                                                                                                                                                                                                                                                                                                                                                                                                                                                                                                                                                                                                                                                                                                                                                                                                                                                                                                                                                                                                                                                                                                                                                                                                                                                                                                                                                                                                                                                                                                                                                                                                                                                                                                                                                                                                                                                                                                                                                                                                                                                                                                                                                                                                                                                                                                                                                                                                                                                                                                                                                                                                                                                                                                                                                                                                                                                                                                                                                                                                                                                                                                                                                                                                                                                                                                                                                                                                                                                                                                                                                                                                                                                                                                                                                                                                                                                                                                                                                                                                                                                                                                                                                                                                                                                                                                                                                                                                                                                                                                                                                                                                                                                                                                                                                                                                                                                                                                                                                                                                                                                                                                                                                                                                                                                                                                                                                                                                                                                                                                                                                                                                                                                                                                                                                                                                                                                                                                                                                                                                                                                                                                                                                                                                                                                                                                                                                                                                                                                                                                                                                                                                                                                                                                                                                                                                                                                                                                                                                                                                                                                                                                                                                                                                                                                                                                                                                                                                                                                                                                                                                                                                                                                                                                                                                                                                                                                                                                                                                                                                                                                                                                                                                                                                                                                                                                                                                                                                                                                                                                                                                                                                                                                                                                                                                                                                                                                                                                                                                                                                                                                                                                                                                                                                                                                                                                                                                                                                                                                                                                                                                                                                                                                                                                                                                                                                                                                                                                                                                                                                                                                                                                                                                                                                                                                                                                                                                                                                                                                                                                                                                                                                                                                                                                                                                                                                                                                                                                                                                                                                                                                                                                                                                                                                                                                                                                                                                                                                                                                                                                                                                                                                                                                                                                                                                                                                                                                                                                                                                                                                                                                                                                                                                                                                                                                                                                                                                                                                                                                                                                                                                                                                                                                                                                                                                                                                                                                                                                                                                                                                                                                                                                                                                                                                                                                                                                                                                                                                                                                                                                                                                                                                                                                                                                                                                                                                                                                                                                                                                                                                                                                                                                                                                                                                                                                                                                                                                                                                                                                                                                                                                                                                                                                                                                                                                                                                                                                                                                                                                                                                                                                                                                                                                                                                                                                                                                                                                                                                                                                                                                                                                                                                                                                                                                                                                                                                                                                                                                                                                                                                                                                                                                                                                                                                                                                                                                                                                                                                                                                                                                                                                                                                                                                                                                                                                                                                                                                                                                                                                                                                                                                                                                                                                                                                                                                                                                                                                                                                                                                                                                                                                                                                                                                                                                                                                                                                                                                                                                                                                                                                                                                                                                                                                                                                                                                                                                                                                                                                                                                                                                                                                                                                                                                                                                                                                                                                                                                                                                                                                                                                                                                                                                                                                                                                                                                                                                                                                                                                                                                                                                                                                                                                                                                                                                                                                                                                                                                                                                                                                                                                                                                                                                                                                                                                                                                                                                                                                                                                                                                                                                                                                                                                                                                                                                                                                                                                                                                                                                                                                                                                                                                                                                                                                                                                                                                                                                                                                                                                                                                                                                                                                                                                                                                                                                                                                                                                                                                                                                                                                                                                                                                                                                                                                                                                                                                                                                                                                                                                                                                                                                                                                                                                                                                                                                                                                                                                                                                                                                                                                                                                                                                                                                                                                                                                                                                                                                                                                                                                                                                                                                                                                                                                                                                                                                                                                                                                                                                                                                                                                                                                                                                                                                                                                                                                                                                                                                                                                                                                                                                                                                                                                                                                                                                                                                                                                                                                                                                                                                                                                                                                                                                                                                                                                                                                                                                                                                                                                                                                                                                                                                                                                                                                                                                                                                                                                                                                                                                                                                                                                                                                                                                                                                                                                                                                                                                                                                                                                                                                                                                                                                                                                                                                                                                                                                                                                                                                                                                                                                                                                                                                                                                                                                                                                                                                                                                                                                                                                                                                                                                                                                                                                                                                                                                                                                                                                                                                                                                                                                                                                                                                                                                                                                                                                                                                                                                                                                                                                                                                                                                                                                                                                                                                                                                                                                                                                                                                                                                                                                                                                                                                                                                                                                                                                                                                                                                                                                                                                                                                                                                                                                                                                                                                                                                                                                                                                                                                                                                                                                                                                                                                                                                                                                                                                                                                                                                                                                                                                                                                                                                                                                                                                                                                                                                                                                                                                                                                                                                                                                                                                                                                                                                                                                                                                                                                                                                                                                                                                                                                                                                                                                                                                                                                                                                                                                                                                                                                                                                                                                                                                                                                                                                                                                                                                                                                                                                                                                                                                                                                                                                                                                                                                                                                                                                                                                                                                                                                                                                                                                                                                                                                                                                                                                                                                                                                                                                                                                                                                                                                                                                                                                                                                                                                                                                                                                                                                                                                                                                                                                                                                                                                                                                                                                                                                                                                                                                                                                                                                                                                                                                                                                                                                                                                                                                                                                                                                                                                                                                                                                                                                                                                                                                                                                                                                                                                                                                                                                                                                                                                                                                                                                                                                                                                                                                                                                                                                                                                                                                                                                                                                                                                                                                                                                                                                                                                                                                                                                                                                                                                                                                                                                                                                                                                                                                                                                                                                                                                                                                                                                                                                                                                                                                                                                                                                                                                                                                                                                                                                                                                                                                                                                                                                                                                                                                                                                                                                                                                                                                                                                                                                                                                                                                                                                                                                                                                                                                                                                                                                                                                                                                                                                                                                                                                                                                                                                                                                                                                                                                                                                                                                                                                                                                                                                                                                                                                                                                                                                                                                                                                                                                                                                                                                                                                                                                                                                                                                                                                                                                                                                                                                                                                                                                                                                                                                                                                                                                                                                                                                                                                                                                                                                                                                                                                                                                                                                                                                                                                                                                                                                                                                                                                                                                                                                                                                                                                                                                                                                                                                                                                                                                                                                                                                                                                                                                                                                                                                                                                                                                                                                                                                                                                                                                                                                                                                                                                                                                                                                                                                                                                                                                                                                                                                                                                                                                                                                                                                                                                                                                                                                                                                                                                                                                                                                                                                                                                                                                                                                                                                                                                                                                                                                                                                                                                                                                                                                                                                                                                                                                                                                                                                                                                                                                                                                                                                                                                                                                                                                                                                                                                                                                                                                                                                                                                                                                                                                                                                                                                                                                                                                                                                                                                                                                                                                                                                                                                                                                                                                                                                                                                                                                                                                                                                                                                                                                                                                                                                                                                                                                                                                                                                                                                                                                                                                                                                                                                                                                                                                                                                                                                                                                                                                                                                                                                                                                                                                                                                                                                                                                                                                                                                                                                                                                                                                                                                                                                                                                                                                                                                                                                                                                                                                                                                                                                                                                                                                                                                                                                                                                                                                                                                                                                                                                                                                                                                                                                                                                                                                                                                                                                                                                                                                                                                                                                                                                                                                                                                                                                                                                                                                                                                                                                                                                                                                                                                                                                                                                                                                                                                                                                                                                                                                                                                                                                                                                                                                                                                                                                                                                                                                                                                                                                                                                                                                                                                                                                                                                                                                                                                                                                                                                                                                                                                                                                                                                                                                                                                                                                                                                                                                                                                                                                                                                                                                                                                                                                                                                                                                                                                                                                                                                                                                                                                                                                                                                                                                                                                                                                                                                                                                                                                                                                                                                                                                                                                                                                                                                                                                                                                                                                                                                                                                                                                                                                                                                                                                                                                                                                                                                                                                                                                                                                                                                                                                                                                                                                                                                                                                                                                                                                                                                                                                                                                                                                                                                                                                                                                                                                                                                                                                                                                                                                                                                                                                                                                                                                                                                                                                                                                                                                                                                                                                                                                                                                                                                                                                                                                                                                                                                                                                                                                                                                                                                                                                                                                                                                                                                                                                                                                                                                                                                                                                                                                                                                                                                                                                                                                                                                                                                                                                                                                                                                                                                                                                                                                                                                                                                                                                                                                                                                                                                                                                                                                                                                                                                                                                                                                                                                                                                                                                                                                                                                                                                                                                                                                                                                                                                                                                                                                                                                                                                                                                                                                                                                                                                                                                                                                                                                                                                                                                                                                                                                                                                                                                                                                                                                                                                                                                                                                                                                                                                                                                                                                                                                                                                                                                                                                                                                                                                                                                                                                                                                                                                                                                                                                                                                                                                                                                                                                                                                                                                                                                                                                                                                                                                                                                                                                                                                                                                                                                                                                                                                                                                                                                                                                                                                                                                                                                                                                                                                                                                                                                                                                                                                                                                                                                                                                                                                                                                                                                                                                                                                                                                                                                                                                                                                                                                                                                                                                                                                                                                                                                                                                                                                                                                                                                                                                                                                                                                                                                                                                                                                                                                                                                                                                                                                                                                                                                                                                                                                                                                                                                                                                                                                                                                                                                                                                                                                                                                                                                                                                                                                                                                                                                                                                                                                                                                                                                                                                                                                                                                                                                                                                                                                                                                                                                                                                                                                                                                                                                                                                                                                                                                                                                                                                                                                                                                                                                                                                                                                                                                                                                                                                                                                                                                                                                                                                                                                                                                                                                                                                                                                                                                                                                                                                                                                                                                                                                                                                                                                                                                                                                                                                                                                                                                                                                                                                                                                                                                                                                                                                                                                                                                                                                                                                                                                                                                                                                                                                                                                                                                                                                                                                                                                                                                                                                                                                                                                                                                                                                                                                                                                                                                                                                                                                                                                                                                                                                                                                                                                                                                                                                                                                                                                                                                                                                                                                                                                                                                                                                                                                                                                                                                                                                                                                                                                                                                                                                                                                                                                                                                                                                                                                                                                                                                                                                                                                                                                                                                                                                                                                                                                                                                                                                                                                                                                                                                                                                                                                                                                                                                                                                                                                                                                                                                                                                                                                                                                                                                                                                                                                                                                                                                                                                                                                                                                                                                                                                                                                                                                                                                                                                                                                                                                                                                                                                                                                                                                                                                                                                                                                                                                                                                                                                                                                                                                                                                                                                                                                                                                                                                                                                                                                                                                                                                                                                                                                                                                                                                                                                                                                                                                                                                                                                                                                                                                                                                                                                                                                                                                                                                                                                                                                                                                                                                                                                                                                                                                                                                                                                                                                                                                                                                                                                                                                                                                                                                                                                                                                                                                                                                                                                                                                                                                                                                                                                                                                                                                                                                                                                                                                                                                                                                                                                                                                                                                                                                                                                                                                                                                                                                                                                                                                                                                                                                                                                                                                                                                                                                                                                                                                                                                                                                                                                                                                                                                                                                                                                                                                                                                                                                                                                                                                                                                                                                                                                                                                                                                                                                                                                                                                                                                                                                                                                                                                                                                                                                                                                                                                                                                                                                                                                                                                                                                                                                                                                                                                                                                                                                                                                                                                                                                                                                                                                                                                                                                                                                                                                                                                                                                                                                                                                                                                                                                                                                                                                                                                                                                                                                                                                                                                                                                                                                                                                                                                                                                                                                                                                                                                                                                                                                                                                                                                                                                                                                                                                                                                                                                                                                                                                                                                                                                                                                                                                                                                                                                                                                                                                                                                                                                                                                                                                                                                                                                                                                                                                                                          |                                                                                                                                                                                     |                                                                                                                                                                             |   0%  |                                                                                                                                                                                     |=                                                                                                                                                                            |   0%  |                                                                                                                                                                                     |=                                                                                                                                                                            |   1%  |                                                                                                                                                                                     |==                                                                                                                                                                           |   1%  |                                                                                                                                                                                     |===                                                                                                                                                                          |   2%  |                                                                                                                                                                                     |====                                                                                                                                                                         |   2%  |                                                                                                                                                                                     |=====                                                                                                                                                                        |   3%  |                                                                                                                                                                                     |======                                                                                                                                                                       |   3%  |                                                                                                                                                                                     |======                                                                                                                                                                       |   4%  |                                                                                                                                                                                     |=======                                                                                                                                                                      |   4%  |                                                                                                                                                                                     |========                                                                                                                                                                     |   4%  |                                                                                                                                                                                     |========                                                                                                                                                                     |   5%  |                                                                                                                                                                                     |=========                                                                                                                                                                    |   5%  |                                                                                                                                                                                     |==========                                                                                                                                                                   |   6%  |                                                                                                                                                                                     |===========                                                                                                                                                                  |   6%  |                                                                                                                                                                                     |============                                                                                                                                                                 |   7%  |                                                                                                                                                                                     |=============                                                                                                                                                                |   7%  |                                                                                                                                                                                     |=============                                                                                                                                                                |   8%  |                                                                                                                                                                                     |==============                                                                                                                                                               |   8%  |                                                                                                                                                                                     |===============                                                                                                                                                              |   8%  |                                                                                                                                                                                     |===============                                                                                                                                                              |   9%  |                                                                                                                                                                                     |================                                                                                                                                                             |   9%  |                                                                                                                                                                                     |=================                                                                                                                                                            |  10%  |                                                                                                                                                                                     |==================                                                                                                                                                           |  10%  |                                                                                                                                                                                     |===================                                                                                                                                                          |  11%  |                                                                                                                                                                                     |====================                                                                                                                                                         |  11%  |                                                                                                                                                                                     |====================                                                                                                                                                         |  12%  |                                                                                                                                                                                     |=====================                                                                                                                                                        |  12%  |                                                                                                                                                                                     |======================                                                                                                                                                       |  12%  |                                                                                                                                                                                     |======================                                                                                                                                                       |  13%  |                                                                                                                                                                                     |=======================                                                                                                                                                      |  13%  |                                                                                                                                                                                     |========================                                                                                                                                                     |  14%  |                                                                                                                                                                                     |=========================                                                                                                                                                    |  14%  |                                                                                                                                                                                     |==========================                                                                                                                                                   |  15%  |                                                                                                                                                                                     |===========================                                                                                                                                                  |  15%  |                                                                                                                                                                                     |===========================                                                                                                                                                  |  16%  |                                                                                                                                                                                     |============================                                                                                                                                                 |  16%  |                                                                                                                                                                                     |=============================                                                                                                                                                |  16%  |                                                                                                                                                                                     |=============================                                                                                                                                                |  17%  |                                                                                                                                                                                     |==============================                                                                                                                                               |  17%  |                                                                                                                                                                                     |==============================                                                                                                                                               |  18%  |                                                                                                                                                                                     |===============================                                                                                                                                              |  18%  |                                                                                                                                                                                     |================================                                                                                                                                             |  19%  |                                                                                                                                                                                     |=================================                                                                                                                                            |  19%  |                                                                                                                                                                                     |==================================                                                                                                                                           |  20%  |                                                                                                                                                                                     |===================================                                                                                                                                          |  20%  |                                                                                                                                                                                     |====================================                                                                                                                                         |  21%  |                                                                                                                                                                                     |=====================================                                                                                                                                        |  21%  |                                                                                                                                                                                     |=====================================                                                                                                                                        |  22%  |                                                                                                                                                                                     |======================================                                                                                                                                       |  22%  |                                                                                                                                                                                     |=======================================                                                                                                                                      |  23%  |                                                                                                                                                                                     |========================================                                                                                                                                     |  23%  |                                                                                                                                                                                     |=========================================                                                                                                                                    |  24%  |                                                                                                                                                                                     |==========================================                                                                                                                                   |  24%  |                                                                                                                                                                                     |===========================================                                                                                                                                  |  25%  |                                                                                                                                                                                     |============================================                                                                                                                                 |  25%  |                                                                                                                                                                                     |============================================                                                                                                                                 |  26%  |                                                                                                                                                                                     |=============================================                                                                                                                                |  26%  |                                                                                                                                                                                     |==============================================                                                                                                                               |  27%  |                                                                                                                                                                                     |===============================================                                                                                                                              |  27%  |                                                                                                                                                                                     |================================================                                                                                                                             |  28%  |                                                                                                                                                                                     |=================================================                                                                                                                            |  28%  |                                                                                                                                                                                     |==================================================                                                                                                                           |  29%  |                                                                                                                                                                                     |===================================================                                                                                                                          |  29%  |                                                                                                                                                                                     |===================================================                                                                                                                          |  30%  |                                                                                                                                                                                     |====================================================                                                                                                                         |  30%  |                                                                                                                                                                                     |=====================================================                                                                                                                        |  31%  |                                                                                                                                                                                     |======================================================                                                                                                                       |  31%  |                                                                                                                                                                                     |=======================================================                                                                                                                      |  32%  |                                                                                                                                                                                     |========================================================                                                                                                                     |  32%  |                                                                                                                                                                                     |=========================================================                                                                                                                    |  33%  |                                                                                                                                                                                     |==========================================================                                                                                                                   |  33%  |                                                                                                                                                                                     |==========================================================                                                                                                                   |  34%  |                                                                                                                                                                                     |===========================================================                                                                                                                  |  34%  |                                                                                                                                                                                     |============================================================                                                                                                                 |  35%  |                                                                                                                                                                                     |=============================================================                                                                                                                |  35%  |                                                                                                                                                                                     |==============================================================                                                                                                               |  36%  |                                                                                                                                                                                     |===============================================================                                                                                                              |  36%  |                                                                                                                                                                                     |===============================================================                                                                                                              |  37%  |                                                                                                                                                                                     |================================================================                                                                                                             |  37%  |                                                                                                                                                                                     |=================================================================                                                                                                            |  37%  |                                                                                                                                                                                     |=================================================================                                                                                                            |  38%  |                                                                                                                                                                                     |==================================================================                                                                                                           |  38%  |                                                                                                                                                                                     |===================================================================                                                                                                          |  39%  |                                                                                                                                                                                     |====================================================================                                                                                                         |  39%  |                                                                                                                                                                                     |=====================================================================                                                                                                        |  40%  |                                                                                                                                                                                     |======================================================================                                                                                                       |  40%  |                                                                                                                                                                                     |======================================================================                                                                                                       |  41%  |                                                                                                                                                                                     |=======================================================================                                                                                                      |  41%  |                                                                                                                                                                                     |========================================================================                                                                                                     |  41%  |                                                                                                                                                                                     |========================================================================                                                                                                     |  42%  |                                                                                                                                                                                     |=========================================================================                                                                                                    |  42%  |                                                                                                                                                                                     |==========================================================================                                                                                                   |  43%  |                                                                                                                                                                                     |===========================================================================                                                                                                  |  43%  |                                                                                                                                                                                     |============================================================================                                                                                                 |  44%  |                                                                                                                                                                                     |=============================================================================                                                                                                |  44%  |                                                                                                                                                                                     |=============================================================================                                                                                                |  45%  |                                                                                                                                                                                     |==============================================================================                                                                                               |  45%  |                                                                                                                                                                                     |===============================================================================                                                                                              |  45%  |                                                                                                                                                                                     |===============================================================================                                                                                              |  46%  |                                                                                                                                                                                     |================================================================================                                                                                             |  46%  |                                                                                                                                                                                     |=================================================================================                                                                                            |  47%  |                                                                                                                                                                                     |==================================================================================                                                                                           |  47%  |                                                                                                                                                                                     |===================================================================================                                                                                          |  48%  |                                                                                                                                                                                     |====================================================================================                                                                                         |  48%  |                                                                                                                                                                                     |====================================================================================                                                                                         |  49%  |                                                                                                                                                                                     |=====================================================================================                                                                                        |  49%  |                                                                                                                                                                                     |======================================================================================                                                                                       |  49%  |                                                                                                                                                                                     |======================================================================================                                                                                       |  50%  |                                                                                                                                                                                     |=======================================================================================                                                                                      |  50%  |                                                                                                                                                                                     |=======================================================================================                                                                                      |  51%  |                                                                                                                                                                                     |========================================================================================                                                                                     |  51%  |                                                                                                                                                                                     |=========================================================================================                                                                                    |  51%  |                                                                                                                                                                                     |=========================================================================================                                                                                    |  52%  |                                                                                                                                                                                     |==========================================================================================                                                                                   |  52%  |                                                                                                                                                                                     |===========================================================================================                                                                                  |  53%  |                                                                                                                                                                                     |============================================================================================                                                                                 |  53%  |                                                                                                                                                                                     |=============================================================================================                                                                                |  54%  |                                                                                                                                                                                     |==============================================================================================                                                                               |  54%  |                                                                                                                                                                                     |==============================================================================================                                                                               |  55%  |                                                                                                                                                                                     |===============================================================================================                                                                              |  55%  |                                                                                                                                                                                     |================================================================================================                                                                             |  55%  |                                                                                                                                                                                     |================================================================================================                                                                             |  56%  |                                                                                                                                                                                     |=================================================================================================                                                                            |  56%  |                                                                                                                                                                                     |==================================================================================================                                                                           |  57%  |                                                                                                                                                                                     |===================================================================================================                                                                          |  57%  |                                                                                                                                                                                     |====================================================================================================                                                                         |  58%  |                                                                                                                                                                                     |=====================================================================================================                                                                        |  58%  |                                                                                                                                                                                     |=====================================================================================================                                                                        |  59%  |                                                                                                                                                                                     |======================================================================================================                                                                       |  59%  |                                                                                                                                                                                     |=======================================================================================================                                                                      |  59%  |                                                                                                                                                                                     |=======================================================================================================                                                                      |  60%  |                                                                                                                                                                                     |========================================================================================================                                                                     |  60%  |                                                                                                                                                                                     |=========================================================================================================                                                                    |  61%  |                                                                                                                                                                                     |==========================================================================================================                                                                   |  61%  |                                                                                                                                                                                     |===========================================================================================================                                                                  |  62%  |                                                                                                                                                                                     |============================================================================================================                                                                 |  62%  |                                                                                                                                                                                     |============================================================================================================                                                                 |  63%  |                                                                                                                                                                                     |=============================================================================================================                                                                |  63%  |                                                                                                                                                                                     |==============================================================================================================                                                               |  63%  |                                                                                                                                                                                     |==============================================================================================================                                                               |  64%  |                                                                                                                                                                                     |===============================================================================================================                                                              |  64%  |                                                                                                                                                                                     |================================================================================================================                                                             |  65%  |                                                                                                                                                                                     |=================================================================================================================                                                            |  65%  |                                                                                                                                                                                     |==================================================================================================================                                                           |  66%  |                                                                                                                                                                                     |===================================================================================================================                                                          |  66%  |                                                                                                                                                                                     |===================================================================================================================                                                          |  67%  |                                                                                                                                                                                     |====================================================================================================================                                                         |  67%  |                                                                                                                                                                                     |=====================================================================================================================                                                        |  68%  |                                                                                                                                                                                     |======================================================================================================================                                                       |  68%  |                                                                                                                                                                                     |=======================================================================================================================                                                      |  69%  |                                                                                                                                                                                     |========================================================================================================================                                                     |  69%  |                                                                                                                                                                                     |=========================================================================================================================                                                    |  70%  |                                                                                                                                                                                     |==========================================================================================================================                                                   |  70%  |                                                                                                                                                                                     |==========================================================================================================================                                                   |  71%  |                                                                                                                                                                                     |===========================================================================================================================                                                  |  71%  |                                                                                                                                                                                     |============================================================================================================================                                                 |  72%  |                                                                                                                                                                                     |=============================================================================================================================                                                |  72%  |                                                                                                                                                                                     |==============================================================================================================================                                               |  73%  |                                                                                                                                                                                     |===============================================================================================================================                                              |  73%  |                                                                                                                                                                                     |================================================================================================================================                                             |  74%  |                                                                                                                                                                                     |=================================================================================================================================                                            |  74%  |                                                                                                                                                                                     |=================================================================================================================================                                            |  75%  |                                                                                                                                                                                     |==================================================================================================================================                                           |  75%  |                                                                                                                                                                                     |===================================================================================================================================                                          |  76%  |                                                                                                                                                                                     |====================================================================================================================================                                         |  76%  |                                                                                                                                                                                     |=====================================================================================================================================                                        |  77%  |                                                                                                                                                                                     |======================================================================================================================================                                       |  77%  |                                                                                                                                                                                     |=======================================================================================================================================                                      |  78%  |                                                                                                                                                                                     |========================================================================================================================================                                     |  78%  |                                                                                                                                                                                     |========================================================================================================================================                                     |  79%  |                                                                                                                                                                                     |=========================================================================================================================================                                    |  79%  |                                                                                                                                                                                     |==========================================================================================================================================                                   |  80%  |                                                                                                                                                                                     |===========================================================================================================================================                                  |  80%  |                                                                                                                                                                                     |============================================================================================================================================                                 |  81%  |                                                                                                                                                                                     |=============================================================================================================================================                                |  81%  |                                                                                                                                                                                     |==============================================================================================================================================                               |  82%  |                                                                                                                                                                                     |===============================================================================================================================================                              |  82%  |                                                                                                                                                                                     |===============================================================================================================================================                              |  83%  |                                                                                                                                                                                     |================================================================================================================================================                             |  83%  |                                                                                                                                                                                     |================================================================================================================================================                             |  84%  |                                                                                                                                                                                     |=================================================================================================================================================                            |  84%  |                                                                                                                                                                                     |==================================================================================================================================================                           |  84%  |                                                                                                                                                                                     |==================================================================================================================================================                           |  85%  |                                                                                                                                                                                     |===================================================================================================================================================                          |  85%  |                                                                                                                                                                                     |====================================================================================================================================================                         |  86%  |                                                                                                                                                                                     |=====================================================================================================================================================                        |  86%  |                                                                                                                                                                                     |======================================================================================================================================================                       |  87%  |                                                                                                                                                                                     |=======================================================================================================================================================                      |  87%  |                                                                                                                                                                                     |=======================================================================================================================================================                      |  88%  |                                                                                                                                                                                     |========================================================================================================================================================                     |  88%  |                                                                                                                                                                                     |=========================================================================================================================================================                    |  88%  |                                                                                                                                                                                     |=========================================================================================================================================================                    |  89%  |                                                                                                                                                                                     |==========================================================================================================================================================                   |  89%  |                                                                                                                                                                                     |===========================================================================================================================================================                  |  90%  |                                                                                                                                                                                     |============================================================================================================================================================                 |  90%  |                                                                                                                                                                                     |=============================================================================================================================================================                |  91%  |                                                                                                                                                                                     |==============================================================================================================================================================               |  91%  |                                                                                                                                                                                     |==============================================================================================================================================================               |  92%  |                                                                                                                                                                                     |===============================================================================================================================================================              |  92%  |                                                                                                                                                                                     |================================================================================================================================================================             |  92%  |                                                                                                                                                                                     |================================================================================================================================================================             |  93%  |                                                                                                                                                                                     |=================================================================================================================================================================            |  93%  |                                                                                                                                                                                     |==================================================================================================================================================================           |  94%  |                                                                                                                                                                                     |===================================================================================================================================================================          |  94%  |                                                                                                                                                                                     |====================================================================================================================================================================         |  95%  |                                                                                                                                                                                     |=====================================================================================================================================================================        |  95%  |                                                                                                                                                                                     |=====================================================================================================================================================================        |  96%  |                                                                                                                                                                                     |======================================================================================================================================================================       |  96%  |                                                                                                                                                                                     |=======================================================================================================================================================================      |  96%  |                                                                                                                                                                                     |=======================================================================================================================================================================      |  97%  |                                                                                                                                                                                     |========================================================================================================================================================================     |  97%  |                                                                                                                                                                                     |=========================================================================================================================================================================    |  98%  |                                                                                                                                                                                     |==========================================================================================================================================================================   |  98%  |                                                                                                                                                                                     |===========================================================================================================================================================================  |  99%  |                                                                                                                                                                                     |============================================================================================================================================================================ |  99%  |                                                                                                                                                                                     |============================================================================================================================================================================ | 100%  |                                                                                                                                                                                     |=============================================================================================================================================================================| 100%
Executing SQL took 13 secs
Connecting using PostgreSQL driver
  |                                                                                                                                                                                     |                                                                                                                                                                             |   0%  |                                                                                                                                                                                     |==                                                                                                                                                                           |   1%  |                                                                                                                                                                                     |====                                                                                                                                                                         |   2%  |                                                                                                                                                                                     |======                                                                                                                                                                       |   4%  |                                                                                                                                                                                     |=========                                                                                                                                                                    |   5%  |                                                                                                                                                                                     |===========                                                                                                                                                                  |   6%  |                                                                                                                                                                                     |=============                                                                                                                                                                |   8%  |                                                                                                                                                                                     |===============                                                                                                                                                              |   9%  |                                                                                                                                                                                     |=================                                                                                                                                                            |  10%  |                                                                                                                                                                                     |===================                                                                                                                                                          |  11%  |                                                                                                                                                                                     |======================                                                                                                                                                       |  12%  |                                                                                                                                                                                     |========================                                                                                                                                                     |  14%  |                                                                                                                                                                                     |==========================                                                                                                                                                   |  15%  |                                                                                                                                                                                     |============================                                                                                                                                                 |  16%  |                                                                                                                                                                                     |==============================                                                                                                                                               |  18%  |                                                                                                                                                                                     |================================                                                                                                                                             |  19%  |                                                                                                                                                                                     |===================================                                                                                                                                          |  20%  |                                                                                                                                                                                     |=====================================                                                                                                                                        |  21%  |                                                                                                                                                                                     |=======================================                                                                                                                                      |  22%  |                                                                                                                                                                                     |=========================================                                                                                                                                    |  24%  |                                                                                                                                                                                     |===========================================                                                                                                                                  |  25%  |                                                                                                                                                                                     |=============================================                                                                                                                                |  26%  |                                                                                                                                                                                     |================================================                                                                                                                             |  28%  |                                                                                                                                                                                     |==================================================                                                                                                                           |  29%  |                                                                                                                                                                                     |====================================================                                                                                                                         |  30%  |                                                                                                                                                                                     |======================================================                                                                                                                       |  31%  |                                                                                                                                                                                     |========================================================                                                                                                                     |  32%  |                                                                                                                                                                                     |==========================================================                                                                                                                   |  34%  |                                                                                                                                                                                     |=============================================================                                                                                                                |  35%  |                                                                                                                                                                                     |===============================================================                                                                                                              |  36%  |                                                                                                                                                                                     |=================================================================                                                                                                            |  38%  |                                                                                                                                                                                     |===================================================================                                                                                                          |  39%  |                                                                                                                                                                                     |=====================================================================                                                                                                        |  40%  |                                                                                                                                                                                     |=======================================================================                                                                                                      |  41%  |                                                                                                                                                                                     |==========================================================================                                                                                                   |  42%  |                                                                                                                                                                                     |============================================================================                                                                                                 |  44%  |                                                                                                                                                                                     |==============================================================================                                                                                               |  45%  |                                                                                                                                                                                     |================================================================================                                                                                             |  46%  |                                                                                                                                                                                     |==================================================================================                                                                                           |  48%  |                                                                                                                                                                                     |====================================================================================                                                                                         |  49%  |                                                                                                                                                                                     |======================================================================================                                                                                       |  50%  |                                                                                                                                                                                     |=========================================================================================                                                                                    |  51%  |                                                                                                                                                                                     |===========================================================================================                                                                                  |  52%  |                                                                                                                                                                                     |=============================================================================================                                                                                |  54%  |                                                                                                                                                                                     |===============================================================================================                                                                              |  55%  |                                                                                                                                                                                     |=================================================================================================                                                                            |  56%  |                                                                                                                                                                                     |===================================================================================================                                                                          |  57%  |                                                                                                                                                                                     |======================================================================================================                                                                       |  59%  |                                                                                                                                                                                     |========================================================================================================                                                                     |  60%  |                                                                                                                                                                                     |==========================================================================================================                                                                   |  61%  |                                                                                                                                                                                     |============================================================================================================                                                                 |  62%  |                                                                                                                                                                                     |==============================================================================================================                                                               |  64%  |                                                                                                                                                                                     |================================================================================================================                                                             |  65%  |                                                                                                                                                                                     |===================================================================================================================                                                          |  66%  |                                                                                                                                                                                     |=====================================================================================================================                                                        |  68%  |                                                                                                                                                                                     |=======================================================================================================================                                                      |  69%  |                                                                                                                                                                                     |=========================================================================================================================                                                    |  70%  |                                                                                                                                                                                     |===========================================================================================================================                                                  |  71%  |                                                                                                                                                                                     |=============================================================================================================================                                                |  72%  |                                                                                                                                                                                     |================================================================================================================================                                             |  74%  |                                                                                                                                                                                     |==================================================================================================================================                                           |  75%  |                                                                                                                                                                                     |====================================================================================================================================                                         |  76%  |                                                                                                                                                                                     |======================================================================================================================================                                       |  78%  |                                                                                                                                                                                     |========================================================================================================================================                                     |  79%  |                                                                                                                                                                                     |==========================================================================================================================================                                   |  80%  |                                                                                                                                                                                     |=============================================================================================================================================                                |  81%  |                                                                                                                                                                                     |===============================================================================================================================================                              |  82%  |                                                                                                                                                                                     |=================================================================================================================================================                            |  84%  |                                                                                                                                                                                     |===================================================================================================================================================                          |  85%  |                                                                                                                                                                                     |=====================================================================================================================================================                        |  86%  |                                                                                                                                                                                     |=======================================================================================================================================================                      |  88%  |                                                                                                                                                                                     |==========================================================================================================================================================                   |  89%  |                                                                                                                                                                                     |============================================================================================================================================================                 |  90%  |                                                                                                                                                                                     |==============================================================================================================================================================               |  91%  |                                                                                                                                                                                     |================================================================================================================================================================             |  92%  |                                                                                                                                                                                     |==================================================================================================================================================================           |  94%  |                                                                                                                                                                                     |====================================================================================================================================================================         |  95%  |                                                                                                                                                                                     |=======================================================================================================================================================================      |  96%  |                                                                                                                                                                                     |=========================================================================================================================================================================    |  98%  |                                                                                                                                                                                     |===========================================================================================================================================================================  |  99%  |                                                                                                                                                                                     |=============================================================================================================================================================================| 100%
Executing SQL took 4.06 secs
Connecting using PostgreSQL driver
  |                                                                                                                                                                                     |                                                                                                                                                                             |   0%  |                                                                                                                                                                                     |==                                                                                                                                                                           |   1%  |                                                                                                                                                                                     |====                                                                                                                                                                         |   2%  |                                                                                                                                                                                     |======                                                                                                                                                                       |   4%  |                                                                                                                                                                                     |=========                                                                                                                                                                    |   5%  |                                                                                                                                                                                     |===========                                                                                                                                                                  |   6%  |                                                                                                                                                                                     |=============                                                                                                                                                                |   8%  |                                                                                                                                                                                     |===============                                                                                                                                                              |   9%  |                                                                                                                                                                                     |=================                                                                                                                                                            |  10%  |                                                                                                                                                                                     |===================                                                                                                                                                          |  11%  |                                                                                                                                                                                     |======================                                                                                                                                                       |  12%  |                                                                                                                                                                                     |========================                                                                                                                                                     |  14%  |                                                                                                                                                                                     |==========================                                                                                                                                                   |  15%  |                                                                                                                                                                                     |============================                                                                                                                                                 |  16%  |                                                                                                                                                                                     |==============================                                                                                                                                               |  18%  |                                                                                                                                                                                     |================================                                                                                                                                             |  19%  |                                                                                                                                                                                     |===================================                                                                                                                                          |  20%  |                                                                                                                                                                                     |=====================================                                                                                                                                        |  21%  |                                                                                                                                                                                     |=======================================                                                                                                                                      |  22%  |                                                                                                                                                                                     |=========================================                                                                                                                                    |  24%  |                                                                                                                                                                                     |===========================================                                                                                                                                  |  25%  |                                                                                                                                                                                     |=============================================                                                                                                                                |  26%  |                                                                                                                                                                                     |================================================                                                                                                                             |  28%  |                                                                                                                                                                                     |==================================================                                                                                                                           |  29%  |                                                                                                                                                                                     |====================================================                                                                                                                         |  30%  |                                                                                                                                                                                     |======================================================                                                                                                                       |  31%  |                                                                                                                                                                                     |========================================================                                                                                                                     |  32%  |                                                                                                                                                                                     |==========================================================                                                                                                                   |  34%  |                                                                                                                                                                                     |=============================================================                                                                                                                |  35%  |                                                                                                                                                                                     |===============================================================                                                                                                              |  36%  |                                                                                                                                                                                     |=================================================================                                                                                                            |  38%  |                                                                                                                                                                                     |===================================================================                                                                                                          |  39%  |                                                                                                                                                                                     |=====================================================================                                                                                                        |  40%  |                                                                                                                                                                                     |=======================================================================                                                                                                      |  41%  |                                                                                                                                                                                     |==========================================================================                                                                                                   |  42%  |                                                                                                                                                                                     |============================================================================                                                                                                 |  44%  |                                                                                                                                                                                     |==============================================================================                                                                                               |  45%  |                                                                                                                                                                                     |================================================================================                                                                                             |  46%  |                                                                                                                                                                                     |==================================================================================                                                                                           |  48%  |                                                                                                                                                                                     |====================================================================================                                                                                         |  49%  |                                                                                                                                                                                     |======================================================================================                                                                                       |  50%  |                                                                                                                                                                                     |=========================================================================================                                                                                    |  51%  |                                                                                                                                                                                     |===========================================================================================                                                                                  |  52%  |                                                                                                                                                                                     |=============================================================================================                                                                                |  54%  |                                                                                                                                                                                     |===============================================================================================                                                                              |  55%  |                                                                                                                                                                                     |=================================================================================================                                                                            |  56%  |                                                                                                                                                                                     |===================================================================================================                                                                          |  57%  |                                                                                                                                                                                     |======================================================================================================                                                                       |  59%  |                                                                                                                                                                                     |========================================================================================================                                                                     |  60%  |                                                                                                                                                                                     |==========================================================================================================                                                                   |  61%  |                                                                                                                                                                                     |============================================================================================================                                                                 |  62%  |                                                                                                                                                                                     |==============================================================================================================                                                               |  64%  |                                                                                                                                                                                     |================================================================================================================                                                             |  65%  |                                                                                                                                                                                     |===================================================================================================================                                                          |  66%  |                                                                                                                                                                                     |=====================================================================================================================                                                        |  68%  |                                                                                                                                                                                     |=======================================================================================================================                                                      |  69%  |                                                                                                                                                                                     |=========================================================================================================================                                                    |  70%  |                                                                                                                                                                                     |===========================================================================================================================                                                  |  71%  |                                                                                                                                                                                     |=============================================================================================================================                                                |  72%  |                                                                                                                                                                                     |================================================================================================================================                                             |  74%  |                                                                                                                                                                                     |==================================================================================================================================                                           |  75%  |                                                                                                                                                                                     |====================================================================================================================================                                         |  76%  |                                                                                                                                                                                     |======================================================================================================================================                                       |  78%  |                                                                                                                                                                                     |========================================================================================================================================                                     |  79%  |                                                                                                                                                                                     |==========================================================================================================================================                                   |  80%  |                                                                                                                                                                                     |=============================================================================================================================================                                |  81%  |                                                                                                                                                                                     |===============================================================================================================================================                              |  82%  |                                                                                                                                                                                     |=================================================================================================================================================                            |  84%  |                                                                                                                                                                                     |===================================================================================================================================================                          |  85%  |                                                                                                                                                                                     |=====================================================================================================================================================                        |  86%  |                                                                                                                                                                                     |=======================================================================================================================================================                      |  88%  |                                                                                                                                                                                     |==========================================================================================================================================================                   |  89%  |                                                                                                                                                                                     |============================================================================================================================================================                 |  90%  |                                                                                                                                                                                     |==============================================================================================================================================================               |  91%  |                                                                                                                                                                                     |================================================================================================================================================================             |  92%  |                                                                                                                                                                                     |==================================================================================================================================================================           |  94%  |                                                                                                                                                                                     |====================================================================================================================================================================         |  95%  |                                                                                                                                                                                     |=======================================================================================================================================================================      |  96%  |                                                                                                                                                                                     |=========================================================================================================================================================================    |  98%  |                                                                                                                                                                                     |===========================================================================================================================================================================  |  99%  |                                                                                                                                                                                     |=============================================================================================================================================================================| 100%
Executing SQL took 4.04 secs
Connecting using PostgreSQL driver
  |                                                                                                                                                                                     |                                                                                                                                                                             |   0%  |                                                                                                                                                                                     |==                                                                                                                                                                           |   1%  |                                                                                                                                                                                     |====                                                                                                                                                                         |   2%  |                                                                                                                                                                                     |======                                                                                                                                                                       |   4%  |                                                                                                                                                                                     |=========                                                                                                                                                                    |   5%  |                                                                                                                                                                                     |===========                                                                                                                                                                  |   6%  |                                                                                                                                                                                     |=============                                                                                                                                                                |   8%  |                                                                                                                                                                                     |===============                                                                                                                                                              |   9%  |                                                                                                                                                                                     |=================                                                                                                                                                            |  10%  |                                                                                                                                                                                     |===================                                                                                                                                                          |  11%  |                                                                                                                                                                                     |======================                                                                                                                                                       |  12%  |                                                                                                                                                                                     |========================                                                                                                                                                     |  14%  |                                                                                                                                                                                     |==========================                                                                                                                                                   |  15%  |                                                                                                                                                                                     |============================                                                                                                                                                 |  16%  |                                                                                                                                                                                     |==============================                                                                                                                                               |  18%  |                                                                                                                                                                                     |================================                                                                                                                                             |  19%  |                                                                                                                                                                                     |===================================                                                                                                                                          |  20%  |                                                                                                                                                                                     |=====================================                                                                                                                                        |  21%  |                                                                                                                                                                                     |=======================================                                                                                                                                      |  22%  |                                                                                                                                                                                     |=========================================                                                                                                                                    |  24%  |                                                                                                                                                                                     |===========================================                                                                                                                                  |  25%  |                                                                                                                                                                                     |=============================================                                                                                                                                |  26%  |                                                                                                                                                                                     |================================================                                                                                                                             |  28%  |                                                                                                                                                                                     |==================================================                                                                                                                           |  29%  |                                                                                                                                                                                     |====================================================                                                                                                                         |  30%  |                                                                                                                                                                                     |======================================================                                                                                                                       |  31%  |                                                                                                                                                                                     |========================================================                                                                                                                     |  32%  |                                                                                                                                                                                     |==========================================================                                                                                                                   |  34%  |                                                                                                                                                                                     |=============================================================                                                                                                                |  35%  |                                                                                                                                                                                     |===============================================================                                                                                                              |  36%  |                                                                                                                                                                                     |=================================================================                                                                                                            |  38%  |                                                                                                                                                                                     |===================================================================                                                                                                          |  39%  |                                                                                                                                                                                     |=====================================================================                                                                                                        |  40%  |                                                                                                                                                                                     |=======================================================================                                                                                                      |  41%  |                                                                                                                                                                                     |==========================================================================                                                                                                   |  42%  |                                                                                                                                                                                     |============================================================================                                                                                                 |  44%  |                                                                                                                                                                                     |==============================================================================                                                                                               |  45%  |                                                                                                                                                                                     |================================================================================                                                                                             |  46%  |                                                                                                                                                                                     |==================================================================================                                                                                           |  48%  |                                                                                                                                                                                     |====================================================================================                                                                                         |  49%  |                                                                                                                                                                                     |======================================================================================                                                                                       |  50%  |                                                                                                                                                                                     |=========================================================================================                                                                                    |  51%  |                                                                                                                                                                                     |===========================================================================================                                                                                  |  52%  |                                                                                                                                                                                     |=============================================================================================                                                                                |  54%  |                                                                                                                                                                                     |===============================================================================================                                                                              |  55%  |                                                                                                                                                                                     |=================================================================================================                                                                            |  56%  |                                                                                                                                                                                     |===================================================================================================                                                                          |  57%  |                                                                                                                                                                                     |======================================================================================================                                                                       |  59%  |                                                                                                                                                                                     |========================================================================================================                                                                     |  60%  |                                                                                                                                                                                     |==========================================================================================================                                                                   |  61%  |                                                                                                                                                                                     |============================================================================================================                                                                 |  62%  |                                                                                                                                                                                     |==============================================================================================================                                                               |  64%  |                                                                                                                                                                                     |================================================================================================================                                                             |  65%  |                                                                                                                                                                                     |===================================================================================================================                                                          |  66%  |                                                                                                                                                                                     |=====================================================================================================================                                                        |  68%  |                                                                                                                                                                                     |=======================================================================================================================                                                      |  69%  |                                                                                                                                                                                     |=========================================================================================================================                                                    |  70%  |                                                                                                                                                                                     |===========================================================================================================================                                                  |  71%  |                                                                                                                                                                                     |=============================================================================================================================                                                |  72%  |                                                                                                                                                                                     |================================================================================================================================                                             |  74%  |                                                                                                                                                                                     |==================================================================================================================================                                           |  75%  |                                                                                                                                                                                     |====================================================================================================================================                                         |  76%  |                                                                                                                                                                                     |======================================================================================================================================                                       |  78%  |                                                                                                                                                                                     |========================================================================================================================================                                     |  79%  |                                                                                                                                                                                     |==========================================================================================================================================                                   |  80%  |                                                                                                                                                                                     |=============================================================================================================================================                                |  81%  |                                                                                                                                                                                     |===============================================================================================================================================                              |  82%  |                                                                                                                                                                                     |=================================================================================================================================================                            |  84%  |                                                                                                                                                                                     |===================================================================================================================================================                          |  85%  |                                                                                                                                                                                     |=====================================================================================================================================================                        |  86%  |                                                                                                                                                                                     |=======================================================================================================================================================                      |  88%  |                                                                                                                                                                                     |==========================================================================================================================================================                   |  89%  |                                                                                                                                                                                     |============================================================================================================================================================                 |  90%  |                                                                                                                                                                                     |==============================================================================================================================================================               |  91%  |                                                                                                                                                                                     |================================================================================================================================================================             |  92%  |                                                                                                                                                                                     |==================================================================================================================================================================           |  94%  |                                                                                                                                                                                     |====================================================================================================================================================================         |  95%  |                                                                                                                                                                                     |=======================================================================================================================================================================      |  96%  |                                                                                                                                                                                     |=========================================================================================================================================================================    |  98%  |                                                                                                                                                                                     |===========================================================================================================================================================================  |  99%  |                                                                                                                                                                                     |=============================================================================================================================================================================| 100%
Executing SQL took 1.87 secs
