TRUNCATE TABLE premier_tests_native.poorigin;
TRUNCATE TABLE premier_tests_native._lookup_datadictionary;
TRUNCATE TABLE premier_tests_native.admtype;
TRUNCATE TABLE premier_tests_native.hospchg;
TRUNCATE TABLE premier_tests_native.pataprdrg;
TRUNCATE TABLE premier_tests_native.disstat;
TRUNCATE TABLE premier_tests_native.msdrg;
TRUNCATE TABLE premier_tests_native.lab_sens_result;
TRUNCATE TABLE premier_tests_native.physpec;
TRUNCATE TABLE premier_tests_native.pat;
TRUNCATE TABLE premier_tests_native.lab_result;
TRUNCATE TABLE premier_tests_native.patcpt;
TRUNCATE TABLE premier_tests_native.chgmstr;
TRUNCATE TABLE premier_tests_native.pattype;
TRUNCATE TABLE premier_tests_native._version;
TRUNCATE TABLE premier_tests_native.paticd_diag;
TRUNCATE TABLE premier_tests_native.patbill;
TRUNCATE TABLE premier_tests_native.msdrgmdc;
TRUNCATE TABLE premier_tests_native.payor;
TRUNCATE TABLE premier_tests_native.vitals;
TRUNCATE TABLE premier_tests_native.icdcode;
TRUNCATE TABLE premier_tests_native.prov_enrollment;
TRUNCATE TABLE premier_tests_native.genlab;
TRUNCATE TABLE premier_tests_native.aprdrg;
TRUNCATE TABLE premier_tests_native.providers;
TRUNCATE TABLE premier_tests_native.paticd_proc;
TRUNCATE TABLE premier_tests_native.cptcode;
TRUNCATE TABLE premier_tests_native.icdpoa;
-- 1: ICD9CM record from PATICD_DIAG to condition_occurrence table
INSERT INTO premier_tests_native.pat(pat_key, adm_date, disc_mon, disc_date, prov_id, i_o_ind, pat_type, point_of_origin, adm_type, disc_status, mart_status, age, gender, race, admphy_spec, adm_phy, attphy_spec, att_phy, std_payor, los, pat_charges, pat_cost, pat_fix_cost, pat_var_cost, medrec_key, ms_drg, ms_drg_mdc, hispanic_ind, publish_type) VALUES ('2', '2005-01-01', '2021309', '2005-01-01', '1784', 'O', '28', '1', '3', '1', 'S', '33', 'F', 'W', '900', '999999999', '4028', '35227191', '360', '0', '100.00', '0.00', '0.00', '0.00', '1', '0', '0000', 'N', 'CP');
INSERT INTO premier_tests_native.patbill(pat_key, std_chg_code, hosp_chg_id, serv_date, hosp_qty, std_qty, bill_charges, bill_cost, bill_var_cost, bill_fix_cost) VALUES ('2', '110229000020000', '133918884', NULL, '1.00', '1.00', '0.00', '0.00', '0.00', '0.00');
INSERT INTO premier_tests_native.paticd_diag(pat_key, icd_version, icd_code, icd_pri_sec, icd_poa) VALUES ('2', '9', '112.89', 'S', '9');
-- 3: ICD10CM record from PATICD_DIAG to condition_occurrence table
INSERT INTO premier_tests_native.pat(pat_key, adm_date, disc_mon, disc_date, prov_id, i_o_ind, pat_type, point_of_origin, adm_type, disc_status, mart_status, age, gender, race, admphy_spec, adm_phy, attphy_spec, att_phy, std_payor, los, pat_charges, pat_cost, pat_fix_cost, pat_var_cost, medrec_key, ms_drg, ms_drg_mdc, hispanic_ind, publish_type) VALUES ('4', '2004-03-01', '2021309', '2004-03-01', '1784', 'O', '28', '1', '3', '1', 'S', '33', 'F', 'W', '900', '999999999', '4028', '35227191', '360', '0', '100.00', '0.00', '0.00', '0.00', '3', '0', '0000', 'N', 'CP');
INSERT INTO premier_tests_native.patbill(pat_key, std_chg_code, hosp_chg_id, serv_date, hosp_qty, std_qty, bill_charges, bill_cost, bill_var_cost, bill_fix_cost) VALUES ('4', '110229000020000', '133918884', NULL, '1.00', '1.00', '0.00', '0.00', '0.00', '0.00');
INSERT INTO premier_tests_native.paticd_diag(pat_key, icd_version, icd_code, icd_pri_sec, icd_poa) VALUES ('4', '10', 'M05.421', 'S', '9');
-- 5: PATICD_DIAG.ICD_PRI_SEC = A to CONDITION_STATUS_CONCEPT_ID = 32890
INSERT INTO premier_tests_native.pat(pat_key, adm_date, disc_mon, disc_date, prov_id, i_o_ind, pat_type, point_of_origin, adm_type, disc_status, mart_status, age, gender, race, admphy_spec, adm_phy, attphy_spec, att_phy, std_payor, los, pat_charges, pat_cost, pat_fix_cost, pat_var_cost, medrec_key, ms_drg, ms_drg_mdc, hispanic_ind, publish_type) VALUES ('6', '2020-02-10', '2021309', '2021-09-30', '1784', 'O', '28', '1', '3', '1', 'S', '33', 'F', 'W', '900', '999999999', '4028', '35227191', '360', '0', '100.00', '0.00', '0.00', '0.00', '5', '0', '0000', 'N', 'CP');
INSERT INTO premier_tests_native.paticd_diag(pat_key, icd_version, icd_code, icd_pri_sec, icd_poa) VALUES ('6', '10', 'I10', 'A', '9');
-- 7: PATICD_DIAG.ICD_PRI_SEC = P to CONDITION_STATUS_CONCEPT_ID = 32902
INSERT INTO premier_tests_native.pat(pat_key, adm_date, disc_mon, disc_date, prov_id, i_o_ind, pat_type, point_of_origin, adm_type, disc_status, mart_status, age, gender, race, admphy_spec, adm_phy, attphy_spec, att_phy, std_payor, los, pat_charges, pat_cost, pat_fix_cost, pat_var_cost, medrec_key, ms_drg, ms_drg_mdc, hispanic_ind, publish_type) VALUES ('8', '2020-02-10', '2021309', '2021-09-30', '1784', 'O', '28', '1', '3', '1', 'S', '33', 'F', 'W', '900', '999999999', '4028', '35227191', '360', '0', '100.00', '0.00', '0.00', '0.00', '7', '0', '0000', 'N', 'CP');
INSERT INTO premier_tests_native.paticd_diag(pat_key, icd_version, icd_code, icd_pri_sec, icd_poa) VALUES ('8', '10', 'I10', 'P', '9');
-- 9: PATICD_DIAG.ICD_PRI_SEC = S to CONDITION_STATUS_CONCEPT_ID = 32908
INSERT INTO premier_tests_native.pat(pat_key, adm_date, disc_mon, disc_date, prov_id, i_o_ind, pat_type, point_of_origin, adm_type, disc_status, mart_status, age, gender, race, admphy_spec, adm_phy, attphy_spec, att_phy, std_payor, los, pat_charges, pat_cost, pat_fix_cost, pat_var_cost, medrec_key, ms_drg, ms_drg_mdc, hispanic_ind, publish_type) VALUES ('10', '2020-02-10', '2021309', '2021-09-30', '1784', 'O', '28', '1', '3', '1', 'S', '33', 'F', 'W', '900', '999999999', '4028', '35227191', '360', '0', '100.00', '0.00', '0.00', '0.00', '9', '0', '0000', 'N', 'CP');
INSERT INTO premier_tests_native.paticd_diag(pat_key, icd_version, icd_code, icd_pri_sec, icd_poa) VALUES ('10', '10', 'I10', 'S', '9');
-- 11: Cost record from drug_exposure
INSERT INTO premier_tests_native.pat(pat_key, adm_date, disc_mon, disc_date, prov_id, i_o_ind, pat_type, point_of_origin, adm_type, disc_status, mart_status, age, gender, race, admphy_spec, adm_phy, attphy_spec, att_phy, std_payor, los, pat_charges, pat_cost, pat_fix_cost, pat_var_cost, medrec_key, ms_drg, ms_drg_mdc, hispanic_ind, publish_type) VALUES ('12', '2020-02-10', '2021309', '2021-09-30', '1784', 'O', '28', '1', '3', '1', 'S', '33', 'F', 'W', '900', '999999999', '4028', '35227191', '360', '0', '100.00', '0.00', '0.00', '0.00', '11', '0', '0000', 'N', 'CP');
INSERT INTO premier_tests_native.patbill(pat_key, std_chg_code, hosp_chg_id, serv_date, hosp_qty, std_qty, bill_charges, bill_cost, bill_var_cost, bill_fix_cost) VALUES ('12', '250250038820000', '133918884', NULL, '1.00', '1.00', '500.5', '300.75', '0.00', '0.00');
INSERT INTO premier_tests_native.chgmstr(std_chg_code, std_chg_desc, clin_dtl_code, clin_dtl_desc, clin_sum_code, clin_sum_desc, std_dept_code, std_dept_desc, sum_dept_desc, prod_cat_code, prod_cat_desc, prod_class_code, prod_class_desc, prod_name_code, prod_name_desc, prod_name_meth_code, prod_name_meth_desc) VALUES ('250250038820000', '', '270270003100000', 'BLADE', '980100', 'PRO FEE', '360', 'PHARMACY', 'PHARMACY', '99999', 'Unknown', '99999', 'Unknown', '99999999999', 'Unknown', '999999999999', 'Unknown');
-- 13: Cost record from procedure_occurrence
INSERT INTO premier_tests_native.pat(pat_key, adm_date, disc_mon, disc_date, prov_id, i_o_ind, pat_type, point_of_origin, adm_type, disc_status, mart_status, age, gender, race, admphy_spec, adm_phy, attphy_spec, att_phy, std_payor, los, pat_charges, pat_cost, pat_fix_cost, pat_var_cost, medrec_key, ms_drg, ms_drg_mdc, hispanic_ind, publish_type) VALUES ('14', '2020-02-10', '2021309', '2021-09-30', '1784', 'O', '28', '1', '3', '1', 'S', '33', 'F', 'W', '900', '999999999', '4028', '35227191', '360', '0', '100.00', '0.00', '0.00', '0.00', '13', '0', '0000', 'N', 'CP');
INSERT INTO premier_tests_native.patbill(pat_key, std_chg_code, hosp_chg_id, serv_date, hosp_qty, std_qty, bill_charges, bill_cost, bill_var_cost, bill_fix_cost) VALUES ('14', '33840', '133918884', NULL, '1.00', '1.00', '29374.99', '13572.76', '0.00', '0.00');
INSERT INTO premier_tests_native.chgmstr(std_chg_code, std_chg_desc, clin_dtl_code, clin_dtl_desc, clin_sum_code, clin_sum_desc, std_dept_code, std_dept_desc, sum_dept_desc, prod_cat_code, prod_cat_desc, prod_class_code, prod_class_desc, prod_name_code, prod_name_desc, prod_name_meth_code, prod_name_meth_desc) VALUES ('33840', '', '270270003100000', 'BLADE', '980100', 'PRO FEE', '360', 'SURGERY', 'OR', '99999', 'Unknown', '99999', 'Unknown', '99999999999', 'Unknown', '999999999999', 'Unknown');
-- 15: Cost record from device_exposure
INSERT INTO premier_tests_native.pat(pat_key, adm_date, disc_mon, disc_date, prov_id, i_o_ind, pat_type, point_of_origin, adm_type, disc_status, mart_status, age, gender, race, admphy_spec, adm_phy, attphy_spec, att_phy, std_payor, los, pat_charges, pat_cost, pat_fix_cost, pat_var_cost, medrec_key, ms_drg, ms_drg_mdc, hispanic_ind, publish_type) VALUES ('16', '2020-02-10', '2021309', '2021-09-30', '1784', 'O', '28', '1', '3', '1', 'S', '33', 'F', 'W', '900', '999999999', '4028', '35227191', '360', '0', '100.00', '0.00', '0.00', '0.00', '15', '0', '0000', 'N', 'CP');
INSERT INTO premier_tests_native.patbill(pat_key, std_chg_code, hosp_chg_id, serv_date, hosp_qty, std_qty, bill_charges, bill_cost, bill_var_cost, bill_fix_cost) VALUES ('16', '270275000120000', '133918884', NULL, '1.00', '1.00', '499.99', '99.99', '0.00', '0.00');
INSERT INTO premier_tests_native.chgmstr(std_chg_code, std_chg_desc, clin_dtl_code, clin_dtl_desc, clin_sum_code, clin_sum_desc, std_dept_code, std_dept_desc, sum_dept_desc, prod_cat_code, prod_cat_desc, prod_class_code, prod_class_desc, prod_name_code, prod_name_desc, prod_name_meth_code, prod_name_meth_desc) VALUES ('270275000120000', '', '270270003100000', 'BLADE', '980100', 'PRO FEE', '360', 'CENTRAL SUPPLY', 'SUPPLY', '99999', 'Unknown', '99999', 'Unknown', '99999999999', 'Unknown', '999999999999', 'Unknown');
-- 17: Cost record from observation
INSERT INTO premier_tests_native.pat(pat_key, adm_date, disc_mon, disc_date, prov_id, i_o_ind, pat_type, point_of_origin, adm_type, disc_status, mart_status, age, gender, race, admphy_spec, adm_phy, attphy_spec, att_phy, std_payor, los, pat_charges, pat_cost, pat_fix_cost, pat_var_cost, medrec_key, ms_drg, ms_drg_mdc, hispanic_ind, publish_type) VALUES ('18', '2020-02-10', '2021309', '2021-09-30', '1784', 'O', '28', '1', '3', '1', 'S', '33', 'F', 'W', '900', '999999999', '4028', '35227191', '360', '0', '100.00', '0.00', '0.00', '0.00', '17', '0', '0000', 'N', 'CP');
INSERT INTO premier_tests_native.patbill(pat_key, std_chg_code, hosp_chg_id, serv_date, hosp_qty, std_qty, bill_charges, bill_cost, bill_var_cost, bill_fix_cost) VALUES ('18', '110214000620000', '133918884', NULL, '1.00', '1.00', '2347.77', '2000', '0.00', '0.00');
INSERT INTO premier_tests_native.chgmstr(std_chg_code, std_chg_desc, clin_dtl_code, clin_dtl_desc, clin_sum_code, clin_sum_desc, std_dept_code, std_dept_desc, sum_dept_desc, prod_cat_code, prod_cat_desc, prod_class_code, prod_class_desc, prod_name_code, prod_name_desc, prod_name_meth_code, prod_name_meth_desc) VALUES ('110214000620000', '', '270270003100000', 'BLADE', '980100', 'PRO FEE', '360', 'DIALYSIS', 'OTHER', '99999', 'Unknown', '99999', 'Unknown', '99999999999', 'Unknown', '999999999999', 'Unknown');
-- 19: Cost record from measurement
INSERT INTO premier_tests_native.pat(pat_key, adm_date, disc_mon, disc_date, prov_id, i_o_ind, pat_type, point_of_origin, adm_type, disc_status, mart_status, age, gender, race, admphy_spec, adm_phy, attphy_spec, att_phy, std_payor, los, pat_charges, pat_cost, pat_fix_cost, pat_var_cost, medrec_key, ms_drg, ms_drg_mdc, hispanic_ind, publish_type) VALUES ('20', '2020-02-10', '2021309', '2021-09-30', '1784', 'O', '28', '1', '3', '1', 'S', '33', 'F', 'W', '900', '999999999', '4028', '35227191', '360', '0', '100.00', '0.00', '0.00', '0.00', '19', '0', '0000', 'N', 'CP');
INSERT INTO premier_tests_native.patbill(pat_key, std_chg_code, hosp_chg_id, serv_date, hosp_qty, std_qty, bill_charges, bill_cost, bill_var_cost, bill_fix_cost) VALUES ('20', '85013', '133918884', NULL, '1.00', '1.00', '79.99', '19.5', '0.00', '0.00');
INSERT INTO premier_tests_native.chgmstr(std_chg_code, std_chg_desc, clin_dtl_code, clin_dtl_desc, clin_sum_code, clin_sum_desc, std_dept_code, std_dept_desc, sum_dept_desc, prod_cat_code, prod_cat_desc, prod_class_code, prod_class_desc, prod_name_code, prod_name_desc, prod_name_meth_code, prod_name_meth_desc) VALUES ('85013', '', '270270003100000', 'BLADE', '980100', 'PRO FEE', '360', 'LABORATORY', 'LAB', '99999', 'Unknown', '99999', 'Unknown', '99999999999', 'Unknown', '999999999999', 'Unknown');
-- 21: MS_DRG record (1 digit) to cost table
INSERT INTO premier_tests_native.pat(pat_key, adm_date, disc_mon, disc_date, prov_id, i_o_ind, pat_type, point_of_origin, adm_type, disc_status, mart_status, age, gender, race, admphy_spec, adm_phy, attphy_spec, att_phy, std_payor, los, pat_charges, pat_cost, pat_fix_cost, pat_var_cost, medrec_key, ms_drg, ms_drg_mdc, hispanic_ind, publish_type) VALUES ('22', '2005-01-01', '2021309', '2005-01-01', '1784', 'O', '28', '1', '3', '1', 'S', '33', 'F', 'W', '900', '999999999', '4028', '35227191', '360', '0', '100.00', '0.00', '0.00', '0.00', '21', '1', '0000', 'N', 'CP');
INSERT INTO premier_tests_native.patbill(pat_key, std_chg_code, hosp_chg_id, serv_date, hosp_qty, std_qty, bill_charges, bill_cost, bill_var_cost, bill_fix_cost) VALUES ('22', '110229000020000', '133918884', NULL, '1.00', '1.00', '0.00', '0.00', '0.00', '0.00');
-- 23: STD_CHG_CODE record to device_exposure table
INSERT INTO premier_tests_native.pat(pat_key, adm_date, disc_mon, disc_date, prov_id, i_o_ind, pat_type, point_of_origin, adm_type, disc_status, mart_status, age, gender, race, admphy_spec, adm_phy, attphy_spec, att_phy, std_payor, los, pat_charges, pat_cost, pat_fix_cost, pat_var_cost, medrec_key, ms_drg, ms_drg_mdc, hispanic_ind, publish_type) VALUES ('24', '2011-11-01', '2021309', '2011-11-01', '1784', 'O', '28', '1', '3', '1', 'S', '33', 'F', 'W', '900', '999999999', '4028', '35227191', '360', '0', '100.00', '0.00', '0.00', '0.00', '23', '0', '0000', 'N', 'CP');
INSERT INTO premier_tests_native.patbill(pat_key, std_chg_code, hosp_chg_id, serv_date, hosp_qty, std_qty, bill_charges, bill_cost, bill_var_cost, bill_fix_cost) VALUES ('24', '270270056010000', '133918884', NULL, '1.00', '1.00', '0.00', '0.00', '0.00', '0.00');
-- 25: HCPCS record to device_exposure table
INSERT INTO premier_tests_native.pat(pat_key, adm_date, disc_mon, disc_date, prov_id, i_o_ind, pat_type, point_of_origin, adm_type, disc_status, mart_status, age, gender, race, admphy_spec, adm_phy, attphy_spec, att_phy, std_payor, los, pat_charges, pat_cost, pat_fix_cost, pat_var_cost, medrec_key, ms_drg, ms_drg_mdc, hispanic_ind, publish_type) VALUES ('26', '2012-04-01', '2021309', '2012-04-01', '1784', 'O', '28', '1', '3', '1', 'S', '33', 'F', 'W', '900', '999999999', '4028', '35227191', '360', '0', '100.00', '0.00', '0.00', '0.00', '25', '0', '0000', 'N', 'CP');
INSERT INTO premier_tests_native.patbill(pat_key, std_chg_code, hosp_chg_id, serv_date, hosp_qty, std_qty, bill_charges, bill_cost, bill_var_cost, bill_fix_cost) VALUES ('26', '110229000020000', '133918884', NULL, '1.00', '1.00', '0.00', '0.00', '0.00', '0.00');
INSERT INTO premier_tests_native.patcpt(pat_key, cpt_code, cpt_pos, proc_date, cpt_order_phy, cpt_order_phy_spec, cpt_proc_phy, cpt_proc_phy_spec, cpt_mod_code_1, cpt_mod_code_2, cpt_mod_code_3, cpt_mod_code_4) VALUES ('26', 'V5245', '1', NULL, '999999999', '900', '999999999', '900', '', '', '', '');
-- 27: HCPCS record to drug_exposure table
INSERT INTO premier_tests_native.pat(pat_key, adm_date, disc_mon, disc_date, prov_id, i_o_ind, pat_type, point_of_origin, adm_type, disc_status, mart_status, age, gender, race, admphy_spec, adm_phy, attphy_spec, att_phy, std_payor, los, pat_charges, pat_cost, pat_fix_cost, pat_var_cost, medrec_key, ms_drg, ms_drg_mdc, hispanic_ind, publish_type) VALUES ('28', '2010-04-01', '2021309', '2010-04-01', '1784', 'O', '28', '1', '3', '1', 'S', '33', 'F', 'W', '900', '999999999', '4028', '35227191', '360', '0', '100.00', '0.00', '0.00', '0.00', '27', '0', '0000', 'N', 'CP');
INSERT INTO premier_tests_native.patbill(pat_key, std_chg_code, hosp_chg_id, serv_date, hosp_qty, std_qty, bill_charges, bill_cost, bill_var_cost, bill_fix_cost) VALUES ('28', '110229000020000', '133918884', NULL, '1.00', '1.00', '0.00', '0.00', '0.00', '0.00');
INSERT INTO premier_tests_native.patcpt(pat_key, cpt_code, cpt_pos, proc_date, cpt_order_phy, cpt_order_phy_spec, cpt_proc_phy, cpt_proc_phy_spec, cpt_mod_code_1, cpt_mod_code_2, cpt_mod_code_3, cpt_mod_code_4) VALUES ('28', 'J9310', '1', NULL, '999999999', '900', '999999999', '900', '', '', '', '');
-- 29: CPT4 record to drug_exposure table
INSERT INTO premier_tests_native.pat(pat_key, adm_date, disc_mon, disc_date, prov_id, i_o_ind, pat_type, point_of_origin, adm_type, disc_status, mart_status, age, gender, race, admphy_spec, adm_phy, attphy_spec, att_phy, std_payor, los, pat_charges, pat_cost, pat_fix_cost, pat_var_cost, medrec_key, ms_drg, ms_drg_mdc, hispanic_ind, publish_type) VALUES ('30', '2010-06-01', '2021309', '2010-06-01', '1784', 'O', '28', '1', '3', '1', 'S', '33', 'F', 'W', '900', '999999999', '4028', '35227191', '360', '0', '100.00', '0.00', '0.00', '0.00', '29', '0', '0000', 'N', 'CP');
INSERT INTO premier_tests_native.patbill(pat_key, std_chg_code, hosp_chg_id, serv_date, hosp_qty, std_qty, bill_charges, bill_cost, bill_var_cost, bill_fix_cost) VALUES ('30', '110229000020000', '133918884', NULL, '1.00', '1.00', '0.00', '0.00', '0.00', '0.00');
INSERT INTO premier_tests_native.patcpt(pat_key, cpt_code, cpt_pos, proc_date, cpt_order_phy, cpt_order_phy_spec, cpt_proc_phy, cpt_proc_phy_spec, cpt_mod_code_1, cpt_mod_code_2, cpt_mod_code_3, cpt_mod_code_4) VALUES ('30', '90687', '1', NULL, '999999999', '900', '999999999', '900', '', '', '', '');
-- 31: STD_CHG_CODE record to drug_exposure table with date logic
INSERT INTO premier_tests_native.pat(pat_key, adm_date, disc_mon, disc_date, prov_id, i_o_ind, pat_type, point_of_origin, adm_type, disc_status, mart_status, age, gender, race, admphy_spec, adm_phy, attphy_spec, att_phy, std_payor, los, pat_charges, pat_cost, pat_fix_cost, pat_var_cost, medrec_key, ms_drg, ms_drg_mdc, hispanic_ind, publish_type) VALUES ('32', '2011-08-01', '2021309', '2011-08-01', '1784', 'O', '28', '1', '3', '1', 'S', '33', 'F', 'W', '900', '999999999', '4028', '35227191', '360', '0', '100.00', '0.00', '0.00', '0.00', '31', '0', '0000', 'N', 'CP');
INSERT INTO premier_tests_native.patbill(pat_key, std_chg_code, hosp_chg_id, serv_date, hosp_qty, std_qty, bill_charges, bill_cost, bill_var_cost, bill_fix_cost) VALUES ('32', '110229000020000', '133918884', NULL, '1.00', '1.00', '0.00', '0.00', '0.00', '0.00');
INSERT INTO premier_tests_native.pat(pat_key, adm_date, disc_mon, disc_date, prov_id, i_o_ind, pat_type, point_of_origin, adm_type, disc_status, mart_status, age, gender, race, admphy_spec, adm_phy, attphy_spec, att_phy, std_payor, los, pat_charges, pat_cost, pat_fix_cost, pat_var_cost, medrec_key, ms_drg, ms_drg_mdc, hispanic_ind, publish_type) VALUES ('33', '2011-08-01', '2021309', '2011-08-01', '1784', 'O', '28', '1', '3', '1', 'S', '33', 'F', 'W', '900', '999999999', '4028', '35227191', '360', '0', '100.00', '0.00', '0.00', '0.00', '31', '0', '0000', 'N', 'CP');
INSERT INTO premier_tests_native.patbill(pat_key, std_chg_code, hosp_chg_id, serv_date, hosp_qty, std_qty, bill_charges, bill_cost, bill_var_cost, bill_fix_cost) VALUES ('33', '250250015090000', '133918884', NULL, '1.00', '1.00', '0.00', '0.00', '0.00', '0.00');
INSERT INTO premier_tests_native.patbill(pat_key, std_chg_code, hosp_chg_id, serv_date, hosp_qty, std_qty, bill_charges, bill_cost, bill_var_cost, bill_fix_cost) VALUES ('33', '110229000020000', '133918884', NULL, '1.00', '1.00', '0.00', '0.00', '0.00', '0.00');
-- 34: drug_exposure_end_date required, set as drug_exposure_start_date
INSERT INTO premier_tests_native.pat(pat_key, adm_date, disc_mon, disc_date, prov_id, i_o_ind, pat_type, point_of_origin, adm_type, disc_status, mart_status, age, gender, race, admphy_spec, adm_phy, attphy_spec, att_phy, std_payor, los, pat_charges, pat_cost, pat_fix_cost, pat_var_cost, medrec_key, ms_drg, ms_drg_mdc, hispanic_ind, publish_type) VALUES ('35', '2010-04-01', '2021309', '2010-04-01', '1784', 'O', '28', '1', '3', '1', 'S', '33', 'F', 'W', '900', '999999999', '4028', '35227191', '360', '0', '100.00', '0.00', '0.00', '0.00', '34', '0', '0000', 'N', 'CP');
INSERT INTO premier_tests_native.patbill(pat_key, std_chg_code, hosp_chg_id, serv_date, hosp_qty, std_qty, bill_charges, bill_cost, bill_var_cost, bill_fix_cost) VALUES ('35', '110229000020000', '133918884', NULL, '1.00', '1.00', '0.00', '0.00', '0.00', '0.00');
INSERT INTO premier_tests_native.patcpt(pat_key, cpt_code, cpt_pos, proc_date, cpt_order_phy, cpt_order_phy_spec, cpt_proc_phy, cpt_proc_phy_spec, cpt_mod_code_1, cpt_mod_code_2, cpt_mod_code_3, cpt_mod_code_4) VALUES ('35', 'J9310', '1', NULL, '999999999', '900', '999999999', '900', '', '', '', '');
-- 36: CPT4 record to measurement table
INSERT INTO premier_tests_native.pat(pat_key, adm_date, disc_mon, disc_date, prov_id, i_o_ind, pat_type, point_of_origin, adm_type, disc_status, mart_status, age, gender, race, admphy_spec, adm_phy, attphy_spec, att_phy, std_payor, los, pat_charges, pat_cost, pat_fix_cost, pat_var_cost, medrec_key, ms_drg, ms_drg_mdc, hispanic_ind, publish_type) VALUES ('37', '2004-11-01', '2021309', '2004-11-01', '1784', 'O', '28', '1', '3', '1', 'S', '33', 'F', 'W', '900', '999999999', '4028', '35227191', '360', '0', '100.00', '0.00', '0.00', '0.00', '36', '0', '0000', 'N', 'CP');
INSERT INTO premier_tests_native.patbill(pat_key, std_chg_code, hosp_chg_id, serv_date, hosp_qty, std_qty, bill_charges, bill_cost, bill_var_cost, bill_fix_cost) VALUES ('37', '110229000020000', '133918884', NULL, '1.00', '1.00', '0.00', '0.00', '0.00', '0.00');
INSERT INTO premier_tests_native.patcpt(pat_key, cpt_code, cpt_pos, proc_date, cpt_order_phy, cpt_order_phy_spec, cpt_proc_phy, cpt_proc_phy_spec, cpt_mod_code_1, cpt_mod_code_2, cpt_mod_code_3, cpt_mod_code_4) VALUES ('37', '81003', '1', NULL, '999999999', '900', '999999999', '900', '', '', '', '');
-- 38: HCPCS record to measurement table
INSERT INTO premier_tests_native.pat(pat_key, adm_date, disc_mon, disc_date, prov_id, i_o_ind, pat_type, point_of_origin, adm_type, disc_status, mart_status, age, gender, race, admphy_spec, adm_phy, attphy_spec, att_phy, std_payor, los, pat_charges, pat_cost, pat_fix_cost, pat_var_cost, medrec_key, ms_drg, ms_drg_mdc, hispanic_ind, publish_type) VALUES ('39', '2012-08-01', '2021309', '2012-08-01', '1784', 'O', '28', '1', '3', '1', 'S', '33', 'F', 'W', '900', '999999999', '4028', '35227191', '360', '0', '100.00', '0.00', '0.00', '0.00', '38', '0', '0000', 'N', 'CP');
INSERT INTO premier_tests_native.patbill(pat_key, std_chg_code, hosp_chg_id, serv_date, hosp_qty, std_qty, bill_charges, bill_cost, bill_var_cost, bill_fix_cost) VALUES ('39', '110229000020000', '133918884', NULL, '1.00', '1.00', '0.00', '0.00', '0.00', '0.00');
INSERT INTO premier_tests_native.patcpt(pat_key, cpt_code, cpt_pos, proc_date, cpt_order_phy, cpt_order_phy_spec, cpt_proc_phy, cpt_proc_phy_spec, cpt_mod_code_1, cpt_mod_code_2, cpt_mod_code_3, cpt_mod_code_4) VALUES ('39', 'G0432', '1', NULL, '999999999', '900', '999999999', '900', '', '', '', '');
-- 40: STD_CHG_CODE record to measurement table with date logic and source value
INSERT INTO premier_tests_native.pat(pat_key, adm_date, disc_mon, disc_date, prov_id, i_o_ind, pat_type, point_of_origin, adm_type, disc_status, mart_status, age, gender, race, admphy_spec, adm_phy, attphy_spec, att_phy, std_payor, los, pat_charges, pat_cost, pat_fix_cost, pat_var_cost, medrec_key, ms_drg, ms_drg_mdc, hispanic_ind, publish_type) VALUES ('41', '2013-07-01', '2021309', '2013-07-01', '1784', 'O', '28', '1', '3', '1', 'S', '33', 'F', 'W', '900', '999999999', '4028', '35227191', '360', '0', '100.00', '0.00', '0.00', '0.00', '40', '0', '0000', 'N', 'CP');
INSERT INTO premier_tests_native.patbill(pat_key, std_chg_code, hosp_chg_id, serv_date, hosp_qty, std_qty, bill_charges, bill_cost, bill_var_cost, bill_fix_cost) VALUES ('41', '300305856520000', '-999', NULL, '1.00', '1.00', '0.00', '0.00', '0.00', '0.00');
INSERT INTO premier_tests_native.hospchg(hosp_chg_id, hosp_chg_desc) VALUES ('-999', 'SEDIMENTATION RATE');
INSERT INTO premier_tests_native.chgmstr(std_chg_code, std_chg_desc, clin_dtl_code, clin_dtl_desc, clin_sum_code, clin_sum_desc, std_dept_code, std_dept_desc, sum_dept_desc, prod_cat_code, prod_cat_desc, prod_class_code, prod_class_desc, prod_name_code, prod_name_desc, prod_name_meth_code, prod_name_meth_desc) VALUES ('300305856520000', 'SED RATE RBC AUTO', '270270003100000', 'BLADE', '980100', 'PRO FEE', '360', 'SURGERY', 'OR', '99999', 'Unknown', '99999', 'Unknown', '99999999999', 'Unknown', '999999999999', 'Unknown');
-- 42: ICD9CM record from PATICD_DIAG to measurement table
INSERT INTO premier_tests_native.pat(pat_key, adm_date, disc_mon, disc_date, prov_id, i_o_ind, pat_type, point_of_origin, adm_type, disc_status, mart_status, age, gender, race, admphy_spec, adm_phy, attphy_spec, att_phy, std_payor, los, pat_charges, pat_cost, pat_fix_cost, pat_var_cost, medrec_key, ms_drg, ms_drg_mdc, hispanic_ind, publish_type) VALUES ('43', '2009-12-01', '2021309', '2009-12-01', '1784', 'O', '28', '1', '3', '1', 'S', '33', 'F', 'W', '900', '999999999', '4028', '35227191', '360', '0', '100.00', '0.00', '0.00', '0.00', '42', '0', '0000', 'N', 'CP');
INSERT INTO premier_tests_native.patbill(pat_key, std_chg_code, hosp_chg_id, serv_date, hosp_qty, std_qty, bill_charges, bill_cost, bill_var_cost, bill_fix_cost) VALUES ('43', '110229000020000', '133918884', NULL, '1.00', '1.00', '0.00', '0.00', '0.00', '0.00');
INSERT INTO premier_tests_native.paticd_diag(pat_key, icd_version, icd_code, icd_pri_sec, icd_poa) VALUES ('43', '9', '796.0', 'S', '9');
-- 44: ICD10CM record from PATICD_DIAG to measurement table
INSERT INTO premier_tests_native.pat(pat_key, adm_date, disc_mon, disc_date, prov_id, i_o_ind, pat_type, point_of_origin, adm_type, disc_status, mart_status, age, gender, race, admphy_spec, adm_phy, attphy_spec, att_phy, std_payor, los, pat_charges, pat_cost, pat_fix_cost, pat_var_cost, medrec_key, ms_drg, ms_drg_mdc, hispanic_ind, publish_type) VALUES ('45', '2009-10-01', '2021309', '2009-10-01', '1784', 'O', '28', '1', '3', '1', 'S', '33', 'F', 'W', '900', '999999999', '4028', '35227191', '360', '0', '100.00', '0.00', '0.00', '0.00', '44', '0', '0000', 'N', 'CP');
INSERT INTO premier_tests_native.patbill(pat_key, std_chg_code, hosp_chg_id, serv_date, hosp_qty, std_qty, bill_charges, bill_cost, bill_var_cost, bill_fix_cost) VALUES ('45', '110229000020000', '133918884', NULL, '1.00', '1.00', '0.00', '0.00', '0.00', '0.00');
INSERT INTO premier_tests_native.paticd_diag(pat_key, icd_version, icd_code, icd_pri_sec, icd_poa) VALUES ('45', '10', 'Z01.83', 'S', '9');
-- 46: PATICD_PROC record with operation time
INSERT INTO premier_tests_native.pat(pat_key, adm_date, disc_mon, disc_date, prov_id, i_o_ind, pat_type, point_of_origin, adm_type, disc_status, mart_status, age, gender, race, admphy_spec, adm_phy, attphy_spec, att_phy, std_payor, los, pat_charges, pat_cost, pat_fix_cost, pat_var_cost, medrec_key, ms_drg, ms_drg_mdc, hispanic_ind, publish_type) VALUES ('47', '2010-01-01', '2021309', '2010-01-05', '1784', 'O', '28', '1', '3', '1', 'S', '33', 'F', 'W', '900', '999999999', '4028', '35227191', '360', '0', '100.00', '0.00', '0.00', '0.00', '46', '0', '0000', 'N', 'CP');
INSERT INTO premier_tests_native.patbill(pat_key, std_chg_code, hosp_chg_id, serv_date, hosp_qty, std_qty, bill_charges, bill_cost, bill_var_cost, bill_fix_cost) VALUES ('47', 'NA', '-11325652', NULL, '1.00', '1', '0.00', '0.00', '0.00', '0.00');
INSERT INTO premier_tests_native.patbill(pat_key, std_chg_code, hosp_chg_id, serv_date, hosp_qty, std_qty, bill_charges, bill_cost, bill_var_cost, bill_fix_cost) VALUES ('47', 'NA', '-11395900', NULL, '1.00', '4', '0.00', '0.00', '0.00', '0.00');
INSERT INTO premier_tests_native.paticd_proc(pat_key, icd_version, icd_code, icd_pri_sec, proc_date, proc_phy, procphy_spec) VALUES ('47', '9', '33.51', 'S', NULL, '999999999', '900');
INSERT INTO premier_tests_native.chgmstr(std_chg_code, std_chg_desc, clin_dtl_code, clin_dtl_desc, clin_sum_code, clin_sum_desc, std_dept_code, std_dept_desc, sum_dept_desc, prod_cat_code, prod_cat_desc, prod_class_code, prod_class_desc, prod_name_code, prod_name_desc, prod_name_meth_code, prod_name_meth_desc) VALUES ('NA', 'OR MAJOR 2 HR 30 MIN', '270270003100000', 'BLADE', '980100', 'SURGERY TIME', '360', 'SURGERY', 'OR', '99999', 'Unknown', '99999', 'Unknown', '99999999999', 'Unknown', '999999999999', 'Unknown');
INSERT INTO premier_tests_native.chgmstr(std_chg_code, std_chg_desc, clin_dtl_code, clin_dtl_desc, clin_sum_code, clin_sum_desc, std_dept_code, std_dept_desc, sum_dept_desc, prod_cat_code, prod_cat_desc, prod_class_code, prod_class_desc, prod_name_code, prod_name_desc, prod_name_meth_code, prod_name_meth_desc) VALUES ('NA', 'OR MINOR ADDL 30 MIN', '270270003100000', 'BLADE', '980100', 'SURGERY TIME', '360', 'SURGERY', 'OR', '99999', 'Unknown', '99999', 'Unknown', '99999999999', 'Unknown', '999999999999', 'Unknown');
INSERT INTO premier_tests_native.hospchg(hosp_chg_id, hosp_chg_desc) VALUES ('-11325652', 'OR TIME 151-180 MIN LEV I');
INSERT INTO premier_tests_native.hospchg(hosp_chg_id, hosp_chg_desc) VALUES ('-11395900', 'OR TIME-ADDL 30MIN L1-IP');
-- 48: PATICD_PROC record, procedure time on wrong day, no measurement
INSERT INTO premier_tests_native.pat(pat_key, adm_date, disc_mon, disc_date, prov_id, i_o_ind, pat_type, point_of_origin, adm_type, disc_status, mart_status, age, gender, race, admphy_spec, adm_phy, attphy_spec, att_phy, std_payor, los, pat_charges, pat_cost, pat_fix_cost, pat_var_cost, medrec_key, ms_drg, ms_drg_mdc, hispanic_ind, publish_type) VALUES ('49', '2010-01-01', '2021309', '2010-01-01', '1784', 'O', '28', '1', '3', '1', 'S', '33', 'F', 'W', '900', '999999999', '4028', '35227191', '360', '0', '100.00', '0.00', '0.00', '0.00', '48', '0', '0000', 'N', 'CP');
INSERT INTO premier_tests_native.patbill(pat_key, std_chg_code, hosp_chg_id, serv_date, hosp_qty, std_qty, bill_charges, bill_cost, bill_var_cost, bill_fix_cost) VALUES ('49', 'NA', '133918884', NULL, '1.00', '1', '0.00', '0.00', '0.00', '0.00');
INSERT INTO premier_tests_native.patbill(pat_key, std_chg_code, hosp_chg_id, serv_date, hosp_qty, std_qty, bill_charges, bill_cost, bill_var_cost, bill_fix_cost) VALUES ('49', 'NA', '133918884', NULL, '1.00', '4', '0.00', '0.00', '0.00', '0.00');
INSERT INTO premier_tests_native.paticd_proc(pat_key, icd_version, icd_code, icd_pri_sec, proc_date, proc_phy, procphy_spec) VALUES ('49', '9', '33.51', 'S', NULL, '999999999', '900');
-- 50: CPT4 record to observation table
INSERT INTO premier_tests_native.pat(pat_key, adm_date, disc_mon, disc_date, prov_id, i_o_ind, pat_type, point_of_origin, adm_type, disc_status, mart_status, age, gender, race, admphy_spec, adm_phy, attphy_spec, att_phy, std_payor, los, pat_charges, pat_cost, pat_fix_cost, pat_var_cost, medrec_key, ms_drg, ms_drg_mdc, hispanic_ind, publish_type) VALUES ('51', '2010-10-01', '2021309', '2010-10-01', '1784', 'O', '28', '1', '3', '1', 'S', '33', 'F', 'W', '900', '999999999', '4028', '35227191', '360', '0', '100.00', '0.00', '0.00', '0.00', '50', '0', '0000', 'N', 'CP');
INSERT INTO premier_tests_native.patbill(pat_key, std_chg_code, hosp_chg_id, serv_date, hosp_qty, std_qty, bill_charges, bill_cost, bill_var_cost, bill_fix_cost) VALUES ('51', '110229000020000', '133918884', NULL, '1.00', '1.00', '0.00', '0.00', '0.00', '0.00');
INSERT INTO premier_tests_native.patcpt(pat_key, cpt_code, cpt_pos, proc_date, cpt_order_phy, cpt_order_phy_spec, cpt_proc_phy, cpt_proc_phy_spec, cpt_mod_code_1, cpt_mod_code_2, cpt_mod_code_3, cpt_mod_code_4) VALUES ('51', '0581F', '1', NULL, '999999999', '900', '999999999', '900', '', '', '', '');
-- 52: HCPCS record to observation table
INSERT INTO premier_tests_native.pat(pat_key, adm_date, disc_mon, disc_date, prov_id, i_o_ind, pat_type, point_of_origin, adm_type, disc_status, mart_status, age, gender, race, admphy_spec, adm_phy, attphy_spec, att_phy, std_payor, los, pat_charges, pat_cost, pat_fix_cost, pat_var_cost, medrec_key, ms_drg, ms_drg_mdc, hispanic_ind, publish_type) VALUES ('53', '2012-11-01', '2021309', '2012-11-01', '1784', 'O', '28', '1', '3', '1', 'S', '33', 'F', 'W', '900', '999999999', '4028', '35227191', '360', '0', '100.00', '0.00', '0.00', '0.00', '52', '0', '0000', 'N', 'CP');
INSERT INTO premier_tests_native.patbill(pat_key, std_chg_code, hosp_chg_id, serv_date, hosp_qty, std_qty, bill_charges, bill_cost, bill_var_cost, bill_fix_cost) VALUES ('53', '110229000020000', '133918884', NULL, '1.00', '1.00', '0.00', '0.00', '0.00', '0.00');
INSERT INTO premier_tests_native.patcpt(pat_key, cpt_code, cpt_pos, proc_date, cpt_order_phy, cpt_order_phy_spec, cpt_proc_phy, cpt_proc_phy_spec, cpt_mod_code_1, cpt_mod_code_2, cpt_mod_code_3, cpt_mod_code_4) VALUES ('53', 'G8997', '1', NULL, '999999999', '900', '999999999', '900', '', '', '', '');
-- 54: STD_CHG_CODE record to observation table with date logic
INSERT INTO premier_tests_native.pat(pat_key, adm_date, disc_mon, disc_date, prov_id, i_o_ind, pat_type, point_of_origin, adm_type, disc_status, mart_status, age, gender, race, admphy_spec, adm_phy, attphy_spec, att_phy, std_payor, los, pat_charges, pat_cost, pat_fix_cost, pat_var_cost, medrec_key, ms_drg, ms_drg_mdc, hispanic_ind, publish_type) VALUES ('55', '2009-07-01', '2021309', '2009-07-01', '1784', 'O', '28', '1', '3', '1', 'S', '33', 'F', 'W', '900', '999999999', '4028', '35227191', '360', '0', '100.00', '0.00', '0.00', '0.00', '54', '0', '0000', 'N', 'CP');
INSERT INTO premier_tests_native.patbill(pat_key, std_chg_code, hosp_chg_id, serv_date, hosp_qty, std_qty, bill_charges, bill_cost, bill_var_cost, bill_fix_cost) VALUES ('55', '300301800060000', '-882725', NULL, '1.00', '1.00', '0.00', '0.00', '0.00', '0.00');
INSERT INTO premier_tests_native.hospchg(hosp_chg_id, hosp_chg_desc) VALUES ('-882725', 'I-STAT (6+ PANEL)');
INSERT INTO premier_tests_native.chgmstr(std_chg_code, std_chg_desc, clin_dtl_code, clin_dtl_desc, clin_sum_code, clin_sum_desc, std_dept_code, std_dept_desc, sum_dept_desc, prod_cat_code, prod_cat_desc, prod_class_code, prod_class_desc, prod_name_code, prod_name_desc, prod_name_meth_code, prod_name_meth_desc) VALUES ('300301800060000', '*6 CLINICAL CHEMISTRY TESTS', '270270003100000', 'BLADE', '980100', 'PRO FEE', '360', 'SURGERY', 'OR', '99999', 'Unknown', '99999', 'Unknown', '99999999999', 'Unknown', '999999999999', 'Unknown');
-- 56: ICD9CM record from PATICD_PROC to observation table
INSERT INTO premier_tests_native.pat(pat_key, adm_date, disc_mon, disc_date, prov_id, i_o_ind, pat_type, point_of_origin, adm_type, disc_status, mart_status, age, gender, race, admphy_spec, adm_phy, attphy_spec, att_phy, std_payor, los, pat_charges, pat_cost, pat_fix_cost, pat_var_cost, medrec_key, ms_drg, ms_drg_mdc, hispanic_ind, publish_type) VALUES ('57', '2008-05-01', '2021309', '2008-05-01', '1784', 'O', '28', '1', '3', '1', 'S', '33', 'F', 'W', '900', '999999999', '4028', '35227191', '360', '0', '100.00', '0.00', '0.00', '0.00', '56', '0', '0000', 'N', 'CP');
INSERT INTO premier_tests_native.patbill(pat_key, std_chg_code, hosp_chg_id, serv_date, hosp_qty, std_qty, bill_charges, bill_cost, bill_var_cost, bill_fix_cost) VALUES ('57', '110229000020000', '133918884', NULL, '1.00', '1.00', '0.00', '0.00', '0.00', '0.00');
INSERT INTO premier_tests_native.paticd_proc(pat_key, icd_version, icd_code, icd_pri_sec, proc_date, proc_phy, procphy_spec) VALUES ('57', '9', 'E826', 'S', NULL, '999999999', '900');
-- 58: ICD10CM record from PATICD_PROC to observation table
INSERT INTO premier_tests_native.pat(pat_key, adm_date, disc_mon, disc_date, prov_id, i_o_ind, pat_type, point_of_origin, adm_type, disc_status, mart_status, age, gender, race, admphy_spec, adm_phy, attphy_spec, att_phy, std_payor, los, pat_charges, pat_cost, pat_fix_cost, pat_var_cost, medrec_key, ms_drg, ms_drg_mdc, hispanic_ind, publish_type) VALUES ('59', '2008-10-01', '2021309', '2008-10-01', '1784', 'O', '28', '1', '3', '1', 'S', '33', 'F', 'W', '900', '999999999', '4028', '35227191', '360', '0', '100.00', '0.00', '0.00', '0.00', '58', '0', '0000', 'N', 'CP');
INSERT INTO premier_tests_native.patbill(pat_key, std_chg_code, hosp_chg_id, serv_date, hosp_qty, std_qty, bill_charges, bill_cost, bill_var_cost, bill_fix_cost) VALUES ('59', '110229000020000', '133918884', NULL, '1.00', '1.00', '0.00', '0.00', '0.00', '0.00');
INSERT INTO premier_tests_native.paticd_proc(pat_key, icd_version, icd_code, icd_pri_sec, proc_date, proc_phy, procphy_spec) VALUES ('59', '10', 'V80.02', 'S', NULL, '999999999', '900');
-- 60: ICD9CM record from PATICD_DIAG to observation table
INSERT INTO premier_tests_native.pat(pat_key, adm_date, disc_mon, disc_date, prov_id, i_o_ind, pat_type, point_of_origin, adm_type, disc_status, mart_status, age, gender, race, admphy_spec, adm_phy, attphy_spec, att_phy, std_payor, los, pat_charges, pat_cost, pat_fix_cost, pat_var_cost, medrec_key, ms_drg, ms_drg_mdc, hispanic_ind, publish_type) VALUES ('61', '2005-12-01', '2021309', '2005-12-01', '1784', 'O', '28', '1', '3', '1', 'S', '33', 'F', 'W', '900', '999999999', '4028', '35227191', '360', '0', '100.00', '0.00', '0.00', '0.00', '60', '0', '0000', 'N', 'CP');
INSERT INTO premier_tests_native.patbill(pat_key, std_chg_code, hosp_chg_id, serv_date, hosp_qty, std_qty, bill_charges, bill_cost, bill_var_cost, bill_fix_cost) VALUES ('61', '110229000020000', '133918884', NULL, '1.00', '1.00', '0.00', '0.00', '0.00', '0.00');
INSERT INTO premier_tests_native.paticd_diag(pat_key, icd_version, icd_code, icd_pri_sec, icd_poa) VALUES ('61', '9', 'E872.9', 'S', '9');
-- 62: ICD10CM record from PATICD_DIAG to observation table
INSERT INTO premier_tests_native.pat(pat_key, adm_date, disc_mon, disc_date, prov_id, i_o_ind, pat_type, point_of_origin, adm_type, disc_status, mart_status, age, gender, race, admphy_spec, adm_phy, attphy_spec, att_phy, std_payor, los, pat_charges, pat_cost, pat_fix_cost, pat_var_cost, medrec_key, ms_drg, ms_drg_mdc, hispanic_ind, publish_type) VALUES ('63', '2004-12-01', '2021309', '2004-12-01', '1784', 'O', '28', '1', '3', '1', 'S', '33', 'F', 'W', '900', '999999999', '4028', '35227191', '360', '0', '100.00', '0.00', '0.00', '0.00', '62', '0', '0000', 'N', 'CP');
INSERT INTO premier_tests_native.patbill(pat_key, std_chg_code, hosp_chg_id, serv_date, hosp_qty, std_qty, bill_charges, bill_cost, bill_var_cost, bill_fix_cost) VALUES ('63', '110229000020000', '133918884', NULL, '1.00', '1.00', '0.00', '0.00', '0.00', '0.00');
INSERT INTO premier_tests_native.paticd_diag(pat_key, icd_version, icd_code, icd_pri_sec, icd_poa) VALUES ('63', '10', 'T71.131', 'S', '9');
-- 64: std_chg_code patbill record maps to oservation table
INSERT INTO premier_tests_native.pat(pat_key, adm_date, disc_mon, disc_date, prov_id, i_o_ind, pat_type, point_of_origin, adm_type, disc_status, mart_status, age, gender, race, admphy_spec, adm_phy, attphy_spec, att_phy, std_payor, los, pat_charges, pat_cost, pat_fix_cost, pat_var_cost, medrec_key, ms_drg, ms_drg_mdc, hispanic_ind, publish_type) VALUES ('65', '2004-12-01', '2021309', '2004-12-01', '1784', 'O', '28', '1', '3', '1', 'S', '33', 'F', 'W', '900', '999999999', '4028', '35227191', '360', '0', '100.00', '0.00', '0.00', '0.00', '64', '0', '0000', 'N', 'CP');
INSERT INTO premier_tests_native.patbill(pat_key, std_chg_code, hosp_chg_id, serv_date, hosp_qty, std_qty, bill_charges, bill_cost, bill_var_cost, bill_fix_cost) VALUES ('65', '999999040442008', '133918884', NULL, '1.00', '1.00', '0.00', '0.00', '0.00', '0.00');
INSERT INTO premier_tests_native.payor(std_payor, std_payor_desc) VALUES ('360', 'MANAGED CARE - NON-CAP');
INSERT INTO premier_tests_native.payor(std_payor, std_payor_desc) VALUES ('330', 'MEDICAID - TRADITIONAL');
INSERT INTO premier_tests_native.payor(std_payor, std_payor_desc) VALUES ('300', 'MEDICARE - TRADITIONAL');
INSERT INTO premier_tests_native.payor(std_payor, std_payor_desc) VALUES ('380', 'COMMERCIAL - INDEMNITY');
-- 66: Creates two payer_plan_period records, one payer
INSERT INTO premier_tests_native.pat(pat_key, adm_date, disc_mon, disc_date, prov_id, i_o_ind, pat_type, point_of_origin, adm_type, disc_status, mart_status, age, gender, race, admphy_spec, adm_phy, attphy_spec, att_phy, std_payor, los, pat_charges, pat_cost, pat_fix_cost, pat_var_cost, medrec_key, ms_drg, ms_drg_mdc, hispanic_ind, publish_type) VALUES ('67', '2010-10-01', '2021309', '2010-10-01', '1784', 'O', '28', '1', '3', '1', 'S', '33', 'F', 'W', '900', '999999999', '4028', '35227191', '360', '0', '100.00', '0.00', '0.00', '0.00', '66', '0', '0000', 'N', 'CP');
INSERT INTO premier_tests_native.patbill(pat_key, std_chg_code, hosp_chg_id, serv_date, hosp_qty, std_qty, bill_charges, bill_cost, bill_var_cost, bill_fix_cost) VALUES ('67', '110229000020000', '133918884', NULL, '1.00', '1.00', '0.00', '0.00', '0.00', '0.00');
INSERT INTO premier_tests_native.pat(pat_key, adm_date, disc_mon, disc_date, prov_id, i_o_ind, pat_type, point_of_origin, adm_type, disc_status, mart_status, age, gender, race, admphy_spec, adm_phy, attphy_spec, att_phy, std_payor, los, pat_charges, pat_cost, pat_fix_cost, pat_var_cost, medrec_key, ms_drg, ms_drg_mdc, hispanic_ind, publish_type) VALUES ('68', '2010-10-01', '2021309', '2010-11-01', '1784', 'O', '28', '1', '3', '1', 'S', '33', 'F', 'W', '900', '999999999', '4028', '35227191', '360', '0', '100.00', '0.00', '0.00', '0.00', '66', '0', '0000', 'N', 'CP');
INSERT INTO premier_tests_native.patbill(pat_key, std_chg_code, hosp_chg_id, serv_date, hosp_qty, std_qty, bill_charges, bill_cost, bill_var_cost, bill_fix_cost) VALUES ('68', '110229000020000', '133918884', NULL, '1.00', '1.00', '0.00', '0.00', '0.00', '0.00');
INSERT INTO premier_tests_native.pat(pat_key, adm_date, disc_mon, disc_date, prov_id, i_o_ind, pat_type, point_of_origin, adm_type, disc_status, mart_status, age, gender, race, admphy_spec, adm_phy, attphy_spec, att_phy, std_payor, los, pat_charges, pat_cost, pat_fix_cost, pat_var_cost, medrec_key, ms_drg, ms_drg_mdc, hispanic_ind, publish_type) VALUES ('69', '2011-05-01', '2021309', '2011-05-01', '1784', 'O', '28', '1', '3', '1', 'S', '33', 'F', 'W', '900', '999999999', '4028', '35227191', '360', '0', '100.00', '0.00', '0.00', '0.00', '66', '0', '0000', 'N', 'CP');
INSERT INTO premier_tests_native.patbill(pat_key, std_chg_code, hosp_chg_id, serv_date, hosp_qty, std_qty, bill_charges, bill_cost, bill_var_cost, bill_fix_cost) VALUES ('69', '110229000020000', '133918884', NULL, '1.00', '1.00', '0.00', '0.00', '0.00', '0.00');
INSERT INTO premier_tests_native.pat(pat_key, adm_date, disc_mon, disc_date, prov_id, i_o_ind, pat_type, point_of_origin, adm_type, disc_status, mart_status, age, gender, race, admphy_spec, adm_phy, attphy_spec, att_phy, std_payor, los, pat_charges, pat_cost, pat_fix_cost, pat_var_cost, medrec_key, ms_drg, ms_drg_mdc, hispanic_ind, publish_type) VALUES ('70', '2011-05-01', '2021309', '2011-05-11', '1784', 'O', '28', '1', '3', '1', 'S', '33', 'F', 'W', '900', '999999999', '4028', '35227191', '360', '0', '100.00', '0.00', '0.00', '0.00', '66', '0', '0000', 'N', 'CP');
INSERT INTO premier_tests_native.patbill(pat_key, std_chg_code, hosp_chg_id, serv_date, hosp_qty, std_qty, bill_charges, bill_cost, bill_var_cost, bill_fix_cost) VALUES ('70', '110229000020000', '133918884', NULL, '1.00', '1.00', '0.00', '0.00', '0.00', '0.00');
-- 71: Creates two payer_plan_period records, two payers
INSERT INTO premier_tests_native.pat(pat_key, adm_date, disc_mon, disc_date, prov_id, i_o_ind, pat_type, point_of_origin, adm_type, disc_status, mart_status, age, gender, race, admphy_spec, adm_phy, attphy_spec, att_phy, std_payor, los, pat_charges, pat_cost, pat_fix_cost, pat_var_cost, medrec_key, ms_drg, ms_drg_mdc, hispanic_ind, publish_type) VALUES ('72', '2010-10-01', '2021309', '2010-10-01', '1784', 'O', '28', '1', '3', '1', 'S', '33', 'F', 'W', '900', '999999999', '4028', '35227191', '360', '0', '100.00', '0.00', '0.00', '0.00', '71', '0', '0000', 'N', 'CP');
INSERT INTO premier_tests_native.patbill(pat_key, std_chg_code, hosp_chg_id, serv_date, hosp_qty, std_qty, bill_charges, bill_cost, bill_var_cost, bill_fix_cost) VALUES ('72', '110229000020000', '133918884', NULL, '1.00', '1.00', '0.00', '0.00', '0.00', '0.00');
INSERT INTO premier_tests_native.pat(pat_key, adm_date, disc_mon, disc_date, prov_id, i_o_ind, pat_type, point_of_origin, adm_type, disc_status, mart_status, age, gender, race, admphy_spec, adm_phy, attphy_spec, att_phy, std_payor, los, pat_charges, pat_cost, pat_fix_cost, pat_var_cost, medrec_key, ms_drg, ms_drg_mdc, hispanic_ind, publish_type) VALUES ('73', '2010-10-01', '2021309', '2010-11-01', '1784', 'O', '28', '1', '3', '1', 'S', '33', 'F', 'W', '900', '999999999', '4028', '35227191', '360', '0', '100.00', '0.00', '0.00', '0.00', '71', '0', '0000', 'N', 'CP');
INSERT INTO premier_tests_native.patbill(pat_key, std_chg_code, hosp_chg_id, serv_date, hosp_qty, std_qty, bill_charges, bill_cost, bill_var_cost, bill_fix_cost) VALUES ('73', '110229000020000', '133918884', NULL, '1.00', '1.00', '0.00', '0.00', '0.00', '0.00');
INSERT INTO premier_tests_native.pat(pat_key, adm_date, disc_mon, disc_date, prov_id, i_o_ind, pat_type, point_of_origin, adm_type, disc_status, mart_status, age, gender, race, admphy_spec, adm_phy, attphy_spec, att_phy, std_payor, los, pat_charges, pat_cost, pat_fix_cost, pat_var_cost, medrec_key, ms_drg, ms_drg_mdc, hispanic_ind, publish_type) VALUES ('74', '2011-05-01', '2021309', '2011-05-01', '1784', 'O', '28', '1', '3', '1', 'S', '33', 'F', 'W', '900', '999999999', '4028', '35227191', '330', '0', '100.00', '0.00', '0.00', '0.00', '71', '0', '0000', 'N', 'CP');
INSERT INTO premier_tests_native.patbill(pat_key, std_chg_code, hosp_chg_id, serv_date, hosp_qty, std_qty, bill_charges, bill_cost, bill_var_cost, bill_fix_cost) VALUES ('74', '110229000020000', '133918884', NULL, '1.00', '1.00', '0.00', '0.00', '0.00', '0.00');
INSERT INTO premier_tests_native.pat(pat_key, adm_date, disc_mon, disc_date, prov_id, i_o_ind, pat_type, point_of_origin, adm_type, disc_status, mart_status, age, gender, race, admphy_spec, adm_phy, attphy_spec, att_phy, std_payor, los, pat_charges, pat_cost, pat_fix_cost, pat_var_cost, medrec_key, ms_drg, ms_drg_mdc, hispanic_ind, publish_type) VALUES ('75', '2011-05-01', '2021309', '2011-05-11', '1784', 'O', '28', '1', '3', '1', 'S', '33', 'F', 'W', '900', '999999999', '4028', '35227191', '330', '0', '100.00', '0.00', '0.00', '0.00', '71', '0', '0000', 'N', 'CP');
INSERT INTO premier_tests_native.patbill(pat_key, std_chg_code, hosp_chg_id, serv_date, hosp_qty, std_qty, bill_charges, bill_cost, bill_var_cost, bill_fix_cost) VALUES ('75', '110229000020000', '133918884', NULL, '1.00', '1.00', '0.00', '0.00', '0.00', '0.00');
-- 76: Creates bad record with payer_plan_period_end_date < payer_plan_period_start_date
INSERT INTO premier_tests_native.pat(pat_key, adm_date, disc_mon, disc_date, prov_id, i_o_ind, pat_type, point_of_origin, adm_type, disc_status, mart_status, age, gender, race, admphy_spec, adm_phy, attphy_spec, att_phy, std_payor, los, pat_charges, pat_cost, pat_fix_cost, pat_var_cost, medrec_key, ms_drg, ms_drg_mdc, hispanic_ind, publish_type) VALUES ('77', '2013-03-01', '2021309', '2013-03-01', '1784', 'O', '28', '1', '3', '1', 'S', '33', 'F', 'W', '900', '999999999', '4028', '35227191', '360', '0', '100.00', '0.00', '0.00', '0.00', '76', '0', '0000', 'N', 'CP');
INSERT INTO premier_tests_native.pat(pat_key, adm_date, disc_mon, disc_date, prov_id, i_o_ind, pat_type, point_of_origin, adm_type, disc_status, mart_status, age, gender, race, admphy_spec, adm_phy, attphy_spec, att_phy, std_payor, los, pat_charges, pat_cost, pat_fix_cost, pat_var_cost, medrec_key, ms_drg, ms_drg_mdc, hispanic_ind, publish_type) VALUES ('78', '2013-05-01', '2021309', '2013-05-01', '1784', 'O', '28', '1', '3', '1', 'S', '33', 'F', 'W', '900', '999999999', '4028', '35227191', '360', '0', '100.00', '0.00', '0.00', '0.00', '76', '0', '0000', 'N', 'CP');
INSERT INTO premier_tests_native.pat(pat_key, adm_date, disc_mon, disc_date, prov_id, i_o_ind, pat_type, point_of_origin, adm_type, disc_status, mart_status, age, gender, race, admphy_spec, adm_phy, attphy_spec, att_phy, std_payor, los, pat_charges, pat_cost, pat_fix_cost, pat_var_cost, medrec_key, ms_drg, ms_drg_mdc, hispanic_ind, publish_type) VALUES ('79', '2014-01-01', '2021309', '2014-05-01', '1784', 'O', '28', '1', '3', '1', 'S', '33', 'F', 'W', '900', '999999999', '4028', '35227191', '360', '0', '100.00', '0.00', '0.00', '0.00', '76', '0', '0000', 'N', 'CP');
INSERT INTO premier_tests_native.pat(pat_key, adm_date, disc_mon, disc_date, prov_id, i_o_ind, pat_type, point_of_origin, adm_type, disc_status, mart_status, age, gender, race, admphy_spec, adm_phy, attphy_spec, att_phy, std_payor, los, pat_charges, pat_cost, pat_fix_cost, pat_var_cost, medrec_key, ms_drg, ms_drg_mdc, hispanic_ind, publish_type) VALUES ('80', '2014-02-01', '2021309', '2014-07-01', '1784', 'O', '28', '1', '3', '1', 'S', '33', 'F', 'W', '900', '999999999', '4028', '35227191', '330', '0', '100.00', '0.00', '0.00', '0.00', '76', '0', '0000', 'N', 'CP');
INSERT INTO premier_tests_native.pat(pat_key, adm_date, disc_mon, disc_date, prov_id, i_o_ind, pat_type, point_of_origin, adm_type, disc_status, mart_status, age, gender, race, admphy_spec, adm_phy, attphy_spec, att_phy, std_payor, los, pat_charges, pat_cost, pat_fix_cost, pat_var_cost, medrec_key, ms_drg, ms_drg_mdc, hispanic_ind, publish_type) VALUES ('81', '2014-04-01', '2021309', '2014-04-01', '1784', 'O', '28', '1', '3', '1', 'S', '33', 'F', 'W', '900', '999999999', '4028', '35227191', '330', '0', '100.00', '0.00', '0.00', '0.00', '76', '0', '0000', 'N', 'CP');
INSERT INTO premier_tests_native.patbill(pat_key, std_chg_code, hosp_chg_id, serv_date, hosp_qty, std_qty, bill_charges, bill_cost, bill_var_cost, bill_fix_cost) VALUES ('77', '110229000020000', '133918884', NULL, '1.00', '1.00', '0.00', '0.00', '0.00', '0.00');
INSERT INTO premier_tests_native.patbill(pat_key, std_chg_code, hosp_chg_id, serv_date, hosp_qty, std_qty, bill_charges, bill_cost, bill_var_cost, bill_fix_cost) VALUES ('78', '110229000020000', '133918884', NULL, '1.00', '1.00', '0.00', '0.00', '0.00', '0.00');
INSERT INTO premier_tests_native.patbill(pat_key, std_chg_code, hosp_chg_id, serv_date, hosp_qty, std_qty, bill_charges, bill_cost, bill_var_cost, bill_fix_cost) VALUES ('79', '110229000020000', '133918884', NULL, '1.00', '1.00', '0.00', '0.00', '0.00', '0.00');
INSERT INTO premier_tests_native.patbill(pat_key, std_chg_code, hosp_chg_id, serv_date, hosp_qty, std_qty, bill_charges, bill_cost, bill_var_cost, bill_fix_cost) VALUES ('79', '110229000020000', '133918884', NULL, '1.00', '1.00', '0.00', '0.00', '0.00', '0.00');
INSERT INTO premier_tests_native.patbill(pat_key, std_chg_code, hosp_chg_id, serv_date, hosp_qty, std_qty, bill_charges, bill_cost, bill_var_cost, bill_fix_cost) VALUES ('80', '110229000020000', '133918884', NULL, '1.00', '1.00', '0.00', '0.00', '0.00', '0.00');
INSERT INTO premier_tests_native.patbill(pat_key, std_chg_code, hosp_chg_id, serv_date, hosp_qty, std_qty, bill_charges, bill_cost, bill_var_cost, bill_fix_cost) VALUES ('81', '110229000020000', '133918884', NULL, '1.00', '1.00', '0.00', '0.00', '0.00', '0.00');
-- 82: Year of birth < 1900; drop person
INSERT INTO premier_tests_native.pat(pat_key, adm_date, disc_mon, disc_date, prov_id, i_o_ind, pat_type, point_of_origin, adm_type, disc_status, mart_status, age, gender, race, admphy_spec, adm_phy, attphy_spec, att_phy, std_payor, los, pat_charges, pat_cost, pat_fix_cost, pat_var_cost, medrec_key, ms_drg, ms_drg_mdc, hispanic_ind, publish_type) VALUES ('83', '1997-01-01', '2021309', '2021-09-30', '1784', 'O', '28', '1', '3', '1', 'S', '100', 'F', 'W', '900', '999999999', '4028', '35227191', '360', '0', '100.00', '0.00', '0.00', '0.00', '82', '0', '0000', 'N', 'CP');
-- 84: Year of birth > current year; drop person
INSERT INTO premier_tests_native.pat(pat_key, adm_date, disc_mon, disc_date, prov_id, i_o_ind, pat_type, point_of_origin, adm_type, disc_status, mart_status, age, gender, race, admphy_spec, adm_phy, attphy_spec, att_phy, std_payor, los, pat_charges, pat_cost, pat_fix_cost, pat_var_cost, medrec_key, ms_drg, ms_drg_mdc, hispanic_ind, publish_type) VALUES ('85', '2050-01-01', '2021309', '2021-09-30', '1784', 'O', '28', '1', '3', '1', 'S', '8', 'F', 'W', '900', '999999999', '4028', '35227191', '360', '0', '100.00', '0.00', '0.00', '0.00', '84', '0', '0000', 'N', 'CP');
-- 86: First visit prior to birth year
INSERT INTO premier_tests_native.pat(pat_key, adm_date, disc_mon, disc_date, prov_id, i_o_ind, pat_type, point_of_origin, adm_type, disc_status, mart_status, age, gender, race, admphy_spec, adm_phy, attphy_spec, att_phy, std_payor, los, pat_charges, pat_cost, pat_fix_cost, pat_var_cost, medrec_key, ms_drg, ms_drg_mdc, hispanic_ind, publish_type) VALUES ('87', '2000-01-01', '2021309', '2021-09-30', '1784', 'O', '28', '1', '3', '1', 'S', '999', 'F', 'W', '900', '999999999', '4028', '35227191', '360', '0', '100.00', '0.00', '0.00', '0.00', '86', '0', '0000', 'N', 'CP');
-- 89: Visits too old, prior to 1999, drop person
INSERT INTO premier_tests_native.pat(pat_key, adm_date, disc_mon, disc_date, prov_id, i_o_ind, pat_type, point_of_origin, adm_type, disc_status, mart_status, age, gender, race, admphy_spec, adm_phy, attphy_spec, att_phy, std_payor, los, pat_charges, pat_cost, pat_fix_cost, pat_var_cost, medrec_key, ms_drg, ms_drg_mdc, hispanic_ind, publish_type) VALUES ('90', '1982-01-01', '2021309', '1982-01-01', '1784', 'O', '28', '1', '3', '1', 'S', '23', 'F', 'W', '900', '999999999', '4028', '35227191', '360', '0', '100.00', '0.00', '0.00', '0.00', '89', '0', '0000', 'N', 'CP');
-- 91: Age changes more than 2 years, drop person
INSERT INTO premier_tests_native.pat(pat_key, adm_date, disc_mon, disc_date, prov_id, i_o_ind, pat_type, point_of_origin, adm_type, disc_status, mart_status, age, gender, race, admphy_spec, adm_phy, attphy_spec, att_phy, std_payor, los, pat_charges, pat_cost, pat_fix_cost, pat_var_cost, medrec_key, ms_drg, ms_drg_mdc, hispanic_ind, publish_type) VALUES ('92', '2000-01-01', '2021309', '2000-01-01', '1784', 'O', '28', '1', '3', '1', 'S', '23', 'F', 'W', '900', '999999999', '4028', '35227191', '360', '0', '100.00', '0.00', '0.00', '0.00', '91', '0', '0000', 'N', 'CP');
INSERT INTO premier_tests_native.pat(pat_key, adm_date, disc_mon, disc_date, prov_id, i_o_ind, pat_type, point_of_origin, adm_type, disc_status, mart_status, age, gender, race, admphy_spec, adm_phy, attphy_spec, att_phy, std_payor, los, pat_charges, pat_cost, pat_fix_cost, pat_var_cost, medrec_key, ms_drg, ms_drg_mdc, hispanic_ind, publish_type) VALUES ('93', '2010-01-01', '2021309', '2010-01-01', '1784', 'O', '28', '1', '3', '1', 'S', '23', 'F', 'W', '900', '999999999', '4028', '35227191', '360', '0', '100.00', '0.00', '0.00', '0.00', '91', '0', '0000', 'N', 'CP');
-- 94: Unknown Gender, drop person
INSERT INTO premier_tests_native.pat(pat_key, adm_date, disc_mon, disc_date, prov_id, i_o_ind, pat_type, point_of_origin, adm_type, disc_status, mart_status, age, gender, race, admphy_spec, adm_phy, attphy_spec, att_phy, std_payor, los, pat_charges, pat_cost, pat_fix_cost, pat_var_cost, medrec_key, ms_drg, ms_drg_mdc, hispanic_ind, publish_type) VALUES ('95', '2000-01-01', '2021309', '2000-01-01', '1784', 'O', '28', '1', '3', '1', 'S', '33', 'Z', 'W', '900', '999999999', '4028', '35227191', '360', '0', '100.00', '0.00', '0.00', '0.00', '94', '0', '0000', 'N', 'CP');
-- 96: Persons first visit, age missing; age calculated from earliest visit with non-missing age
INSERT INTO premier_tests_native.pat(pat_key, adm_date, disc_mon, disc_date, prov_id, i_o_ind, pat_type, point_of_origin, adm_type, disc_status, mart_status, age, gender, race, admphy_spec, adm_phy, attphy_spec, att_phy, std_payor, los, pat_charges, pat_cost, pat_fix_cost, pat_var_cost, medrec_key, ms_drg, ms_drg_mdc, hispanic_ind, publish_type) VALUES ('97', '2011-01-01', '2021309', '2021-09-30', '1784', 'O', '28', '1', '3', '1', 'S', '999', 'F', 'W', '900', '999999999', '4028', '35227191', '360', '0', '100.00', '0.00', '0.00', '0.00', '96', '0', '0000', 'N', 'CP');
INSERT INTO premier_tests_native.pat(pat_key, adm_date, disc_mon, disc_date, prov_id, i_o_ind, pat_type, point_of_origin, adm_type, disc_status, mart_status, age, gender, race, admphy_spec, adm_phy, attphy_spec, att_phy, std_payor, los, pat_charges, pat_cost, pat_fix_cost, pat_var_cost, medrec_key, ms_drg, ms_drg_mdc, hispanic_ind, publish_type) VALUES ('98', '2012-01-01', '2021309', '2021-09-30', '1784', 'O', '28', '1', '3', '1', 'S', '28', 'F', 'W', '900', '999999999', '4028', '35227191', '360', '0', '100.00', '0.00', '0.00', '0.00', '96', '0', '0000', 'N', 'CP');
INSERT INTO premier_tests_native.pat(pat_key, adm_date, disc_mon, disc_date, prov_id, i_o_ind, pat_type, point_of_origin, adm_type, disc_status, mart_status, age, gender, race, admphy_spec, adm_phy, attphy_spec, att_phy, std_payor, los, pat_charges, pat_cost, pat_fix_cost, pat_var_cost, medrec_key, ms_drg, ms_drg_mdc, hispanic_ind, publish_type) VALUES ('99', '2013-01-01', '2021309', '2021-09-30', '1784', 'O', '28', '1', '3', '1', 'S', '29', 'F', 'W', '900', '999999999', '4028', '35227191', '360', '0', '100.00', '0.00', '0.00', '0.00', '96', '0', '0000', 'N', 'CP');
-- 100: Test HISPANTIC_IND = Y and RACE = H
INSERT INTO premier_tests_native.pat(pat_key, adm_date, disc_mon, disc_date, prov_id, i_o_ind, pat_type, point_of_origin, adm_type, disc_status, mart_status, age, gender, race, admphy_spec, adm_phy, attphy_spec, att_phy, std_payor, los, pat_charges, pat_cost, pat_fix_cost, pat_var_cost, medrec_key, ms_drg, ms_drg_mdc, hispanic_ind, publish_type) VALUES ('101', '2011-01-01', '2021309', '2021-09-30', '1784', 'O', '28', '1', '3', '1', 'S', '20', 'F', 'H', '900', '999999999', '4028', '35227191', '360', '0', '100.00', '0.00', '0.00', '0.00', '100', '0', '0000', 'Y', 'CP');
-- 102: Test HISPANTIC_IND = Y and RACE = W
INSERT INTO premier_tests_native.pat(pat_key, adm_date, disc_mon, disc_date, prov_id, i_o_ind, pat_type, point_of_origin, adm_type, disc_status, mart_status, age, gender, race, admphy_spec, adm_phy, attphy_spec, att_phy, std_payor, los, pat_charges, pat_cost, pat_fix_cost, pat_var_cost, medrec_key, ms_drg, ms_drg_mdc, hispanic_ind, publish_type) VALUES ('103', '2011-01-01', '2021309', '2021-09-30', '1784', 'O', '28', '1', '3', '1', 'S', '20', 'F', 'W', '900', '999999999', '4028', '35227191', '360', '0', '100.00', '0.00', '0.00', '0.00', '102', '0', '0000', 'Y', 'CP');
-- 104: Test HISPANTIC_IND = Y and RACE = B
INSERT INTO premier_tests_native.pat(pat_key, adm_date, disc_mon, disc_date, prov_id, i_o_ind, pat_type, point_of_origin, adm_type, disc_status, mart_status, age, gender, race, admphy_spec, adm_phy, attphy_spec, att_phy, std_payor, los, pat_charges, pat_cost, pat_fix_cost, pat_var_cost, medrec_key, ms_drg, ms_drg_mdc, hispanic_ind, publish_type) VALUES ('105', '2011-01-01', '2021309', '2021-09-30', '1784', 'O', '28', '1', '3', '1', 'S', '20', 'F', 'B', '900', '999999999', '4028', '35227191', '360', '0', '100.00', '0.00', '0.00', '0.00', '104', '0', '0000', 'Y', 'CP');
-- 106: Test HISPANTIC_IND = N and RACE = B
INSERT INTO premier_tests_native.pat(pat_key, adm_date, disc_mon, disc_date, prov_id, i_o_ind, pat_type, point_of_origin, adm_type, disc_status, mart_status, age, gender, race, admphy_spec, adm_phy, attphy_spec, att_phy, std_payor, los, pat_charges, pat_cost, pat_fix_cost, pat_var_cost, medrec_key, ms_drg, ms_drg_mdc, hispanic_ind, publish_type) VALUES ('107', '2011-01-01', '2021309', '2021-09-30', '1784', 'O', '28', '1', '3', '1', 'S', '20', 'F', 'B', '900', '999999999', '4028', '35227191', '360', '0', '100.00', '0.00', '0.00', '0.00', '106', '0', '0000', 'N', 'CP');
-- 108: Test HISPANTIC_IND = N and RACE = B/w/B
INSERT INTO premier_tests_native.pat(pat_key, adm_date, disc_mon, disc_date, prov_id, i_o_ind, pat_type, point_of_origin, adm_type, disc_status, mart_status, age, gender, race, admphy_spec, adm_phy, attphy_spec, att_phy, std_payor, los, pat_charges, pat_cost, pat_fix_cost, pat_var_cost, medrec_key, ms_drg, ms_drg_mdc, hispanic_ind, publish_type) VALUES ('109', '2011-01-01', '2021309', '2011-01-01', '1784', 'O', '28', '1', '3', '1', 'S', '20', 'F', 'B', '900', '999999999', '4028', '35227191', '360', '0', '100.00', '0.00', '0.00', '0.00', '108', '0', '0000', 'N', 'CP');
INSERT INTO premier_tests_native.pat(pat_key, adm_date, disc_mon, disc_date, prov_id, i_o_ind, pat_type, point_of_origin, adm_type, disc_status, mart_status, age, gender, race, admphy_spec, adm_phy, attphy_spec, att_phy, std_payor, los, pat_charges, pat_cost, pat_fix_cost, pat_var_cost, medrec_key, ms_drg, ms_drg_mdc, hispanic_ind, publish_type) VALUES ('110', '2012-01-01', '2021309', '2012-01-01', '1784', 'O', '28', '1', '3', '1', 'S', '20', 'F', 'W', '900', '999999999', '4028', '35227191', '360', '0', '100.00', '0.00', '0.00', '0.00', '108', '0', '0000', 'N', 'CP');
INSERT INTO premier_tests_native.pat(pat_key, adm_date, disc_mon, disc_date, prov_id, i_o_ind, pat_type, point_of_origin, adm_type, disc_status, mart_status, age, gender, race, admphy_spec, adm_phy, attphy_spec, att_phy, std_payor, los, pat_charges, pat_cost, pat_fix_cost, pat_var_cost, medrec_key, ms_drg, ms_drg_mdc, hispanic_ind, publish_type) VALUES ('111', '2013-01-01', '2021309', '2013-01-01', '1784', 'O', '28', '1', '3', '1', 'S', '20', 'F', 'B', '900', '999999999', '4028', '35227191', '360', '0', '100.00', '0.00', '0.00', '0.00', '108', '0', '0000', 'N', 'CP');
-- 112: Test HISPANTIC_IND = U and RACE = Z; Bad Values
INSERT INTO premier_tests_native.pat(pat_key, adm_date, disc_mon, disc_date, prov_id, i_o_ind, pat_type, point_of_origin, adm_type, disc_status, mart_status, age, gender, race, admphy_spec, adm_phy, attphy_spec, att_phy, std_payor, los, pat_charges, pat_cost, pat_fix_cost, pat_var_cost, medrec_key, ms_drg, ms_drg_mdc, hispanic_ind, publish_type) VALUES ('113', '2011-01-01', '2021309', '2021-09-30', '1784', 'O', '28', '1', '3', '1', 'S', '20', 'F', 'Z', '900', '999999999', '4028', '35227191', '360', '0', '100.00', '0.00', '0.00', '0.00', '112', '0', '0000', 'U', 'CP');
-- 114: STD_CHG_CODE record to procedure_occurrence table
INSERT INTO premier_tests_native.pat(pat_key, adm_date, disc_mon, disc_date, prov_id, i_o_ind, pat_type, point_of_origin, adm_type, disc_status, mart_status, age, gender, race, admphy_spec, adm_phy, attphy_spec, att_phy, std_payor, los, pat_charges, pat_cost, pat_fix_cost, pat_var_cost, medrec_key, ms_drg, ms_drg_mdc, hispanic_ind, publish_type) VALUES ('115', '2011-07-01', '2021309', '2011-07-01', '1784', 'O', '28', '1', '3', '1', 'S', '33', 'F', 'W', '900', '999999999', '4028', '35227191', '360', '0', '100.00', '0.00', '0.00', '0.00', '114', '0', '0000', 'N', 'CP');
INSERT INTO premier_tests_native.patbill(pat_key, std_chg_code, hosp_chg_id, serv_date, hosp_qty, std_qty, bill_charges, bill_cost, bill_var_cost, bill_fix_cost) VALUES ('115', '360360206110000', '133918884', NULL, '1.00', '1.00', '0.00', '0.00', '0.00', '0.00');
-- 116: ICD9CM record from PATICD_PROC to procedure_occurrence table
INSERT INTO premier_tests_native.pat(pat_key, adm_date, disc_mon, disc_date, prov_id, i_o_ind, pat_type, point_of_origin, adm_type, disc_status, mart_status, age, gender, race, admphy_spec, adm_phy, attphy_spec, att_phy, std_payor, los, pat_charges, pat_cost, pat_fix_cost, pat_var_cost, medrec_key, ms_drg, ms_drg_mdc, hispanic_ind, publish_type) VALUES ('117', '2014-10-01', '2021309', '2014-10-01', '1784', 'O', '28', '1', '3', '1', 'S', '33', 'F', 'W', '900', '999999999', '4028', '35227191', '360', '0', '100.00', '0.00', '0.00', '0.00', '116', '0', '0000', 'N', 'CP');
INSERT INTO premier_tests_native.patbill(pat_key, std_chg_code, hosp_chg_id, serv_date, hosp_qty, std_qty, bill_charges, bill_cost, bill_var_cost, bill_fix_cost) VALUES ('117', '110229000020000', '133918884', NULL, '1.00', '1.00', '0.00', '0.00', '0.00', '0.00');
INSERT INTO premier_tests_native.paticd_proc(pat_key, icd_version, icd_code, icd_pri_sec, proc_date, proc_phy, procphy_spec) VALUES ('117', '9', 'V55.1', 'S', NULL, '999999999', '900');
-- 118: ICD9Proc record from PATICD_PROC to procedure_occurrence table
INSERT INTO premier_tests_native.pat(pat_key, adm_date, disc_mon, disc_date, prov_id, i_o_ind, pat_type, point_of_origin, adm_type, disc_status, mart_status, age, gender, race, admphy_spec, adm_phy, attphy_spec, att_phy, std_payor, los, pat_charges, pat_cost, pat_fix_cost, pat_var_cost, medrec_key, ms_drg, ms_drg_mdc, hispanic_ind, publish_type) VALUES ('119', '2013-04-01', '2021309', '2013-04-01', '1784', 'O', '28', '1', '3', '1', 'S', '33', 'F', 'W', '900', '999999999', '4028', '35227191', '360', '0', '100.00', '0.00', '0.00', '0.00', '118', '0', '0000', 'N', 'CP');
INSERT INTO premier_tests_native.patbill(pat_key, std_chg_code, hosp_chg_id, serv_date, hosp_qty, std_qty, bill_charges, bill_cost, bill_var_cost, bill_fix_cost) VALUES ('119', '110229000020000', '133918884', NULL, '1.00', '1.00', '0.00', '0.00', '0.00', '0.00');
INSERT INTO premier_tests_native.paticd_proc(pat_key, icd_version, icd_code, icd_pri_sec, proc_date, proc_phy, procphy_spec) VALUES ('119', '9', '26.31', 'S', NULL, '999999999', '900');
-- 120: ICD10CM record from PATICD_PROC to procedure_occurrence table
INSERT INTO premier_tests_native.pat(pat_key, adm_date, disc_mon, disc_date, prov_id, i_o_ind, pat_type, point_of_origin, adm_type, disc_status, mart_status, age, gender, race, admphy_spec, adm_phy, attphy_spec, att_phy, std_payor, los, pat_charges, pat_cost, pat_fix_cost, pat_var_cost, medrec_key, ms_drg, ms_drg_mdc, hispanic_ind, publish_type) VALUES ('121', '2004-03-01', '2021309', '2004-03-01', '1784', 'O', '28', '1', '3', '1', 'S', '33', 'F', 'W', '900', '999999999', '4028', '35227191', '360', '0', '100.00', '0.00', '0.00', '0.00', '120', '0', '0000', 'N', 'CP');
INSERT INTO premier_tests_native.patbill(pat_key, std_chg_code, hosp_chg_id, serv_date, hosp_qty, std_qty, bill_charges, bill_cost, bill_var_cost, bill_fix_cost) VALUES ('121', '110229000020000', '133918884', NULL, '1.00', '1.00', '0.00', '0.00', '0.00', '0.00');
INSERT INTO premier_tests_native.paticd_proc(pat_key, icd_version, icd_code, icd_pri_sec, proc_date, proc_phy, procphy_spec) VALUES ('121', '19', 'Z05.1', 'S', NULL, '999999999', '900');
-- 122: ICD10PCS record from PATICD_PROC to procedure_occurrence table
INSERT INTO premier_tests_native.pat(pat_key, adm_date, disc_mon, disc_date, prov_id, i_o_ind, pat_type, point_of_origin, adm_type, disc_status, mart_status, age, gender, race, admphy_spec, adm_phy, attphy_spec, att_phy, std_payor, los, pat_charges, pat_cost, pat_fix_cost, pat_var_cost, medrec_key, ms_drg, ms_drg_mdc, hispanic_ind, publish_type) VALUES ('123', '2002-02-01', '2021309', '2002-02-01', '1784', 'O', '28', '1', '3', '1', 'S', '33', 'F', 'W', '900', '999999999', '4028', '35227191', '360', '0', '100.00', '0.00', '0.00', '0.00', '122', '0', '0000', 'N', 'CP');
INSERT INTO premier_tests_native.patbill(pat_key, std_chg_code, hosp_chg_id, serv_date, hosp_qty, std_qty, bill_charges, bill_cost, bill_var_cost, bill_fix_cost) VALUES ('123', '110229000020000', '133918884', NULL, '1.00', '1.00', '0.00', '0.00', '0.00', '0.00');
INSERT INTO premier_tests_native.paticd_proc(pat_key, icd_version, icd_code, icd_pri_sec, proc_date, proc_phy, procphy_spec) VALUES ('123', '10', '0SG33KJ', 'S', NULL, '999999999', '900');
-- 124: ICD10PCS Hierarchy from PATICD_PROC, doesnt map to procedure_occurrence table
INSERT INTO premier_tests_native.pat(pat_key, adm_date, disc_mon, disc_date, prov_id, i_o_ind, pat_type, point_of_origin, adm_type, disc_status, mart_status, age, gender, race, admphy_spec, adm_phy, attphy_spec, att_phy, std_payor, los, pat_charges, pat_cost, pat_fix_cost, pat_var_cost, medrec_key, ms_drg, ms_drg_mdc, hispanic_ind, publish_type) VALUES ('125', '2020-02-10', '2021309', '2021-09-30', '1784', 'O', '28', '1', '3', '1', 'S', '33', 'F', 'W', '900', '999999999', '4028', '35227191', '360', '0', '100.00', '0.00', '0.00', '0.00', '124', '0', '0000', 'N', 'CP');
INSERT INTO premier_tests_native.paticd_proc(pat_key, icd_version, icd_code, icd_pri_sec, proc_date, proc_phy, procphy_spec) VALUES ('125', '10', '0CN83Z', 'S', NULL, '999999999', '900');
-- 126: HCPCS record to procedure_occurrence table
INSERT INTO premier_tests_native.pat(pat_key, adm_date, disc_mon, disc_date, prov_id, i_o_ind, pat_type, point_of_origin, adm_type, disc_status, mart_status, age, gender, race, admphy_spec, adm_phy, attphy_spec, att_phy, std_payor, los, pat_charges, pat_cost, pat_fix_cost, pat_var_cost, medrec_key, ms_drg, ms_drg_mdc, hispanic_ind, publish_type) VALUES ('127', '2001-01-01', '2021309', '2001-01-01', '1784', 'O', '28', '1', '3', '1', 'S', '33', 'F', 'W', '900', '999999999', '4028', '35227191', '360', '0', '100.00', '0.00', '0.00', '0.00', '126', '0', '0000', 'N', 'CP');
INSERT INTO premier_tests_native.patbill(pat_key, std_chg_code, hosp_chg_id, serv_date, hosp_qty, std_qty, bill_charges, bill_cost, bill_var_cost, bill_fix_cost) VALUES ('127', '110229000020000', '133918884', NULL, '1.00', '1.00', '0.00', '0.00', '0.00', '0.00');
INSERT INTO premier_tests_native.patcpt(pat_key, cpt_code, cpt_pos, proc_date, cpt_order_phy, cpt_order_phy_spec, cpt_proc_phy, cpt_proc_phy_spec, cpt_mod_code_1, cpt_mod_code_2, cpt_mod_code_3, cpt_mod_code_4) VALUES ('127', 'S2325', '1', NULL, '999999999', '900', '999999999', '900', '', '', '', '');
-- 128: CPT4 record to procedure_occurrence table
INSERT INTO premier_tests_native.pat(pat_key, adm_date, disc_mon, disc_date, prov_id, i_o_ind, pat_type, point_of_origin, adm_type, disc_status, mart_status, age, gender, race, admphy_spec, adm_phy, attphy_spec, att_phy, std_payor, los, pat_charges, pat_cost, pat_fix_cost, pat_var_cost, medrec_key, ms_drg, ms_drg_mdc, hispanic_ind, publish_type) VALUES ('129', '2013-03-01', '2021309', '2013-03-01', '1784', 'O', '28', '1', '3', '1', 'S', '33', 'F', 'W', '900', '999999999', '4028', '35227191', '360', '0', '100.00', '0.00', '0.00', '0.00', '128', '0', '0000', 'N', 'CP');
INSERT INTO premier_tests_native.patbill(pat_key, std_chg_code, hosp_chg_id, serv_date, hosp_qty, std_qty, bill_charges, bill_cost, bill_var_cost, bill_fix_cost) VALUES ('129', '110229000020000', '133918884', NULL, '1.00', '1.00', '0.00', '0.00', '0.00', '0.00');
INSERT INTO premier_tests_native.patcpt(pat_key, cpt_code, cpt_pos, proc_date, cpt_order_phy, cpt_order_phy_spec, cpt_proc_phy, cpt_proc_phy_spec, cpt_mod_code_1, cpt_mod_code_2, cpt_mod_code_3, cpt_mod_code_4) VALUES ('129', '01210', '1', NULL, '999999999', '900', '999999999', '900', '', '', '', '');
-- 130: CPT4 Modifier from PATICD_PROC, doesnt map to procedure_occurrence table
INSERT INTO premier_tests_native.pat(pat_key, adm_date, disc_mon, disc_date, prov_id, i_o_ind, pat_type, point_of_origin, adm_type, disc_status, mart_status, age, gender, race, admphy_spec, adm_phy, attphy_spec, att_phy, std_payor, los, pat_charges, pat_cost, pat_fix_cost, pat_var_cost, medrec_key, ms_drg, ms_drg_mdc, hispanic_ind, publish_type) VALUES ('131', '2020-02-10', '2021309', '2021-09-30', '1784', 'O', '28', '1', '3', '1', 'S', '33', 'F', 'W', '900', '999999999', '4028', '35227191', '360', '0', '100.00', '0.00', '0.00', '0.00', '130', '0', '0000', 'N', 'CP');
INSERT INTO premier_tests_native.patcpt(pat_key, cpt_code, cpt_pos, proc_date, cpt_order_phy, cpt_order_phy_spec, cpt_proc_phy, cpt_proc_phy_spec, cpt_mod_code_1, cpt_mod_code_2, cpt_mod_code_3, cpt_mod_code_4) VALUES ('131', '1P', '1', NULL, '999999999', '900', '999999999', '900', '', '', '', '');
-- 132: CPT4 measurement record not in procedure_occurrence table
INSERT INTO premier_tests_native.pat(pat_key, adm_date, disc_mon, disc_date, prov_id, i_o_ind, pat_type, point_of_origin, adm_type, disc_status, mart_status, age, gender, race, admphy_spec, adm_phy, attphy_spec, att_phy, std_payor, los, pat_charges, pat_cost, pat_fix_cost, pat_var_cost, medrec_key, ms_drg, ms_drg_mdc, hispanic_ind, publish_type) VALUES ('133', '2020-02-10', '2021309', '2021-09-30', '1784', 'O', '28', '1', '3', '1', 'S', '33', 'F', 'W', '900', '999999999', '4028', '35227191', '360', '0', '100.00', '0.00', '0.00', '0.00', '132', '0', '0000', 'N', 'CP');
INSERT INTO premier_tests_native.patcpt(pat_key, cpt_code, cpt_pos, proc_date, cpt_order_phy, cpt_order_phy_spec, cpt_proc_phy, cpt_proc_phy_spec, cpt_mod_code_1, cpt_mod_code_2, cpt_mod_code_3, cpt_mod_code_4) VALUES ('133', '81003', '1', NULL, '999999999', '900', '999999999', '900', '', '', '', '');
-- 134: HCPCS record not in procedure_occurrence table
INSERT INTO premier_tests_native.pat(pat_key, adm_date, disc_mon, disc_date, prov_id, i_o_ind, pat_type, point_of_origin, adm_type, disc_status, mart_status, age, gender, race, admphy_spec, adm_phy, attphy_spec, att_phy, std_payor, los, pat_charges, pat_cost, pat_fix_cost, pat_var_cost, medrec_key, ms_drg, ms_drg_mdc, hispanic_ind, publish_type) VALUES ('135', '2020-02-10', '2021309', '2021-09-30', '1784', 'O', '28', '1', '3', '1', 'S', '33', 'F', 'W', '900', '999999999', '4028', '35227191', '360', '0', '100.00', '0.00', '0.00', '0.00', '134', '0', '0000', 'N', 'CP');
INSERT INTO premier_tests_native.patcpt(pat_key, cpt_code, cpt_pos, proc_date, cpt_order_phy, cpt_order_phy_spec, cpt_proc_phy, cpt_proc_phy_spec, cpt_mod_code_1, cpt_mod_code_2, cpt_mod_code_3, cpt_mod_code_4) VALUES ('135', 'G0432', '1', NULL, '999999999', '900', '999999999', '900', '', '', '', '');
-- 136: STD_CHG_CODE measurement record not in procedure_occurrence table
INSERT INTO premier_tests_native.pat(pat_key, adm_date, disc_mon, disc_date, prov_id, i_o_ind, pat_type, point_of_origin, adm_type, disc_status, mart_status, age, gender, race, admphy_spec, adm_phy, attphy_spec, att_phy, std_payor, los, pat_charges, pat_cost, pat_fix_cost, pat_var_cost, medrec_key, ms_drg, ms_drg_mdc, hispanic_ind, publish_type) VALUES ('137', '2020-02-10', '2021309', '2021-09-30', '1784', 'O', '28', '1', '3', '1', 'S', '33', 'F', 'W', '900', '999999999', '4028', '35227191', '360', '0', '100.00', '0.00', '0.00', '0.00', '136', '0', '0000', 'N', 'CP');
INSERT INTO premier_tests_native.patbill(pat_key, std_chg_code, hosp_chg_id, serv_date, hosp_qty, std_qty, bill_charges, bill_cost, bill_var_cost, bill_fix_cost) VALUES ('137', '300305856520000', '133918884', NULL, '1.00', '1.00', '0.00', '0.00', '0.00', '0.00');
-- 138: ICD9CM measurement record not in procedure_occurrence table
INSERT INTO premier_tests_native.pat(pat_key, adm_date, disc_mon, disc_date, prov_id, i_o_ind, pat_type, point_of_origin, adm_type, disc_status, mart_status, age, gender, race, admphy_spec, adm_phy, attphy_spec, att_phy, std_payor, los, pat_charges, pat_cost, pat_fix_cost, pat_var_cost, medrec_key, ms_drg, ms_drg_mdc, hispanic_ind, publish_type) VALUES ('139', '2020-02-10', '2021309', '2021-09-30', '1784', 'O', '28', '1', '3', '1', 'S', '33', 'F', 'W', '900', '999999999', '4028', '35227191', '360', '0', '100.00', '0.00', '0.00', '0.00', '138', '0', '0000', 'N', 'CP');
INSERT INTO premier_tests_native.paticd_diag(pat_key, icd_version, icd_code, icd_pri_sec, icd_poa) VALUES ('139', '9', 'V85.42', 'S', '9');
-- 140: ICD10CM measurement record not in procedure_occurrence table
INSERT INTO premier_tests_native.pat(pat_key, adm_date, disc_mon, disc_date, prov_id, i_o_ind, pat_type, point_of_origin, adm_type, disc_status, mart_status, age, gender, race, admphy_spec, adm_phy, attphy_spec, att_phy, std_payor, los, pat_charges, pat_cost, pat_fix_cost, pat_var_cost, medrec_key, ms_drg, ms_drg_mdc, hispanic_ind, publish_type) VALUES ('141', '2020-02-10', '2021309', '2021-09-30', '1784', 'O', '28', '1', '3', '1', 'S', '33', 'F', 'W', '900', '999999999', '4028', '35227191', '360', '0', '100.00', '0.00', '0.00', '0.00', '140', '0', '0000', 'N', 'CP');
INSERT INTO premier_tests_native.paticd_diag(pat_key, icd_version, icd_code, icd_pri_sec, icd_poa) VALUES ('141', '10', 'Z68.3', 'S', '9');
-- 142: PATICD_PROC.ICD_PRI_SEC = P to procedure_type_concept_id = 32875
INSERT INTO premier_tests_native.pat(pat_key, adm_date, disc_mon, disc_date, prov_id, i_o_ind, pat_type, point_of_origin, adm_type, disc_status, mart_status, age, gender, race, admphy_spec, adm_phy, attphy_spec, att_phy, std_payor, los, pat_charges, pat_cost, pat_fix_cost, pat_var_cost, medrec_key, ms_drg, ms_drg_mdc, hispanic_ind, publish_type) VALUES ('143', '2020-02-10', '2021309', '2021-09-30', '1784', 'O', '28', '1', '3', '1', 'S', '33', 'F', 'W', '900', '999999999', '4028', '35227191', '360', '0', '100.00', '0.00', '0.00', '0.00', '142', '0', '0000', 'N', 'CP');
INSERT INTO premier_tests_native.paticd_proc(pat_key, icd_version, icd_code, icd_pri_sec, proc_date, proc_phy, procphy_spec) VALUES ('143', '9', '86.28', 'P', NULL, '999999999', '900');
-- 144: PATICD_PROC.ICD_PRI_SEC = S to procedure_type_concept_id = 32875
INSERT INTO premier_tests_native.pat(pat_key, adm_date, disc_mon, disc_date, prov_id, i_o_ind, pat_type, point_of_origin, adm_type, disc_status, mart_status, age, gender, race, admphy_spec, adm_phy, attphy_spec, att_phy, std_payor, los, pat_charges, pat_cost, pat_fix_cost, pat_var_cost, medrec_key, ms_drg, ms_drg_mdc, hispanic_ind, publish_type) VALUES ('145', '2020-02-10', '2021309', '2021-09-30', '1784', 'O', '28', '1', '3', '1', 'S', '33', 'F', 'W', '900', '999999999', '4028', '35227191', '360', '0', '100.00', '0.00', '0.00', '0.00', '144', '0', '0000', 'N', 'CP');
INSERT INTO premier_tests_native.paticd_proc(pat_key, icd_version, icd_code, icd_pri_sec, proc_date, proc_phy, procphy_spec) VALUES ('145', '9', '86.28', 'S', NULL, '999999999', '900');
-- 146: patbill.std_qty to condition_occurrence.quantity where std_chg_code maps to standard concept
INSERT INTO premier_tests_native.pat(pat_key, adm_date, disc_mon, disc_date, prov_id, i_o_ind, pat_type, point_of_origin, adm_type, disc_status, mart_status, age, gender, race, admphy_spec, adm_phy, attphy_spec, att_phy, std_payor, los, pat_charges, pat_cost, pat_fix_cost, pat_var_cost, medrec_key, ms_drg, ms_drg_mdc, hispanic_ind, publish_type) VALUES ('147', '2002-02-01', '2021309', '2002-02-01', '1784', 'O', '28', '1', '3', '1', 'S', '33', 'F', 'W', '900', '999999999', '4028', '35227191', '360', '0', '100.00', '0.00', '0.00', '0.00', '146', '0', '0000', 'N', 'CP');
INSERT INTO premier_tests_native.patbill(pat_key, std_chg_code, hosp_chg_id, serv_date, hosp_qty, std_qty, bill_charges, bill_cost, bill_var_cost, bill_fix_cost) VALUES ('147', '360360206110000', '133918884', NULL, '1.00', '3', '0.00', '0.00', '0.00', '0.00');
-- 148: patbill.std_qty to condition_occurrence.quantity where std_chg_code maps to 0
INSERT INTO premier_tests_native.pat(pat_key, adm_date, disc_mon, disc_date, prov_id, i_o_ind, pat_type, point_of_origin, adm_type, disc_status, mart_status, age, gender, race, admphy_spec, adm_phy, attphy_spec, att_phy, std_payor, los, pat_charges, pat_cost, pat_fix_cost, pat_var_cost, medrec_key, ms_drg, ms_drg_mdc, hispanic_ind, publish_type) VALUES ('149', '2002-02-01', '2021309', '2002-02-01', '1784', 'O', '28', '1', '3', '1', 'S', '33', 'F', 'W', '900', '999999999', '4028', '35227191', '360', '0', '100.00', '0.00', '0.00', '0.00', '148', '0', '0000', 'N', 'CP');
INSERT INTO premier_tests_native.patbill(pat_key, std_chg_code, hosp_chg_id, serv_date, hosp_qty, std_qty, bill_charges, bill_cost, bill_var_cost, bill_fix_cost) VALUES ('149', '270270019860000', '133918884', NULL, '1.00', '3', '0.00', '0.00', '0.00', '0.00');
-- 150: Creates good visit_occurrence records
INSERT INTO premier_tests_native.pat(pat_key, adm_date, disc_mon, disc_date, prov_id, i_o_ind, pat_type, point_of_origin, adm_type, disc_status, mart_status, age, gender, race, admphy_spec, adm_phy, attphy_spec, att_phy, std_payor, los, pat_charges, pat_cost, pat_fix_cost, pat_var_cost, medrec_key, ms_drg, ms_drg_mdc, hispanic_ind, publish_type) VALUES ('151', '2010-10-01', '2021309', '2010-10-01', '1784', 'O', '28', '1', '3', '1', 'S', '33', 'F', 'W', '900', '999999999', '4028', '35227191', '360', '0', '100.00', '0.00', '0.00', '0.00', '150', '0', '0000', 'N', 'CP');
INSERT INTO premier_tests_native.patbill(pat_key, std_chg_code, hosp_chg_id, serv_date, hosp_qty, std_qty, bill_charges, bill_cost, bill_var_cost, bill_fix_cost) VALUES ('151', '110229000020000', '133918884', NULL, '1.00', '1.00', '0.00', '0.00', '0.00', '0.00');
INSERT INTO premier_tests_native.pat(pat_key, adm_date, disc_mon, disc_date, prov_id, i_o_ind, pat_type, point_of_origin, adm_type, disc_status, mart_status, age, gender, race, admphy_spec, adm_phy, attphy_spec, att_phy, std_payor, los, pat_charges, pat_cost, pat_fix_cost, pat_var_cost, medrec_key, ms_drg, ms_drg_mdc, hispanic_ind, publish_type) VALUES ('152', '2010-10-01', '2021309', '2010-11-01', '1784', 'O', '28', '1', '3', '1', 'S', '33', 'F', 'W', '900', '999999999', '4028', '35227191', '360', '0', '100.00', '0.00', '0.00', '0.00', '150', '0', '0000', 'N', 'CP');
INSERT INTO premier_tests_native.patbill(pat_key, std_chg_code, hosp_chg_id, serv_date, hosp_qty, std_qty, bill_charges, bill_cost, bill_var_cost, bill_fix_cost) VALUES ('152', '110229000020000', '133918884', NULL, '1.00', '1.00', '0.00', '0.00', '0.00', '0.00');
INSERT INTO premier_tests_native.pat(pat_key, adm_date, disc_mon, disc_date, prov_id, i_o_ind, pat_type, point_of_origin, adm_type, disc_status, mart_status, age, gender, race, admphy_spec, adm_phy, attphy_spec, att_phy, std_payor, los, pat_charges, pat_cost, pat_fix_cost, pat_var_cost, medrec_key, ms_drg, ms_drg_mdc, hispanic_ind, publish_type) VALUES ('153', '2011-05-01', '2021309', '2011-05-01', '1784', 'O', '28', '1', '3', '1', 'S', '33', 'F', 'W', '900', '999999999', '4028', '35227191', '360', '0', '100.00', '0.00', '0.00', '0.00', '150', '0', '0000', 'N', 'CP');
INSERT INTO premier_tests_native.patbill(pat_key, std_chg_code, hosp_chg_id, serv_date, hosp_qty, std_qty, bill_charges, bill_cost, bill_var_cost, bill_fix_cost) VALUES ('153', '110229000020000', '133918884', NULL, '1.00', '1.00', '0.00', '0.00', '0.00', '0.00');
INSERT INTO premier_tests_native.pat(pat_key, adm_date, disc_mon, disc_date, prov_id, i_o_ind, pat_type, point_of_origin, adm_type, disc_status, mart_status, age, gender, race, admphy_spec, adm_phy, attphy_spec, att_phy, std_payor, los, pat_charges, pat_cost, pat_fix_cost, pat_var_cost, medrec_key, ms_drg, ms_drg_mdc, hispanic_ind, publish_type) VALUES ('154', '2011-05-01', '2021309', '2011-05-01', '1784', 'O', '28', '1', '3', '1', 'S', '33', 'F', 'W', '900', '999999999', '4028', '35227191', '360', '0', '100.00', '0.00', '0.00', '0.00', '150', '0', '0000', 'N', 'CP');
INSERT INTO premier_tests_native.patbill(pat_key, std_chg_code, hosp_chg_id, serv_date, hosp_qty, std_qty, bill_charges, bill_cost, bill_var_cost, bill_fix_cost) VALUES ('154', '110229000020000', '133918884', NULL, '1.00', '1.00', '0.00', '0.00', '0.00', '0.00');
-- 155: point_of_origin: 0 to admitting_source_concept_id: 8976
INSERT INTO premier_tests_native.pat(pat_key, adm_date, disc_mon, disc_date, prov_id, i_o_ind, pat_type, point_of_origin, adm_type, disc_status, mart_status, age, gender, race, admphy_spec, adm_phy, attphy_spec, att_phy, std_payor, los, pat_charges, pat_cost, pat_fix_cost, pat_var_cost, medrec_key, ms_drg, ms_drg_mdc, hispanic_ind, publish_type) VALUES ('156', '2020-02-10', '2021309', '2021-09-30', '1784', 'O', '28', '0', '3', '1', 'S', '33', 'F', 'W', '900', '999999999', '4028', '35227191', '360', '0', '100.00', '0.00', '0.00', '0.00', '155', '0', '0000', 'N', 'CP');
-- 157: point_of_origin: 1 to admitting_source_concept_id: 8844
INSERT INTO premier_tests_native.pat(pat_key, adm_date, disc_mon, disc_date, prov_id, i_o_ind, pat_type, point_of_origin, adm_type, disc_status, mart_status, age, gender, race, admphy_spec, adm_phy, attphy_spec, att_phy, std_payor, los, pat_charges, pat_cost, pat_fix_cost, pat_var_cost, medrec_key, ms_drg, ms_drg_mdc, hispanic_ind, publish_type) VALUES ('158', '2020-02-10', '2021309', '2021-09-30', '1784', 'O', '28', '1', '3', '1', 'S', '33', 'F', 'W', '900', '999999999', '4028', '35227191', '360', '0', '100.00', '0.00', '0.00', '0.00', '157', '0', '0000', 'N', 'CP');
-- 159: point_of_origin: 2 to admitting_source_concept_id: 8716
INSERT INTO premier_tests_native.pat(pat_key, adm_date, disc_mon, disc_date, prov_id, i_o_ind, pat_type, point_of_origin, adm_type, disc_status, mart_status, age, gender, race, admphy_spec, adm_phy, attphy_spec, att_phy, std_payor, los, pat_charges, pat_cost, pat_fix_cost, pat_var_cost, medrec_key, ms_drg, ms_drg_mdc, hispanic_ind, publish_type) VALUES ('160', '2020-02-10', '2021309', '2021-09-30', '1784', 'O', '28', '2', '3', '1', 'S', '33', 'F', 'W', '900', '999999999', '4028', '35227191', '360', '0', '100.00', '0.00', '0.00', '0.00', '159', '0', '0000', 'N', 'CP');
-- 161: point_of_origin: 3 to admitting_source_concept_id: 8844
INSERT INTO premier_tests_native.pat(pat_key, adm_date, disc_mon, disc_date, prov_id, i_o_ind, pat_type, point_of_origin, adm_type, disc_status, mart_status, age, gender, race, admphy_spec, adm_phy, attphy_spec, att_phy, std_payor, los, pat_charges, pat_cost, pat_fix_cost, pat_var_cost, medrec_key, ms_drg, ms_drg_mdc, hispanic_ind, publish_type) VALUES ('162', '2020-02-10', '2021309', '2021-09-30', '1784', 'O', '28', '3', '3', '1', 'S', '33', 'F', 'W', '900', '999999999', '4028', '35227191', '360', '0', '100.00', '0.00', '0.00', '0.00', '161', '0', '0000', 'N', 'CP');
-- 163: point_of_origin: 4 to admitting_source_concept_id: 8717
INSERT INTO premier_tests_native.pat(pat_key, adm_date, disc_mon, disc_date, prov_id, i_o_ind, pat_type, point_of_origin, adm_type, disc_status, mart_status, age, gender, race, admphy_spec, adm_phy, attphy_spec, att_phy, std_payor, los, pat_charges, pat_cost, pat_fix_cost, pat_var_cost, medrec_key, ms_drg, ms_drg_mdc, hispanic_ind, publish_type) VALUES ('164', '2020-02-10', '2021309', '2021-09-30', '1784', 'O', '28', '4', '3', '1', 'S', '33', 'F', 'W', '900', '999999999', '4028', '35227191', '360', '0', '100.00', '0.00', '0.00', '0.00', '163', '0', '0000', 'N', 'CP');
-- 165: point_of_origin: 45 to admitting_source_concept_id: 581384
INSERT INTO premier_tests_native.pat(pat_key, adm_date, disc_mon, disc_date, prov_id, i_o_ind, pat_type, point_of_origin, adm_type, disc_status, mart_status, age, gender, race, admphy_spec, adm_phy, attphy_spec, att_phy, std_payor, los, pat_charges, pat_cost, pat_fix_cost, pat_var_cost, medrec_key, ms_drg, ms_drg_mdc, hispanic_ind, publish_type) VALUES ('166', '2020-02-10', '2021309', '2021-09-30', '1784', 'O', '28', '45', '3', '1', 'S', '33', 'F', 'W', '900', '999999999', '4028', '35227191', '360', '0', '100.00', '0.00', '0.00', '0.00', '165', '0', '0000', 'N', 'CP');
-- 167: point_of_origin: 46 to admitting_source_concept_id: 8650
INSERT INTO premier_tests_native.pat(pat_key, adm_date, disc_mon, disc_date, prov_id, i_o_ind, pat_type, point_of_origin, adm_type, disc_status, mart_status, age, gender, race, admphy_spec, adm_phy, attphy_spec, att_phy, std_payor, los, pat_charges, pat_cost, pat_fix_cost, pat_var_cost, medrec_key, ms_drg, ms_drg_mdc, hispanic_ind, publish_type) VALUES ('168', '2020-02-10', '2021309', '2021-09-30', '1784', 'O', '28', '46', '3', '1', 'S', '33', 'F', 'W', '900', '999999999', '4028', '35227191', '360', '0', '100.00', '0.00', '0.00', '0.00', '167', '0', '0000', 'N', 'CP');
-- 169: point_of_origin: 5 to admitting_source_concept_id: 8863
INSERT INTO premier_tests_native.pat(pat_key, adm_date, disc_mon, disc_date, prov_id, i_o_ind, pat_type, point_of_origin, adm_type, disc_status, mart_status, age, gender, race, admphy_spec, adm_phy, attphy_spec, att_phy, std_payor, los, pat_charges, pat_cost, pat_fix_cost, pat_var_cost, medrec_key, ms_drg, ms_drg_mdc, hispanic_ind, publish_type) VALUES ('170', '2020-02-10', '2021309', '2021-09-30', '1784', 'O', '28', '5', '3', '1', 'S', '33', 'F', 'W', '900', '999999999', '4028', '35227191', '360', '0', '100.00', '0.00', '0.00', '0.00', '169', '0', '0000', 'N', 'CP');
-- 171: point_of_origin: 6 to admitting_source_concept_id: 8844
INSERT INTO premier_tests_native.pat(pat_key, adm_date, disc_mon, disc_date, prov_id, i_o_ind, pat_type, point_of_origin, adm_type, disc_status, mart_status, age, gender, race, admphy_spec, adm_phy, attphy_spec, att_phy, std_payor, los, pat_charges, pat_cost, pat_fix_cost, pat_var_cost, medrec_key, ms_drg, ms_drg_mdc, hispanic_ind, publish_type) VALUES ('172', '2020-02-10', '2021309', '2021-09-30', '1784', 'O', '28', '6', '3', '1', 'S', '33', 'F', 'W', '900', '999999999', '4028', '35227191', '360', '0', '100.00', '0.00', '0.00', '0.00', '171', '0', '0000', 'N', 'CP');
-- 173: point_of_origin: 7 to admitting_source_concept_id: 8870
INSERT INTO premier_tests_native.pat(pat_key, adm_date, disc_mon, disc_date, prov_id, i_o_ind, pat_type, point_of_origin, adm_type, disc_status, mart_status, age, gender, race, admphy_spec, adm_phy, attphy_spec, att_phy, std_payor, los, pat_charges, pat_cost, pat_fix_cost, pat_var_cost, medrec_key, ms_drg, ms_drg_mdc, hispanic_ind, publish_type) VALUES ('174', '2020-02-10', '2021309', '2021-09-30', '1784', 'O', '28', '7', '3', '1', 'S', '33', 'F', 'W', '900', '999999999', '4028', '35227191', '360', '0', '100.00', '0.00', '0.00', '0.00', '173', '0', '0000', 'N', 'CP');
-- 175: point_of_origin: 8 to admitting_source_concept_id: 8844
INSERT INTO premier_tests_native.pat(pat_key, adm_date, disc_mon, disc_date, prov_id, i_o_ind, pat_type, point_of_origin, adm_type, disc_status, mart_status, age, gender, race, admphy_spec, adm_phy, attphy_spec, att_phy, std_payor, los, pat_charges, pat_cost, pat_fix_cost, pat_var_cost, medrec_key, ms_drg, ms_drg_mdc, hispanic_ind, publish_type) VALUES ('176', '2020-02-10', '2021309', '2021-09-30', '1784', 'O', '28', '8', '3', '1', 'S', '33', 'F', 'W', '900', '999999999', '4028', '35227191', '360', '0', '100.00', '0.00', '0.00', '0.00', '175', '0', '0000', 'N', 'CP');
-- 177: point_of_origin: 9 to admitting_source_concept_id: 8844
INSERT INTO premier_tests_native.pat(pat_key, adm_date, disc_mon, disc_date, prov_id, i_o_ind, pat_type, point_of_origin, adm_type, disc_status, mart_status, age, gender, race, admphy_spec, adm_phy, attphy_spec, att_phy, std_payor, los, pat_charges, pat_cost, pat_fix_cost, pat_var_cost, medrec_key, ms_drg, ms_drg_mdc, hispanic_ind, publish_type) VALUES ('178', '2020-02-10', '2021309', '2021-09-30', '1784', 'O', '28', '9', '3', '1', 'S', '33', 'F', 'W', '900', '999999999', '4028', '35227191', '360', '0', '100.00', '0.00', '0.00', '0.00', '177', '0', '0000', 'N', 'CP');
-- 179: point_of_origin: A to admitting_source_concept_id: 8761
INSERT INTO premier_tests_native.pat(pat_key, adm_date, disc_mon, disc_date, prov_id, i_o_ind, pat_type, point_of_origin, adm_type, disc_status, mart_status, age, gender, race, admphy_spec, adm_phy, attphy_spec, att_phy, std_payor, los, pat_charges, pat_cost, pat_fix_cost, pat_var_cost, medrec_key, ms_drg, ms_drg_mdc, hispanic_ind, publish_type) VALUES ('180', '2020-02-10', '2021309', '2021-09-30', '1784', 'O', '28', 'A', '3', '1', 'S', '33', 'F', 'W', '900', '999999999', '4028', '35227191', '360', '0', '100.00', '0.00', '0.00', '0.00', '179', '0', '0000', 'N', 'CP');
-- 181: point_of_origin: B to admitting_source_concept_id: 8536
INSERT INTO premier_tests_native.pat(pat_key, adm_date, disc_mon, disc_date, prov_id, i_o_ind, pat_type, point_of_origin, adm_type, disc_status, mart_status, age, gender, race, admphy_spec, adm_phy, attphy_spec, att_phy, std_payor, los, pat_charges, pat_cost, pat_fix_cost, pat_var_cost, medrec_key, ms_drg, ms_drg_mdc, hispanic_ind, publish_type) VALUES ('182', '2020-02-10', '2021309', '2021-09-30', '1784', 'O', '28', 'B', '3', '1', 'S', '33', 'F', 'W', '900', '999999999', '4028', '35227191', '360', '0', '100.00', '0.00', '0.00', '0.00', '181', '0', '0000', 'N', 'CP');
-- 183: point_of_origin: C to admitting_source_concept_id: 8536
INSERT INTO premier_tests_native.pat(pat_key, adm_date, disc_mon, disc_date, prov_id, i_o_ind, pat_type, point_of_origin, adm_type, disc_status, mart_status, age, gender, race, admphy_spec, adm_phy, attphy_spec, att_phy, std_payor, los, pat_charges, pat_cost, pat_fix_cost, pat_var_cost, medrec_key, ms_drg, ms_drg_mdc, hispanic_ind, publish_type) VALUES ('184', '2020-02-10', '2021309', '2021-09-30', '1784', 'O', '28', 'C', '3', '1', 'S', '33', 'F', 'W', '900', '999999999', '4028', '35227191', '360', '0', '100.00', '0.00', '0.00', '0.00', '183', '0', '0000', 'N', 'CP');
-- 185: point_of_origin: D to admitting_source_concept_id: 8717
INSERT INTO premier_tests_native.pat(pat_key, adm_date, disc_mon, disc_date, prov_id, i_o_ind, pat_type, point_of_origin, adm_type, disc_status, mart_status, age, gender, race, admphy_spec, adm_phy, attphy_spec, att_phy, std_payor, los, pat_charges, pat_cost, pat_fix_cost, pat_var_cost, medrec_key, ms_drg, ms_drg_mdc, hispanic_ind, publish_type) VALUES ('186', '2020-02-10', '2021309', '2021-09-30', '1784', 'O', '28', 'D', '3', '1', 'S', '33', 'F', 'W', '900', '999999999', '4028', '35227191', '360', '0', '100.00', '0.00', '0.00', '0.00', '185', '0', '0000', 'N', 'CP');
-- 187: point_of_origin: E to admitting_source_concept_id: 8883
INSERT INTO premier_tests_native.pat(pat_key, adm_date, disc_mon, disc_date, prov_id, i_o_ind, pat_type, point_of_origin, adm_type, disc_status, mart_status, age, gender, race, admphy_spec, adm_phy, attphy_spec, att_phy, std_payor, los, pat_charges, pat_cost, pat_fix_cost, pat_var_cost, medrec_key, ms_drg, ms_drg_mdc, hispanic_ind, publish_type) VALUES ('188', '2020-02-10', '2021309', '2021-09-30', '1784', 'O', '28', 'E', '3', '1', 'S', '33', 'F', 'W', '900', '999999999', '4028', '35227191', '360', '0', '100.00', '0.00', '0.00', '0.00', '187', '0', '0000', 'N', 'CP');
-- 189: point_of_origin: F to admitting_source_concept_id: 8546
INSERT INTO premier_tests_native.pat(pat_key, adm_date, disc_mon, disc_date, prov_id, i_o_ind, pat_type, point_of_origin, adm_type, disc_status, mart_status, age, gender, race, admphy_spec, adm_phy, attphy_spec, att_phy, std_payor, los, pat_charges, pat_cost, pat_fix_cost, pat_var_cost, medrec_key, ms_drg, ms_drg_mdc, hispanic_ind, publish_type) VALUES ('190', '2020-02-10', '2021309', '2021-09-30', '1784', 'O', '28', 'F', '3', '1', 'S', '33', 'F', 'W', '900', '999999999', '4028', '35227191', '360', '0', '100.00', '0.00', '0.00', '0.00', '189', '0', '0000', 'N', 'CP');
-- 191: ER-to-inpatient stay, pat.adm_date<=2010-06-01
INSERT INTO premier_tests_native.pat(pat_key, adm_date, disc_mon, disc_date, prov_id, i_o_ind, pat_type, point_of_origin, adm_type, disc_status, mart_status, age, gender, race, admphy_spec, adm_phy, attphy_spec, att_phy, std_payor, los, pat_charges, pat_cost, pat_fix_cost, pat_var_cost, medrec_key, ms_drg, ms_drg_mdc, hispanic_ind, publish_type) VALUES ('192', '2005-01-01', '2021309', '2021-09-30', '1784', 'I', '28', '7', '3', '1', 'S', '33', 'F', 'W', '900', '999999999', '4028', '35227191', '360', '0', '100.00', '0.00', '0.00', '0.00', '191', '0', '0000', 'N', 'CP');
-- 193: ER-to-inpatient stay, pat.adm_date>=2010-07-01
INSERT INTO premier_tests_native.pat(pat_key, adm_date, disc_mon, disc_date, prov_id, i_o_ind, pat_type, point_of_origin, adm_type, disc_status, mart_status, age, gender, race, admphy_spec, adm_phy, attphy_spec, att_phy, std_payor, los, pat_charges, pat_cost, pat_fix_cost, pat_var_cost, medrec_key, ms_drg, ms_drg_mdc, hispanic_ind, publish_type) VALUES ('194', '2013-01-01', '2021309', '2021-09-30', '1784', 'I', '28', '7', '3', '1', 'S', '33', 'F', 'W', '900', '999999999', '4028', '35227191', '360', '0', '100.00', '0.00', '0.00', '0.00', '193', '0', '0000', 'N', 'CP');