TRUNCATE TABLE native_cdm_testing_premier.poorigin;
TRUNCATE TABLE native_cdm_testing_premier._lookup_datadictionary;
TRUNCATE TABLE native_cdm_testing_premier.admtype;
TRUNCATE TABLE native_cdm_testing_premier.hospchg;
TRUNCATE TABLE native_cdm_testing_premier.pataprdrg;
TRUNCATE TABLE native_cdm_testing_premier.disstat;
TRUNCATE TABLE native_cdm_testing_premier.msdrg;
TRUNCATE TABLE native_cdm_testing_premier.lab_sens_result;
TRUNCATE TABLE native_cdm_testing_premier.physpec;
TRUNCATE TABLE native_cdm_testing_premier.pat;
TRUNCATE TABLE native_cdm_testing_premier.lab_result;
TRUNCATE TABLE native_cdm_testing_premier.patcpt;
TRUNCATE TABLE native_cdm_testing_premier.chgmstr;
TRUNCATE TABLE native_cdm_testing_premier.pattype;
TRUNCATE TABLE native_cdm_testing_premier._version;
TRUNCATE TABLE native_cdm_testing_premier.paticd_diag;
TRUNCATE TABLE native_cdm_testing_premier.patbill;
TRUNCATE TABLE native_cdm_testing_premier.msdrgmdc;
TRUNCATE TABLE native_cdm_testing_premier.payor;
TRUNCATE TABLE native_cdm_testing_premier.vitals;
TRUNCATE TABLE native_cdm_testing_premier.icdcode;
TRUNCATE TABLE native_cdm_testing_premier.prov_enrollment;
TRUNCATE TABLE native_cdm_testing_premier.genlab;
TRUNCATE TABLE native_cdm_testing_premier.aprdrg;
TRUNCATE TABLE native_cdm_testing_premier.providers;
TRUNCATE TABLE native_cdm_testing_premier.paticd_proc;
TRUNCATE TABLE native_cdm_testing_premier.cptcode;
TRUNCATE TABLE native_cdm_testing_premier.icdpoa;
-- 1: ICD9CM record from PATICD_DIAG to condition_occurrence table
INSERT INTO native_cdm_testing_premier.pat(pat_key, adm_date, disc_mon, disc_date, prov_id, i_o_ind, pat_type, point_of_origin, adm_type, disc_status, mart_status, age, gender, race, admphy_spec, adm_phy, attphy_spec, att_phy, std_payor, los, pat_charges, pat_cost, pat_fix_cost, pat_var_cost, medrec_key, ms_drg, ms_drg_mdc, hispanic_ind, publish_type) VALUES ('2', '2005-01-01', '2021309', '2005-01-01', '1784', 'O', '28', '1', '3', '1', 'S', '0', 'F', 'W', '900', '999999999', '4028', '35227191', '360', '0', '100.00', '0.00', '0.00', '0.00', '1', '0', '0000', 'N', 'CP');
INSERT INTO native_cdm_testing_premier.patbill(pat_key, std_chg_code, hosp_chg_id, serv_date, hosp_qty, std_qty, bill_charges, bill_cost, bill_var_cost, bill_fix_cost) VALUES ('2', '110229000020000', '133918884', NULL, '1.00', '1.00', '0.00', '0.00', '0.00', '0.00');
INSERT INTO native_cdm_testing_premier.paticd_diag(pat_key, icd_version, icd_code, icd_pri_sec, icd_poa) VALUES ('2', '9', '112.89', 'S', '9');
-- 3: ICD10CM record from PATICD_DIAG to condition_occurrence table
INSERT INTO native_cdm_testing_premier.pat(pat_key, adm_date, disc_mon, disc_date, prov_id, i_o_ind, pat_type, point_of_origin, adm_type, disc_status, mart_status, age, gender, race, admphy_spec, adm_phy, attphy_spec, att_phy, std_payor, los, pat_charges, pat_cost, pat_fix_cost, pat_var_cost, medrec_key, ms_drg, ms_drg_mdc, hispanic_ind, publish_type) VALUES ('4', '2004-03-01', '2021309', '2004-03-01', '1784', 'O', '28', '1', '3', '1', 'S', '0', 'F', 'W', '900', '999999999', '4028', '35227191', '360', '0', '100.00', '0.00', '0.00', '0.00', '3', '0', '0000', 'N', 'CP');
INSERT INTO native_cdm_testing_premier.patbill(pat_key, std_chg_code, hosp_chg_id, serv_date, hosp_qty, std_qty, bill_charges, bill_cost, bill_var_cost, bill_fix_cost) VALUES ('4', '110229000020000', '133918884', NULL, '1.00', '1.00', '0.00', '0.00', '0.00', '0.00');
INSERT INTO native_cdm_testing_premier.paticd_diag(pat_key, icd_version, icd_code, icd_pri_sec, icd_poa) VALUES ('4', '10', 'M05.421', 'S', '9');
-- 5: PATICD_DIAG.ICD_POA = W to CONDITION_STATUS_CONCEPT_ID = 46236988
INSERT INTO native_cdm_testing_premier.pat(pat_key, adm_date, disc_mon, disc_date, prov_id, i_o_ind, pat_type, point_of_origin, adm_type, disc_status, mart_status, age, gender, race, admphy_spec, adm_phy, attphy_spec, att_phy, std_payor, los, pat_charges, pat_cost, pat_fix_cost, pat_var_cost, medrec_key, ms_drg, ms_drg_mdc, hispanic_ind, publish_type) VALUES ('6', '2020-02-10', '2021309', '2021-09-30', '1784', 'O', '28', '1', '3', '1', 'S', '0', 'F', 'W', '900', '999999999', '4028', '35227191', '360', '0', '100.00', '0.00', '0.00', '0.00', '5', '0', '0000', 'N', 'CP');
INSERT INTO native_cdm_testing_premier.paticd_diag(pat_key, icd_version, icd_code, icd_pri_sec, icd_poa) VALUES ('6', '10', 'I10', 'S', 'W');
-- 7: PATICD_DIAG.ICD_POA = Y to CONDITION_STATUS_CONCEPT_ID = 46236988
INSERT INTO native_cdm_testing_premier.pat(pat_key, adm_date, disc_mon, disc_date, prov_id, i_o_ind, pat_type, point_of_origin, adm_type, disc_status, mart_status, age, gender, race, admphy_spec, adm_phy, attphy_spec, att_phy, std_payor, los, pat_charges, pat_cost, pat_fix_cost, pat_var_cost, medrec_key, ms_drg, ms_drg_mdc, hispanic_ind, publish_type) VALUES ('8', '2020-02-10', '2021309', '2021-09-30', '1784', 'O', '28', '1', '3', '1', 'S', '0', 'F', 'W', '900', '999999999', '4028', '35227191', '360', '0', '100.00', '0.00', '0.00', '0.00', '7', '0', '0000', 'N', 'CP');
INSERT INTO native_cdm_testing_premier.paticd_diag(pat_key, icd_version, icd_code, icd_pri_sec, icd_poa) VALUES ('8', '10', 'I10', 'S', 'Y');
-- 9: PATICD_DIAG.ICD_POA = 9 to CONDITION_STATUS_CONCEPT_ID = 0
INSERT INTO native_cdm_testing_premier.pat(pat_key, adm_date, disc_mon, disc_date, prov_id, i_o_ind, pat_type, point_of_origin, adm_type, disc_status, mart_status, age, gender, race, admphy_spec, adm_phy, attphy_spec, att_phy, std_payor, los, pat_charges, pat_cost, pat_fix_cost, pat_var_cost, medrec_key, ms_drg, ms_drg_mdc, hispanic_ind, publish_type) VALUES ('10', '2020-02-10', '2021309', '2021-09-30', '1784', 'O', '28', '1', '3', '1', 'S', '0', 'F', 'W', '900', '999999999', '4028', '35227191', '360', '0', '100.00', '0.00', '0.00', '0.00', '9', '0', '0000', 'N', 'CP');
INSERT INTO native_cdm_testing_premier.paticd_diag(pat_key, icd_version, icd_code, icd_pri_sec, icd_poa) VALUES ('10', '10', 'I10', 'S', '9');
-- 11: Cost record from drug_exposure
INSERT INTO native_cdm_testing_premier.pat(pat_key, adm_date, disc_mon, disc_date, prov_id, i_o_ind, pat_type, point_of_origin, adm_type, disc_status, mart_status, age, gender, race, admphy_spec, adm_phy, attphy_spec, att_phy, std_payor, los, pat_charges, pat_cost, pat_fix_cost, pat_var_cost, medrec_key, ms_drg, ms_drg_mdc, hispanic_ind, publish_type) VALUES ('12', '2020-02-10', '2021309', '2021-09-30', '1784', 'O', '28', '1', '3', '1', 'S', '0', 'F', 'W', '900', '999999999', '4028', '35227191', '360', '0', '100.00', '0.00', '0.00', '0.00', '11', '0', '0000', 'N', 'CP');
INSERT INTO native_cdm_testing_premier.patbill(pat_key, std_chg_code, hosp_chg_id, serv_date, hosp_qty, std_qty, bill_charges, bill_cost, bill_var_cost, bill_fix_cost) VALUES ('12', 'NA', '133918884', NULL, '1.00', '1.00', '500.5', '300.75', '0.00', '0.00');
INSERT INTO native_cdm_testing_premier.chgmstr(std_chg_code, std_chg_desc, clin_dtl_code, clin_dtl_desc, clin_sum_code, clin_sum_desc, std_dept_code, std_dept_desc, sum_dept_desc, prod_cat_code, prod_cat_desc, prod_class_code, prod_class_desc, prod_name_code, prod_name_desc, prod_name_meth_code, prod_name_meth_desc) VALUES ('NA', '', '270270003100000', 'BLADE', '980100', 'PRO FEE', '360', 'PHARMACY', 'PHARMACY', '99999', 'Unknown', '99999', 'Unknown', '99999999999', 'Unknown', '999999999999', 'Unknown');
-- 13: Cost record from procedure_occurrence
INSERT INTO native_cdm_testing_premier.pat(pat_key, adm_date, disc_mon, disc_date, prov_id, i_o_ind, pat_type, point_of_origin, adm_type, disc_status, mart_status, age, gender, race, admphy_spec, adm_phy, attphy_spec, att_phy, std_payor, los, pat_charges, pat_cost, pat_fix_cost, pat_var_cost, medrec_key, ms_drg, ms_drg_mdc, hispanic_ind, publish_type) VALUES ('14', '2020-02-10', '2021309', '2021-09-30', '1784', 'O', '28', '1', '3', '1', 'S', '0', 'F', 'W', '900', '999999999', '4028', '35227191', '360', '0', '100.00', '0.00', '0.00', '0.00', '13', '0', '0000', 'N', 'CP');
INSERT INTO native_cdm_testing_premier.patbill(pat_key, std_chg_code, hosp_chg_id, serv_date, hosp_qty, std_qty, bill_charges, bill_cost, bill_var_cost, bill_fix_cost) VALUES ('14', 'NA', '133918884', NULL, '1.00', '1.00', '29374.99', '13572.76', '0.00', '0.00');
INSERT INTO native_cdm_testing_premier.chgmstr(std_chg_code, std_chg_desc, clin_dtl_code, clin_dtl_desc, clin_sum_code, clin_sum_desc, std_dept_code, std_dept_desc, sum_dept_desc, prod_cat_code, prod_cat_desc, prod_class_code, prod_class_desc, prod_name_code, prod_name_desc, prod_name_meth_code, prod_name_meth_desc) VALUES ('NA', '', '270270003100000', 'BLADE', '980100', 'PRO FEE', '360', 'SURGERY', 'OR', '99999', 'Unknown', '99999', 'Unknown', '99999999999', 'Unknown', '999999999999', 'Unknown');
-- 15: Cost record from device_exposure
INSERT INTO native_cdm_testing_premier.pat(pat_key, adm_date, disc_mon, disc_date, prov_id, i_o_ind, pat_type, point_of_origin, adm_type, disc_status, mart_status, age, gender, race, admphy_spec, adm_phy, attphy_spec, att_phy, std_payor, los, pat_charges, pat_cost, pat_fix_cost, pat_var_cost, medrec_key, ms_drg, ms_drg_mdc, hispanic_ind, publish_type) VALUES ('16', '2020-02-10', '2021309', '2021-09-30', '1784', 'O', '28', '1', '3', '1', 'S', '0', 'F', 'W', '900', '999999999', '4028', '35227191', '360', '0', '100.00', '0.00', '0.00', '0.00', '15', '0', '0000', 'N', 'CP');
INSERT INTO native_cdm_testing_premier.patbill(pat_key, std_chg_code, hosp_chg_id, serv_date, hosp_qty, std_qty, bill_charges, bill_cost, bill_var_cost, bill_fix_cost) VALUES ('16', 'NA', '133918884', NULL, '1.00', '1.00', '499.99', '99.99', '0.00', '0.00');
INSERT INTO native_cdm_testing_premier.chgmstr(std_chg_code, std_chg_desc, clin_dtl_code, clin_dtl_desc, clin_sum_code, clin_sum_desc, std_dept_code, std_dept_desc, sum_dept_desc, prod_cat_code, prod_cat_desc, prod_class_code, prod_class_desc, prod_name_code, prod_name_desc, prod_name_meth_code, prod_name_meth_desc) VALUES ('NA', '', '270270003100000', 'BLADE', '980100', 'PRO FEE', '360', 'CENTRAL SUPPLY', 'SUPPLY', '99999', 'Unknown', '99999', 'Unknown', '99999999999', 'Unknown', '999999999999', 'Unknown');
-- 17: Cost record from observation
INSERT INTO native_cdm_testing_premier.pat(pat_key, adm_date, disc_mon, disc_date, prov_id, i_o_ind, pat_type, point_of_origin, adm_type, disc_status, mart_status, age, gender, race, admphy_spec, adm_phy, attphy_spec, att_phy, std_payor, los, pat_charges, pat_cost, pat_fix_cost, pat_var_cost, medrec_key, ms_drg, ms_drg_mdc, hispanic_ind, publish_type) VALUES ('18', '2020-02-10', '2021309', '2021-09-30', '1784', 'O', '28', '1', '3', '1', 'S', '0', 'F', 'W', '900', '999999999', '4028', '35227191', '360', '0', '100.00', '0.00', '0.00', '0.00', '17', '0', '0000', 'N', 'CP');
INSERT INTO native_cdm_testing_premier.patbill(pat_key, std_chg_code, hosp_chg_id, serv_date, hosp_qty, std_qty, bill_charges, bill_cost, bill_var_cost, bill_fix_cost) VALUES ('18', 'NA', '133918884', NULL, '1.00', '1.00', '2347.77', '2000', '0.00', '0.00');
INSERT INTO native_cdm_testing_premier.chgmstr(std_chg_code, std_chg_desc, clin_dtl_code, clin_dtl_desc, clin_sum_code, clin_sum_desc, std_dept_code, std_dept_desc, sum_dept_desc, prod_cat_code, prod_cat_desc, prod_class_code, prod_class_desc, prod_name_code, prod_name_desc, prod_name_meth_code, prod_name_meth_desc) VALUES ('NA', '', '270270003100000', 'BLADE', '980100', 'PRO FEE', '360', 'DIALYSIS', 'OTHER', '99999', 'Unknown', '99999', 'Unknown', '99999999999', 'Unknown', '999999999999', 'Unknown');
-- 19: Cost record from measurement
INSERT INTO native_cdm_testing_premier.pat(pat_key, adm_date, disc_mon, disc_date, prov_id, i_o_ind, pat_type, point_of_origin, adm_type, disc_status, mart_status, age, gender, race, admphy_spec, adm_phy, attphy_spec, att_phy, std_payor, los, pat_charges, pat_cost, pat_fix_cost, pat_var_cost, medrec_key, ms_drg, ms_drg_mdc, hispanic_ind, publish_type) VALUES ('20', '2020-02-10', '2021309', '2021-09-30', '1784', 'O', '28', '1', '3', '1', 'S', '0', 'F', 'W', '900', '999999999', '4028', '35227191', '360', '0', '100.00', '0.00', '0.00', '0.00', '19', '0', '0000', 'N', 'CP');
INSERT INTO native_cdm_testing_premier.patbill(pat_key, std_chg_code, hosp_chg_id, serv_date, hosp_qty, std_qty, bill_charges, bill_cost, bill_var_cost, bill_fix_cost) VALUES ('20', 'NA', '133918884', NULL, '1.00', '1.00', '79.99', '19.5', '0.00', '0.00');
INSERT INTO native_cdm_testing_premier.chgmstr(std_chg_code, std_chg_desc, clin_dtl_code, clin_dtl_desc, clin_sum_code, clin_sum_desc, std_dept_code, std_dept_desc, sum_dept_desc, prod_cat_code, prod_cat_desc, prod_class_code, prod_class_desc, prod_name_code, prod_name_desc, prod_name_meth_code, prod_name_meth_desc) VALUES ('NA', '', '270270003100000', 'BLADE', '980100', 'PRO FEE', '360', 'LABORATORY', 'LAB', '99999', 'Unknown', '99999', 'Unknown', '99999999999', 'Unknown', '999999999999', 'Unknown');
-- 21: MS_DRG record (1 digit) to cost table
INSERT INTO native_cdm_testing_premier.pat(pat_key, adm_date, disc_mon, disc_date, prov_id, i_o_ind, pat_type, point_of_origin, adm_type, disc_status, mart_status, age, gender, race, admphy_spec, adm_phy, attphy_spec, att_phy, std_payor, los, pat_charges, pat_cost, pat_fix_cost, pat_var_cost, medrec_key, ms_drg, ms_drg_mdc, hispanic_ind, publish_type) VALUES ('22', '2005-01-01', '2021309', '2005-01-01', '1784', 'O', '28', '1', '3', '1', 'S', '0', 'F', 'W', '900', '999999999', '4028', '35227191', '360', '0', '100.00', '0.00', '0.00', '0.00', '21', '1', '0000', 'N', 'CP');
INSERT INTO native_cdm_testing_premier.patbill(pat_key, std_chg_code, hosp_chg_id, serv_date, hosp_qty, std_qty, bill_charges, bill_cost, bill_var_cost, bill_fix_cost) VALUES ('22', '110229000020000', '133918884', NULL, '1.00', '1.00', '0.00', '0.00', '0.00', '0.00');
-- 23: Death from PAT.DISC_STATUS without PATICD.ICD_CODE death codes
INSERT INTO native_cdm_testing_premier.pat(pat_key, adm_date, disc_mon, disc_date, prov_id, i_o_ind, pat_type, point_of_origin, adm_type, disc_status, mart_status, age, gender, race, admphy_spec, adm_phy, attphy_spec, att_phy, std_payor, los, pat_charges, pat_cost, pat_fix_cost, pat_var_cost, medrec_key, ms_drg, ms_drg_mdc, hispanic_ind, publish_type) VALUES ('24', '2010-10-01', '2021309', '2010-10-01', '1784', 'O', '28', '1', '3', '20', 'S', '0', 'F', 'W', '900', '999999999', '4028', '35227191', '360', '0', '100.00', '0.00', '0.00', '0.00', '23', '0', '0000', 'N', 'CP');
INSERT INTO native_cdm_testing_premier.patbill(pat_key, std_chg_code, hosp_chg_id, serv_date, hosp_qty, std_qty, bill_charges, bill_cost, bill_var_cost, bill_fix_cost) VALUES ('24', '110229000020000', '133918884', NULL, '1.00', '1.00', '0.00', '0.00', '0.00', '0.00');
-- 25: Death from PAT.DISC_STATUS with PATICD.ICD_CODE death code, use DISC_STATUS
INSERT INTO native_cdm_testing_premier.pat(pat_key, adm_date, disc_mon, disc_date, prov_id, i_o_ind, pat_type, point_of_origin, adm_type, disc_status, mart_status, age, gender, race, admphy_spec, adm_phy, attphy_spec, att_phy, std_payor, los, pat_charges, pat_cost, pat_fix_cost, pat_var_cost, medrec_key, ms_drg, ms_drg_mdc, hispanic_ind, publish_type) VALUES ('26', '2010-10-01', '2021309', '2010-10-01', '1784', 'O', '28', '1', '3', '20', 'S', '0', 'F', 'W', '900', '999999999', '4028', '35227191', '360', '0', '100.00', '0.00', '0.00', '0.00', '25', '0', '0000', 'N', 'CP');
INSERT INTO native_cdm_testing_premier.patbill(pat_key, std_chg_code, hosp_chg_id, serv_date, hosp_qty, std_qty, bill_charges, bill_cost, bill_var_cost, bill_fix_cost) VALUES ('26', '110229000020000', '133918884', NULL, '1.00', '1.00', '0.00', '0.00', '0.00', '0.00');
INSERT INTO native_cdm_testing_premier.paticd_diag(pat_key, icd_version, icd_code, icd_pri_sec, icd_poa) VALUES ('26', '10', 'G93.82', 'S', '9');
-- 27: Death PATICD.ICD_CODE death code
INSERT INTO native_cdm_testing_premier.pat(pat_key, adm_date, disc_mon, disc_date, prov_id, i_o_ind, pat_type, point_of_origin, adm_type, disc_status, mart_status, age, gender, race, admphy_spec, adm_phy, attphy_spec, att_phy, std_payor, los, pat_charges, pat_cost, pat_fix_cost, pat_var_cost, medrec_key, ms_drg, ms_drg_mdc, hispanic_ind, publish_type) VALUES ('28', '2010-10-01', '2021309', '2010-10-01', '1784', 'O', '28', '1', '3', '99', 'S', '0', 'F', 'W', '900', '999999999', '4028', '35227191', '360', '0', '100.00', '0.00', '0.00', '0.00', '27', '0', '0000', 'N', 'CP');
INSERT INTO native_cdm_testing_premier.patbill(pat_key, std_chg_code, hosp_chg_id, serv_date, hosp_qty, std_qty, bill_charges, bill_cost, bill_var_cost, bill_fix_cost) VALUES ('28', '110229000020000', '133918884', NULL, '1.00', '1.00', '0.00', '0.00', '0.00', '0.00');
INSERT INTO native_cdm_testing_premier.paticd_diag(pat_key, icd_version, icd_code, icd_pri_sec, icd_poa) VALUES ('28', '10', 'G93.82', 'S', '9');
-- 29: No records populated >32 days after death
INSERT INTO native_cdm_testing_premier.pat(pat_key, adm_date, disc_mon, disc_date, prov_id, i_o_ind, pat_type, point_of_origin, adm_type, disc_status, mart_status, age, gender, race, admphy_spec, adm_phy, attphy_spec, att_phy, std_payor, los, pat_charges, pat_cost, pat_fix_cost, pat_var_cost, medrec_key, ms_drg, ms_drg_mdc, hispanic_ind, publish_type) VALUES ('30', '2010-10-01', '2021309', '2010-10-01', '1784', 'O', '28', '1', '3', '20', 'S', '0', 'F', 'W', '900', '999999999', '4028', '35227191', '360', '0', '100.00', '0.00', '0.00', '0.00', '29', '0', '0000', 'N', 'CP');
INSERT INTO native_cdm_testing_premier.patbill(pat_key, std_chg_code, hosp_chg_id, serv_date, hosp_qty, std_qty, bill_charges, bill_cost, bill_var_cost, bill_fix_cost) VALUES ('30', '110229000020000', '133918884', NULL, '1.00', '1.00', '0.00', '0.00', '0.00', '0.00');
INSERT INTO native_cdm_testing_premier.pat(pat_key, adm_date, disc_mon, disc_date, prov_id, i_o_ind, pat_type, point_of_origin, adm_type, disc_status, mart_status, age, gender, race, admphy_spec, adm_phy, attphy_spec, att_phy, std_payor, los, pat_charges, pat_cost, pat_fix_cost, pat_var_cost, medrec_key, ms_drg, ms_drg_mdc, hispanic_ind, publish_type) VALUES ('31', '2011-01-01', '2021309', '2011-01-01', '1784', 'O', '28', '1', '3', '99', 'S', '0', 'F', 'W', '900', '999999999', '4028', '35227191', '360', '0', '100.00', '0.00', '0.00', '0.00', '29', '0', '0000', 'N', 'CP');
INSERT INTO native_cdm_testing_premier.patbill(pat_key, std_chg_code, hosp_chg_id, serv_date, hosp_qty, std_qty, bill_charges, bill_cost, bill_var_cost, bill_fix_cost) VALUES ('31', '110229000020000', '133918884', NULL, '1.00', '1.00', '0.00', '0.00', '0.00', '0.00');
-- 32: STD_CHG_CODE record to device_exposure table
INSERT INTO native_cdm_testing_premier.pat(pat_key, adm_date, disc_mon, disc_date, prov_id, i_o_ind, pat_type, point_of_origin, adm_type, disc_status, mart_status, age, gender, race, admphy_spec, adm_phy, attphy_spec, att_phy, std_payor, los, pat_charges, pat_cost, pat_fix_cost, pat_var_cost, medrec_key, ms_drg, ms_drg_mdc, hispanic_ind, publish_type) VALUES ('33', '2011-11-01', '2021309', '2011-11-01', '1784', 'O', '28', '1', '3', '1', 'S', '0', 'F', 'W', '900', '999999999', '4028', '35227191', '360', '0', '100.00', '0.00', '0.00', '0.00', '32', '0', '0000', 'N', 'CP');
INSERT INTO native_cdm_testing_premier.patbill(pat_key, std_chg_code, hosp_chg_id, serv_date, hosp_qty, std_qty, bill_charges, bill_cost, bill_var_cost, bill_fix_cost) VALUES ('33', 'NA', '133918884', NULL, '1.00', '1.00', '0.00', '0.00', '0.00', '0.00');
-- 34: ICD10CM record from PATICD_DIAG to device_exposure table
INSERT INTO native_cdm_testing_premier.pat(pat_key, adm_date, disc_mon, disc_date, prov_id, i_o_ind, pat_type, point_of_origin, adm_type, disc_status, mart_status, age, gender, race, admphy_spec, adm_phy, attphy_spec, att_phy, std_payor, los, pat_charges, pat_cost, pat_fix_cost, pat_var_cost, medrec_key, ms_drg, ms_drg_mdc, hispanic_ind, publish_type) VALUES ('35', '2007-08-01', '2021309', '2007-08-01', '1784', 'O', '28', '1', '3', '1', 'S', '0', 'F', 'W', '900', '999999999', '4028', '35227191', '360', '0', '100.00', '0.00', '0.00', '0.00', '34', '0', '0000', 'N', 'CP');
INSERT INTO native_cdm_testing_premier.patbill(pat_key, std_chg_code, hosp_chg_id, serv_date, hosp_qty, std_qty, bill_charges, bill_cost, bill_var_cost, bill_fix_cost) VALUES ('35', '110229000020000', '133918884', NULL, '1.00', '1.00', '0.00', '0.00', '0.00', '0.00');
INSERT INTO native_cdm_testing_premier.paticd_diag(pat_key, icd_version, icd_code, icd_pri_sec, icd_poa) VALUES ('35', '10', 'Y73.8', 'S', '9');
-- 36: ICD10CM record from PATICD_PROC to device_exposure table
INSERT INTO native_cdm_testing_premier.pat(pat_key, adm_date, disc_mon, disc_date, prov_id, i_o_ind, pat_type, point_of_origin, adm_type, disc_status, mart_status, age, gender, race, admphy_spec, adm_phy, attphy_spec, att_phy, std_payor, los, pat_charges, pat_cost, pat_fix_cost, pat_var_cost, medrec_key, ms_drg, ms_drg_mdc, hispanic_ind, publish_type) VALUES ('37', '2004-03-01', '2021309', '2004-03-01', '1784', 'O', '28', '1', '3', '1', 'S', '0', 'F', 'W', '900', '999999999', '4028', '35227191', '360', '0', '100.00', '0.00', '0.00', '0.00', '36', '0', '0000', 'N', 'CP');
INSERT INTO native_cdm_testing_premier.patbill(pat_key, std_chg_code, hosp_chg_id, serv_date, hosp_qty, std_qty, bill_charges, bill_cost, bill_var_cost, bill_fix_cost) VALUES ('37', '110229000020000', '133918884', NULL, '1.00', '1.00', '0.00', '0.00', '0.00', '0.00');
INSERT INTO native_cdm_testing_premier.paticd_proc(pat_key, icd_version, icd_code, icd_pri_sec, proc_date, proc_phy, procphy_spec) VALUES ('37', '10', 'Y77', 'S', NULL, '999999999', '900');
-- 38: HCPCS record to device_exposure table
INSERT INTO native_cdm_testing_premier.pat(pat_key, adm_date, disc_mon, disc_date, prov_id, i_o_ind, pat_type, point_of_origin, adm_type, disc_status, mart_status, age, gender, race, admphy_spec, adm_phy, attphy_spec, att_phy, std_payor, los, pat_charges, pat_cost, pat_fix_cost, pat_var_cost, medrec_key, ms_drg, ms_drg_mdc, hispanic_ind, publish_type) VALUES ('39', '2012-04-01', '2021309', '2012-04-01', '1784', 'O', '28', '1', '3', '1', 'S', '0', 'F', 'W', '900', '999999999', '4028', '35227191', '360', '0', '100.00', '0.00', '0.00', '0.00', '38', '0', '0000', 'N', 'CP');
INSERT INTO native_cdm_testing_premier.patbill(pat_key, std_chg_code, hosp_chg_id, serv_date, hosp_qty, std_qty, bill_charges, bill_cost, bill_var_cost, bill_fix_cost) VALUES ('39', '110229000020000', '133918884', NULL, '1.00', '1.00', '0.00', '0.00', '0.00', '0.00');
INSERT INTO native_cdm_testing_premier.patcpt(pat_key, cpt_code, cpt_pos, proc_date, cpt_order_phy, cpt_order_phy_spec, cpt_proc_phy, cpt_proc_phy_spec, cpt_mod_code_1, cpt_mod_code_2, cpt_mod_code_3, cpt_mod_code_4) VALUES ('39', 'V5245', '1', NULL, '999999999', '900', '999999999', '900', '', '', '', '');
-- 40: HCPCS record to drug_exposure table
INSERT INTO native_cdm_testing_premier.pat(pat_key, adm_date, disc_mon, disc_date, prov_id, i_o_ind, pat_type, point_of_origin, adm_type, disc_status, mart_status, age, gender, race, admphy_spec, adm_phy, attphy_spec, att_phy, std_payor, los, pat_charges, pat_cost, pat_fix_cost, pat_var_cost, medrec_key, ms_drg, ms_drg_mdc, hispanic_ind, publish_type) VALUES ('41', '2010-04-01', '2021309', '2010-04-01', '1784', 'O', '28', '1', '3', '1', 'S', '0', 'F', 'W', '900', '999999999', '4028', '35227191', '360', '0', '100.00', '0.00', '0.00', '0.00', '40', '0', '0000', 'N', 'CP');
INSERT INTO native_cdm_testing_premier.patbill(pat_key, std_chg_code, hosp_chg_id, serv_date, hosp_qty, std_qty, bill_charges, bill_cost, bill_var_cost, bill_fix_cost) VALUES ('41', '110229000020000', '133918884', NULL, '1.00', '1.00', '0.00', '0.00', '0.00', '0.00');
INSERT INTO native_cdm_testing_premier.patcpt(pat_key, cpt_code, cpt_pos, proc_date, cpt_order_phy, cpt_order_phy_spec, cpt_proc_phy, cpt_proc_phy_spec, cpt_mod_code_1, cpt_mod_code_2, cpt_mod_code_3, cpt_mod_code_4) VALUES ('41', 'J9310', '1', NULL, '999999999', '900', '999999999', '900', '', '', '', '');
-- 42: CPT4 record to drug_exposure table
INSERT INTO native_cdm_testing_premier.pat(pat_key, adm_date, disc_mon, disc_date, prov_id, i_o_ind, pat_type, point_of_origin, adm_type, disc_status, mart_status, age, gender, race, admphy_spec, adm_phy, attphy_spec, att_phy, std_payor, los, pat_charges, pat_cost, pat_fix_cost, pat_var_cost, medrec_key, ms_drg, ms_drg_mdc, hispanic_ind, publish_type) VALUES ('43', '2010-06-01', '2021309', '2010-06-01', '1784', 'O', '28', '1', '3', '1', 'S', '0', 'F', 'W', '900', '999999999', '4028', '35227191', '360', '0', '100.00', '0.00', '0.00', '0.00', '42', '0', '0000', 'N', 'CP');
INSERT INTO native_cdm_testing_premier.patbill(pat_key, std_chg_code, hosp_chg_id, serv_date, hosp_qty, std_qty, bill_charges, bill_cost, bill_var_cost, bill_fix_cost) VALUES ('43', '110229000020000', '133918884', NULL, '1.00', '1.00', '0.00', '0.00', '0.00', '0.00');
INSERT INTO native_cdm_testing_premier.patcpt(pat_key, cpt_code, cpt_pos, proc_date, cpt_order_phy, cpt_order_phy_spec, cpt_proc_phy, cpt_proc_phy_spec, cpt_mod_code_1, cpt_mod_code_2, cpt_mod_code_3, cpt_mod_code_4) VALUES ('43', '90687', '1', NULL, '999999999', '900', '999999999', '900', '', '', '', '');
-- 44: STD_CHG_CODE record to drug_exposure table with date logic
INSERT INTO native_cdm_testing_premier.pat(pat_key, adm_date, disc_mon, disc_date, prov_id, i_o_ind, pat_type, point_of_origin, adm_type, disc_status, mart_status, age, gender, race, admphy_spec, adm_phy, attphy_spec, att_phy, std_payor, los, pat_charges, pat_cost, pat_fix_cost, pat_var_cost, medrec_key, ms_drg, ms_drg_mdc, hispanic_ind, publish_type) VALUES ('45', '2011-08-01', '2021309', '2011-08-01', '1784', 'O', '28', '1', '3', '1', 'S', '0', 'F', 'W', '900', '999999999', '4028', '35227191', '360', '0', '100.00', '0.00', '0.00', '0.00', '44', '0', '0000', 'N', 'CP');
INSERT INTO native_cdm_testing_premier.patbill(pat_key, std_chg_code, hosp_chg_id, serv_date, hosp_qty, std_qty, bill_charges, bill_cost, bill_var_cost, bill_fix_cost) VALUES ('45', '110229000020000', '133918884', NULL, '1.00', '1.00', '0.00', '0.00', '0.00', '0.00');
INSERT INTO native_cdm_testing_premier.pat(pat_key, adm_date, disc_mon, disc_date, prov_id, i_o_ind, pat_type, point_of_origin, adm_type, disc_status, mart_status, age, gender, race, admphy_spec, adm_phy, attphy_spec, att_phy, std_payor, los, pat_charges, pat_cost, pat_fix_cost, pat_var_cost, medrec_key, ms_drg, ms_drg_mdc, hispanic_ind, publish_type) VALUES ('46', '2011-08-01', '2021309', '2011-08-01', '1784', 'O', '28', '1', '3', '1', 'S', '0', 'F', 'W', '900', '999999999', '4028', '35227191', '360', '0', '100.00', '0.00', '0.00', '0.00', '44', '0', '0000', 'N', 'CP');
INSERT INTO native_cdm_testing_premier.patbill(pat_key, std_chg_code, hosp_chg_id, serv_date, hosp_qty, std_qty, bill_charges, bill_cost, bill_var_cost, bill_fix_cost) VALUES ('46', 'NA', '133918884', NULL, '1.00', '1.00', '0.00', '0.00', '0.00', '0.00');
INSERT INTO native_cdm_testing_premier.patbill(pat_key, std_chg_code, hosp_chg_id, serv_date, hosp_qty, std_qty, bill_charges, bill_cost, bill_var_cost, bill_fix_cost) VALUES ('46', '110229000020000', '133918884', NULL, '1.00', '1.00', '0.00', '0.00', '0.00', '0.00');
-- 47: drug_exposure_end_date required, set as drug_exposure_start_date
INSERT INTO native_cdm_testing_premier.pat(pat_key, adm_date, disc_mon, disc_date, prov_id, i_o_ind, pat_type, point_of_origin, adm_type, disc_status, mart_status, age, gender, race, admphy_spec, adm_phy, attphy_spec, att_phy, std_payor, los, pat_charges, pat_cost, pat_fix_cost, pat_var_cost, medrec_key, ms_drg, ms_drg_mdc, hispanic_ind, publish_type) VALUES ('48', '2010-04-01', '2021309', '2010-04-01', '1784', 'O', '28', '1', '3', '1', 'S', '0', 'F', 'W', '900', '999999999', '4028', '35227191', '360', '0', '100.00', '0.00', '0.00', '0.00', '47', '0', '0000', 'N', 'CP');
INSERT INTO native_cdm_testing_premier.patbill(pat_key, std_chg_code, hosp_chg_id, serv_date, hosp_qty, std_qty, bill_charges, bill_cost, bill_var_cost, bill_fix_cost) VALUES ('48', '110229000020000', '133918884', NULL, '1.00', '1.00', '0.00', '0.00', '0.00', '0.00');
INSERT INTO native_cdm_testing_premier.patcpt(pat_key, cpt_code, cpt_pos, proc_date, cpt_order_phy, cpt_order_phy_spec, cpt_proc_phy, cpt_proc_phy_spec, cpt_mod_code_1, cpt_mod_code_2, cpt_mod_code_3, cpt_mod_code_4) VALUES ('48', 'J9310', '1', NULL, '999999999', '900', '999999999', '900', '', '', '', '');
-- 49: CPT4 record to measurement table
INSERT INTO native_cdm_testing_premier.pat(pat_key, adm_date, disc_mon, disc_date, prov_id, i_o_ind, pat_type, point_of_origin, adm_type, disc_status, mart_status, age, gender, race, admphy_spec, adm_phy, attphy_spec, att_phy, std_payor, los, pat_charges, pat_cost, pat_fix_cost, pat_var_cost, medrec_key, ms_drg, ms_drg_mdc, hispanic_ind, publish_type) VALUES ('50', '2004-11-01', '2021309', '2004-11-01', '1784', 'O', '28', '1', '3', '1', 'S', '0', 'F', 'W', '900', '999999999', '4028', '35227191', '360', '0', '100.00', '0.00', '0.00', '0.00', '49', '0', '0000', 'N', 'CP');
INSERT INTO native_cdm_testing_premier.patbill(pat_key, std_chg_code, hosp_chg_id, serv_date, hosp_qty, std_qty, bill_charges, bill_cost, bill_var_cost, bill_fix_cost) VALUES ('50', '110229000020000', '133918884', NULL, '1.00', '1.00', '0.00', '0.00', '0.00', '0.00');
INSERT INTO native_cdm_testing_premier.patcpt(pat_key, cpt_code, cpt_pos, proc_date, cpt_order_phy, cpt_order_phy_spec, cpt_proc_phy, cpt_proc_phy_spec, cpt_mod_code_1, cpt_mod_code_2, cpt_mod_code_3, cpt_mod_code_4) VALUES ('50', '81003', '1', NULL, '999999999', '900', '999999999', '900', '', '', '', '');
-- 51: HCPCS record to measurement table
INSERT INTO native_cdm_testing_premier.pat(pat_key, adm_date, disc_mon, disc_date, prov_id, i_o_ind, pat_type, point_of_origin, adm_type, disc_status, mart_status, age, gender, race, admphy_spec, adm_phy, attphy_spec, att_phy, std_payor, los, pat_charges, pat_cost, pat_fix_cost, pat_var_cost, medrec_key, ms_drg, ms_drg_mdc, hispanic_ind, publish_type) VALUES ('52', '2012-08-01', '2021309', '2012-08-01', '1784', 'O', '28', '1', '3', '1', 'S', '0', 'F', 'W', '900', '999999999', '4028', '35227191', '360', '0', '100.00', '0.00', '0.00', '0.00', '51', '0', '0000', 'N', 'CP');
INSERT INTO native_cdm_testing_premier.patbill(pat_key, std_chg_code, hosp_chg_id, serv_date, hosp_qty, std_qty, bill_charges, bill_cost, bill_var_cost, bill_fix_cost) VALUES ('52', '110229000020000', '133918884', NULL, '1.00', '1.00', '0.00', '0.00', '0.00', '0.00');
INSERT INTO native_cdm_testing_premier.patcpt(pat_key, cpt_code, cpt_pos, proc_date, cpt_order_phy, cpt_order_phy_spec, cpt_proc_phy, cpt_proc_phy_spec, cpt_mod_code_1, cpt_mod_code_2, cpt_mod_code_3, cpt_mod_code_4) VALUES ('52', 'G0432', '1', NULL, '999999999', '900', '999999999', '900', '', '', '', '');
-- 53: STD_CHG_CODE record to measurement table with date logic and source value
INSERT INTO native_cdm_testing_premier.pat(pat_key, adm_date, disc_mon, disc_date, prov_id, i_o_ind, pat_type, point_of_origin, adm_type, disc_status, mart_status, age, gender, race, admphy_spec, adm_phy, attphy_spec, att_phy, std_payor, los, pat_charges, pat_cost, pat_fix_cost, pat_var_cost, medrec_key, ms_drg, ms_drg_mdc, hispanic_ind, publish_type) VALUES ('54', '2013-07-01', '2021309', '2013-07-01', '1784', 'O', '28', '1', '3', '1', 'S', '0', 'F', 'W', '900', '999999999', '4028', '35227191', '360', '0', '100.00', '0.00', '0.00', '0.00', '53', '0', '0000', 'N', 'CP');
INSERT INTO native_cdm_testing_premier.patbill(pat_key, std_chg_code, hosp_chg_id, serv_date, hosp_qty, std_qty, bill_charges, bill_cost, bill_var_cost, bill_fix_cost) VALUES ('54', 'NA', '-999', NULL, '1.00', '1.00', '0.00', '0.00', '0.00', '0.00');
INSERT INTO native_cdm_testing_premier.hospchg(hosp_chg_id, hosp_chg_desc) VALUES ('-999', 'SEDIMENTATION RATE');
INSERT INTO native_cdm_testing_premier.chgmstr(std_chg_code, std_chg_desc, clin_dtl_code, clin_dtl_desc, clin_sum_code, clin_sum_desc, std_dept_code, std_dept_desc, sum_dept_desc, prod_cat_code, prod_cat_desc, prod_class_code, prod_class_desc, prod_name_code, prod_name_desc, prod_name_meth_code, prod_name_meth_desc) VALUES ('NA', 'SED RATE RBC AUTO', '270270003100000', 'BLADE', '980100', 'PRO FEE', '360', 'SURGERY', 'OR', '99999', 'Unknown', '99999', 'Unknown', '99999999999', 'Unknown', '999999999999', 'Unknown');
-- 55: ICD9CM record from PATICD_DIAG to measurement table
INSERT INTO native_cdm_testing_premier.pat(pat_key, adm_date, disc_mon, disc_date, prov_id, i_o_ind, pat_type, point_of_origin, adm_type, disc_status, mart_status, age, gender, race, admphy_spec, adm_phy, attphy_spec, att_phy, std_payor, los, pat_charges, pat_cost, pat_fix_cost, pat_var_cost, medrec_key, ms_drg, ms_drg_mdc, hispanic_ind, publish_type) VALUES ('56', '2009-12-01', '2021309', '2009-12-01', '1784', 'O', '28', '1', '3', '1', 'S', '0', 'F', 'W', '900', '999999999', '4028', '35227191', '360', '0', '100.00', '0.00', '0.00', '0.00', '55', '0', '0000', 'N', 'CP');
INSERT INTO native_cdm_testing_premier.patbill(pat_key, std_chg_code, hosp_chg_id, serv_date, hosp_qty, std_qty, bill_charges, bill_cost, bill_var_cost, bill_fix_cost) VALUES ('56', '110229000020000', '133918884', NULL, '1.00', '1.00', '0.00', '0.00', '0.00', '0.00');
INSERT INTO native_cdm_testing_premier.paticd_diag(pat_key, icd_version, icd_code, icd_pri_sec, icd_poa) VALUES ('56', '9', '796.0', 'S', '9');
-- 57: ICD10CM record from PATICD_DIAG to measurement table
INSERT INTO native_cdm_testing_premier.pat(pat_key, adm_date, disc_mon, disc_date, prov_id, i_o_ind, pat_type, point_of_origin, adm_type, disc_status, mart_status, age, gender, race, admphy_spec, adm_phy, attphy_spec, att_phy, std_payor, los, pat_charges, pat_cost, pat_fix_cost, pat_var_cost, medrec_key, ms_drg, ms_drg_mdc, hispanic_ind, publish_type) VALUES ('58', '2009-10-01', '2021309', '2009-10-01', '1784', 'O', '28', '1', '3', '1', 'S', '0', 'F', 'W', '900', '999999999', '4028', '35227191', '360', '0', '100.00', '0.00', '0.00', '0.00', '57', '0', '0000', 'N', 'CP');
INSERT INTO native_cdm_testing_premier.patbill(pat_key, std_chg_code, hosp_chg_id, serv_date, hosp_qty, std_qty, bill_charges, bill_cost, bill_var_cost, bill_fix_cost) VALUES ('58', '110229000020000', '133918884', NULL, '1.00', '1.00', '0.00', '0.00', '0.00', '0.00');
INSERT INTO native_cdm_testing_premier.paticd_diag(pat_key, icd_version, icd_code, icd_pri_sec, icd_poa) VALUES ('58', '10', 'Z01.83', 'S', '9');
-- 59: PATICD_PROC record with procedure time
INSERT INTO native_cdm_testing_premier.pat(pat_key, adm_date, disc_mon, disc_date, prov_id, i_o_ind, pat_type, point_of_origin, adm_type, disc_status, mart_status, age, gender, race, admphy_spec, adm_phy, attphy_spec, att_phy, std_payor, los, pat_charges, pat_cost, pat_fix_cost, pat_var_cost, medrec_key, ms_drg, ms_drg_mdc, hispanic_ind, publish_type) VALUES ('60', '2010-01-01', '2021309', '2010-01-01', '1784', 'O', '28', '1', '3', '1', 'S', '0', 'F', 'W', '900', '999999999', '4028', '35227191', '360', '0', '100.00', '0.00', '0.00', '0.00', '59', '0', '0000', 'N', 'CP');
INSERT INTO native_cdm_testing_premier.patbill(pat_key, std_chg_code, hosp_chg_id, serv_date, hosp_qty, std_qty, bill_charges, bill_cost, bill_var_cost, bill_fix_cost) VALUES ('60', 'NA', '-11325652', NULL, '1.00', '1', '0.00', '0.00', '0.00', '0.00');
INSERT INTO native_cdm_testing_premier.patbill(pat_key, std_chg_code, hosp_chg_id, serv_date, hosp_qty, std_qty, bill_charges, bill_cost, bill_var_cost, bill_fix_cost) VALUES ('60', 'NA', '-11395900', NULL, '1.00', '4', '0.00', '0.00', '0.00', '0.00');
INSERT INTO native_cdm_testing_premier.paticd_proc(pat_key, icd_version, icd_code, icd_pri_sec, proc_date, proc_phy, procphy_spec) VALUES ('60', '9', '33.51', 'S', NULL, '999999999', '900');
INSERT INTO native_cdm_testing_premier.chgmstr(std_chg_code, std_chg_desc, clin_dtl_code, clin_dtl_desc, clin_sum_code, clin_sum_desc, std_dept_code, std_dept_desc, sum_dept_desc, prod_cat_code, prod_cat_desc, prod_class_code, prod_class_desc, prod_name_code, prod_name_desc, prod_name_meth_code, prod_name_meth_desc) VALUES ('NA', 'OR MAJOR 2 HR 30 MIN', '270270003100000', 'BLADE', '980100', 'SURGERY TIME', '360', 'SURGERY', 'OR', '99999', 'Unknown', '99999', 'Unknown', '99999999999', 'Unknown', '999999999999', 'Unknown');
INSERT INTO native_cdm_testing_premier.chgmstr(std_chg_code, std_chg_desc, clin_dtl_code, clin_dtl_desc, clin_sum_code, clin_sum_desc, std_dept_code, std_dept_desc, sum_dept_desc, prod_cat_code, prod_cat_desc, prod_class_code, prod_class_desc, prod_name_code, prod_name_desc, prod_name_meth_code, prod_name_meth_desc) VALUES ('NA', 'OR MINOR ADDL 30 MIN', '270270003100000', 'BLADE', '980100', 'SURGERY TIME', '360', 'SURGERY', 'OR', '99999', 'Unknown', '99999', 'Unknown', '99999999999', 'Unknown', '999999999999', 'Unknown');
INSERT INTO native_cdm_testing_premier.hospchg(hosp_chg_id, hosp_chg_desc) VALUES ('-11325652', 'OR TIME 151-180 MIN LEV I');
INSERT INTO native_cdm_testing_premier.hospchg(hosp_chg_id, hosp_chg_desc) VALUES ('-11395900', 'OR TIME-ADDL 30MIN L1-IP');
-- 61: PATICD_PROC record, procedure time on wrong day, no measurement
INSERT INTO native_cdm_testing_premier.pat(pat_key, adm_date, disc_mon, disc_date, prov_id, i_o_ind, pat_type, point_of_origin, adm_type, disc_status, mart_status, age, gender, race, admphy_spec, adm_phy, attphy_spec, att_phy, std_payor, los, pat_charges, pat_cost, pat_fix_cost, pat_var_cost, medrec_key, ms_drg, ms_drg_mdc, hispanic_ind, publish_type) VALUES ('62', '2010-01-01', '2021309', '2010-01-01', '1784', 'O', '28', '1', '3', '1', 'S', '0', 'F', 'W', '900', '999999999', '4028', '35227191', '360', '0', '100.00', '0.00', '0.00', '0.00', '61', '0', '0000', 'N', 'CP');
INSERT INTO native_cdm_testing_premier.patbill(pat_key, std_chg_code, hosp_chg_id, serv_date, hosp_qty, std_qty, bill_charges, bill_cost, bill_var_cost, bill_fix_cost) VALUES ('62', 'NA', '133918884', NULL, '1.00', '1', '0.00', '0.00', '0.00', '0.00');
INSERT INTO native_cdm_testing_premier.patbill(pat_key, std_chg_code, hosp_chg_id, serv_date, hosp_qty, std_qty, bill_charges, bill_cost, bill_var_cost, bill_fix_cost) VALUES ('62', 'NA', '133918884', NULL, '1.00', '4', '0.00', '0.00', '0.00', '0.00');
INSERT INTO native_cdm_testing_premier.paticd_proc(pat_key, icd_version, icd_code, icd_pri_sec, proc_date, proc_phy, procphy_spec) VALUES ('62', '9', '33.51', 'S', NULL, '999999999', '900');
-- 63: CPT4 record to observation table
INSERT INTO native_cdm_testing_premier.pat(pat_key, adm_date, disc_mon, disc_date, prov_id, i_o_ind, pat_type, point_of_origin, adm_type, disc_status, mart_status, age, gender, race, admphy_spec, adm_phy, attphy_spec, att_phy, std_payor, los, pat_charges, pat_cost, pat_fix_cost, pat_var_cost, medrec_key, ms_drg, ms_drg_mdc, hispanic_ind, publish_type) VALUES ('64', '2010-10-01', '2021309', '2010-10-01', '1784', 'O', '28', '1', '3', '1', 'S', '0', 'F', 'W', '900', '999999999', '4028', '35227191', '360', '0', '100.00', '0.00', '0.00', '0.00', '63', '0', '0000', 'N', 'CP');
INSERT INTO native_cdm_testing_premier.patbill(pat_key, std_chg_code, hosp_chg_id, serv_date, hosp_qty, std_qty, bill_charges, bill_cost, bill_var_cost, bill_fix_cost) VALUES ('64', '110229000020000', '133918884', NULL, '1.00', '1.00', '0.00', '0.00', '0.00', '0.00');
INSERT INTO native_cdm_testing_premier.patcpt(pat_key, cpt_code, cpt_pos, proc_date, cpt_order_phy, cpt_order_phy_spec, cpt_proc_phy, cpt_proc_phy_spec, cpt_mod_code_1, cpt_mod_code_2, cpt_mod_code_3, cpt_mod_code_4) VALUES ('64', '0581F', '1', NULL, '999999999', '900', '999999999', '900', '', '', '', '');
-- 65: HCPCS record to observation table
INSERT INTO native_cdm_testing_premier.pat(pat_key, adm_date, disc_mon, disc_date, prov_id, i_o_ind, pat_type, point_of_origin, adm_type, disc_status, mart_status, age, gender, race, admphy_spec, adm_phy, attphy_spec, att_phy, std_payor, los, pat_charges, pat_cost, pat_fix_cost, pat_var_cost, medrec_key, ms_drg, ms_drg_mdc, hispanic_ind, publish_type) VALUES ('66', '2012-11-01', '2021309', '2012-11-01', '1784', 'O', '28', '1', '3', '1', 'S', '0', 'F', 'W', '900', '999999999', '4028', '35227191', '360', '0', '100.00', '0.00', '0.00', '0.00', '65', '0', '0000', 'N', 'CP');
INSERT INTO native_cdm_testing_premier.patbill(pat_key, std_chg_code, hosp_chg_id, serv_date, hosp_qty, std_qty, bill_charges, bill_cost, bill_var_cost, bill_fix_cost) VALUES ('66', '110229000020000', '133918884', NULL, '1.00', '1.00', '0.00', '0.00', '0.00', '0.00');
INSERT INTO native_cdm_testing_premier.patcpt(pat_key, cpt_code, cpt_pos, proc_date, cpt_order_phy, cpt_order_phy_spec, cpt_proc_phy, cpt_proc_phy_spec, cpt_mod_code_1, cpt_mod_code_2, cpt_mod_code_3, cpt_mod_code_4) VALUES ('66', 'G8997', '1', NULL, '999999999', '900', '999999999', '900', '', '', '', '');
-- 67: STD_CHG_CODE record to observation table with date logic
INSERT INTO native_cdm_testing_premier.pat(pat_key, adm_date, disc_mon, disc_date, prov_id, i_o_ind, pat_type, point_of_origin, adm_type, disc_status, mart_status, age, gender, race, admphy_spec, adm_phy, attphy_spec, att_phy, std_payor, los, pat_charges, pat_cost, pat_fix_cost, pat_var_cost, medrec_key, ms_drg, ms_drg_mdc, hispanic_ind, publish_type) VALUES ('68', '2009-07-01', '2021309', '2009-07-01', '1784', 'O', '28', '1', '3', '1', 'S', '0', 'F', 'W', '900', '999999999', '4028', '35227191', '360', '0', '100.00', '0.00', '0.00', '0.00', '67', '0', '0000', 'N', 'CP');
INSERT INTO native_cdm_testing_premier.patbill(pat_key, std_chg_code, hosp_chg_id, serv_date, hosp_qty, std_qty, bill_charges, bill_cost, bill_var_cost, bill_fix_cost) VALUES ('68', 'NA', '465860152', NULL, '1.00', '1.00', '0.00', '0.00', '0.00', '0.00');
INSERT INTO native_cdm_testing_premier.hospchg(hosp_chg_id, hosp_chg_desc) VALUES ('465860152', 'PF HOME VISIT NEW LEVEL 3');
INSERT INTO native_cdm_testing_premier.chgmstr(std_chg_code, std_chg_desc, clin_dtl_code, clin_dtl_desc, clin_sum_code, clin_sum_desc, std_dept_code, std_dept_desc, sum_dept_desc, prod_cat_code, prod_cat_desc, prod_class_code, prod_class_desc, prod_name_code, prod_name_desc, prod_name_meth_code, prod_name_meth_desc) VALUES ('NA', 'PF HOME VISIT NEW PATIENT', '270270003100000', 'BLADE', '980100', 'PRO FEE', '360', 'SURGERY', 'OR', '99999', 'Unknown', '99999', 'Unknown', '99999999999', 'Unknown', '999999999999', 'Unknown');
-- 69: ICD9CM record from PATICD_PROC to observation table
INSERT INTO native_cdm_testing_premier.pat(pat_key, adm_date, disc_mon, disc_date, prov_id, i_o_ind, pat_type, point_of_origin, adm_type, disc_status, mart_status, age, gender, race, admphy_spec, adm_phy, attphy_spec, att_phy, std_payor, los, pat_charges, pat_cost, pat_fix_cost, pat_var_cost, medrec_key, ms_drg, ms_drg_mdc, hispanic_ind, publish_type) VALUES ('70', '2008-05-01', '2021309', '2008-05-01', '1784', 'O', '28', '1', '3', '1', 'S', '0', 'F', 'W', '900', '999999999', '4028', '35227191', '360', '0', '100.00', '0.00', '0.00', '0.00', '69', '0', '0000', 'N', 'CP');
INSERT INTO native_cdm_testing_premier.patbill(pat_key, std_chg_code, hosp_chg_id, serv_date, hosp_qty, std_qty, bill_charges, bill_cost, bill_var_cost, bill_fix_cost) VALUES ('70', '110229000020000', '133918884', NULL, '1.00', '1.00', '0.00', '0.00', '0.00', '0.00');
INSERT INTO native_cdm_testing_premier.paticd_proc(pat_key, icd_version, icd_code, icd_pri_sec, proc_date, proc_phy, procphy_spec) VALUES ('70', '9', 'V56.3', 'S', NULL, '999999999', '900');
-- 71: ICD10CM record from PATICD_PROC to observation table
INSERT INTO native_cdm_testing_premier.pat(pat_key, adm_date, disc_mon, disc_date, prov_id, i_o_ind, pat_type, point_of_origin, adm_type, disc_status, mart_status, age, gender, race, admphy_spec, adm_phy, attphy_spec, att_phy, std_payor, los, pat_charges, pat_cost, pat_fix_cost, pat_var_cost, medrec_key, ms_drg, ms_drg_mdc, hispanic_ind, publish_type) VALUES ('72', '2008-10-01', '2021309', '2008-10-01', '1784', 'O', '28', '1', '3', '1', 'S', '0', 'F', 'W', '900', '999999999', '4028', '35227191', '360', '0', '100.00', '0.00', '0.00', '0.00', '71', '0', '0000', 'N', 'CP');
INSERT INTO native_cdm_testing_premier.patbill(pat_key, std_chg_code, hosp_chg_id, serv_date, hosp_qty, std_qty, bill_charges, bill_cost, bill_var_cost, bill_fix_cost) VALUES ('72', '110229000020000', '133918884', NULL, '1.00', '1.00', '0.00', '0.00', '0.00', '0.00');
INSERT INTO native_cdm_testing_premier.paticd_proc(pat_key, icd_version, icd_code, icd_pri_sec, proc_date, proc_phy, procphy_spec) VALUES ('72', '10', 'V56.3', 'S', NULL, '999999999', '900');
-- 73: ICD9CM record from PATICD_DIAG to observation table
INSERT INTO native_cdm_testing_premier.pat(pat_key, adm_date, disc_mon, disc_date, prov_id, i_o_ind, pat_type, point_of_origin, adm_type, disc_status, mart_status, age, gender, race, admphy_spec, adm_phy, attphy_spec, att_phy, std_payor, los, pat_charges, pat_cost, pat_fix_cost, pat_var_cost, medrec_key, ms_drg, ms_drg_mdc, hispanic_ind, publish_type) VALUES ('74', '2005-12-01', '2021309', '2005-12-01', '1784', 'O', '28', '1', '3', '1', 'S', '0', 'F', 'W', '900', '999999999', '4028', '35227191', '360', '0', '100.00', '0.00', '0.00', '0.00', '73', '0', '0000', 'N', 'CP');
INSERT INTO native_cdm_testing_premier.patbill(pat_key, std_chg_code, hosp_chg_id, serv_date, hosp_qty, std_qty, bill_charges, bill_cost, bill_var_cost, bill_fix_cost) VALUES ('74', '110229000020000', '133918884', NULL, '1.00', '1.00', '0.00', '0.00', '0.00', '0.00');
INSERT INTO native_cdm_testing_premier.paticd_diag(pat_key, icd_version, icd_code, icd_pri_sec, icd_poa) VALUES ('74', '9', 'E850.3', 'S', '9');
-- 75: ICD10CM record from PATICD_DIAG to observation table
INSERT INTO native_cdm_testing_premier.pat(pat_key, adm_date, disc_mon, disc_date, prov_id, i_o_ind, pat_type, point_of_origin, adm_type, disc_status, mart_status, age, gender, race, admphy_spec, adm_phy, attphy_spec, att_phy, std_payor, los, pat_charges, pat_cost, pat_fix_cost, pat_var_cost, medrec_key, ms_drg, ms_drg_mdc, hispanic_ind, publish_type) VALUES ('76', '2004-12-01', '2021309', '2004-12-01', '1784', 'O', '28', '1', '3', '1', 'S', '0', 'F', 'W', '900', '999999999', '4028', '35227191', '360', '0', '100.00', '0.00', '0.00', '0.00', '75', '0', '0000', 'N', 'CP');
INSERT INTO native_cdm_testing_premier.patbill(pat_key, std_chg_code, hosp_chg_id, serv_date, hosp_qty, std_qty, bill_charges, bill_cost, bill_var_cost, bill_fix_cost) VALUES ('76', '110229000020000', '133918884', NULL, '1.00', '1.00', '0.00', '0.00', '0.00', '0.00');
INSERT INTO native_cdm_testing_premier.paticd_diag(pat_key, icd_version, icd_code, icd_pri_sec, icd_poa) VALUES ('76', '10', 'T71.131', 'S', '9');
-- 77: std_chg_code patbill record maps to oservation table
INSERT INTO native_cdm_testing_premier.pat(pat_key, adm_date, disc_mon, disc_date, prov_id, i_o_ind, pat_type, point_of_origin, adm_type, disc_status, mart_status, age, gender, race, admphy_spec, adm_phy, attphy_spec, att_phy, std_payor, los, pat_charges, pat_cost, pat_fix_cost, pat_var_cost, medrec_key, ms_drg, ms_drg_mdc, hispanic_ind, publish_type) VALUES ('78', '2004-12-01', '2021309', '2004-12-01', '1784', 'O', '28', '1', '3', '1', 'S', '0', 'F', 'W', '900', '999999999', '4028', '35227191', '360', '0', '100.00', '0.00', '0.00', '0.00', '77', '0', '0000', 'N', 'CP');
INSERT INTO native_cdm_testing_premier.patbill(pat_key, std_chg_code, hosp_chg_id, serv_date, hosp_qty, std_qty, bill_charges, bill_cost, bill_var_cost, bill_fix_cost) VALUES ('78', 'NA', '133918884', NULL, '1.00', '1.00', '0.00', '0.00', '0.00', '0.00');
-- 79: inpatient visit sampling weight field proj_wgt to observation
INSERT INTO native_cdm_testing_premier.pat(pat_key, adm_date, disc_mon, disc_date, prov_id, i_o_ind, pat_type, point_of_origin, adm_type, disc_status, mart_status, age, gender, race, admphy_spec, adm_phy, attphy_spec, att_phy, std_payor, los, pat_charges, pat_cost, pat_fix_cost, pat_var_cost, medrec_key, ms_drg, ms_drg_mdc, hispanic_ind, publish_type) VALUES ('80', '2020-02-10', '2021309', '2021-09-30', '1784', 'I', '28', '1', '3', '1', 'S', '0', 'F', 'W', '900', '999999999', '4028', '35227191', '360', '0', '100.00', '0.00', '0.00', '0.00', '79', '0', '0000', 'N', 'CP');
-- 81: outpatient visit where proj_wgt=0 does not move to observation
INSERT INTO native_cdm_testing_premier.pat(pat_key, adm_date, disc_mon, disc_date, prov_id, i_o_ind, pat_type, point_of_origin, adm_type, disc_status, mart_status, age, gender, race, admphy_spec, adm_phy, attphy_spec, att_phy, std_payor, los, pat_charges, pat_cost, pat_fix_cost, pat_var_cost, medrec_key, ms_drg, ms_drg_mdc, hispanic_ind, publish_type) VALUES ('82', '2020-02-10', '2021309', '2021-09-30', '1784', 'O', '28', '1', '3', '1', 'S', '0', 'F', 'W', '900', '999999999', '4028', '35227191', '360', '0', '100.00', '0.00', '0.00', '0.00', '81', '0', '0000', 'N', 'CP');
INSERT INTO native_cdm_testing_premier.payor(std_payor, std_payor_desc) VALUES ('360', 'MANAGED CARE - NON-CAP');
INSERT INTO native_cdm_testing_premier.payor(std_payor, std_payor_desc) VALUES ('330', 'MEDICAID - TRADITIONAL');
INSERT INTO native_cdm_testing_premier.payor(std_payor, std_payor_desc) VALUES ('300', 'MEDICARE - TRADITIONAL');
INSERT INTO native_cdm_testing_premier.payor(std_payor, std_payor_desc) VALUES ('380', 'COMMERCIAL - INDEMNITY');
-- 83: Creates two payer_plan_period records, one payer
INSERT INTO native_cdm_testing_premier.pat(pat_key, adm_date, disc_mon, disc_date, prov_id, i_o_ind, pat_type, point_of_origin, adm_type, disc_status, mart_status, age, gender, race, admphy_spec, adm_phy, attphy_spec, att_phy, std_payor, los, pat_charges, pat_cost, pat_fix_cost, pat_var_cost, medrec_key, ms_drg, ms_drg_mdc, hispanic_ind, publish_type) VALUES ('84', '2010-10-01', '2021309', '2010-10-01', '1784', 'O', '28', '1', '3', '1', 'S', '0', 'F', 'W', '900', '999999999', '4028', '35227191', '360', '0', '100.00', '0.00', '0.00', '0.00', '83', '0', '0000', 'N', 'CP');
INSERT INTO native_cdm_testing_premier.patbill(pat_key, std_chg_code, hosp_chg_id, serv_date, hosp_qty, std_qty, bill_charges, bill_cost, bill_var_cost, bill_fix_cost) VALUES ('84', '110229000020000', '133918884', NULL, '1.00', '1.00', '0.00', '0.00', '0.00', '0.00');
INSERT INTO native_cdm_testing_premier.pat(pat_key, adm_date, disc_mon, disc_date, prov_id, i_o_ind, pat_type, point_of_origin, adm_type, disc_status, mart_status, age, gender, race, admphy_spec, adm_phy, attphy_spec, att_phy, std_payor, los, pat_charges, pat_cost, pat_fix_cost, pat_var_cost, medrec_key, ms_drg, ms_drg_mdc, hispanic_ind, publish_type) VALUES ('85', '2010-10-01', '2021309', '2010-11-01', '1784', 'O', '28', '1', '3', '1', 'S', '0', 'F', 'W', '900', '999999999', '4028', '35227191', '360', '0', '100.00', '0.00', '0.00', '0.00', '83', '0', '0000', 'N', 'CP');
INSERT INTO native_cdm_testing_premier.patbill(pat_key, std_chg_code, hosp_chg_id, serv_date, hosp_qty, std_qty, bill_charges, bill_cost, bill_var_cost, bill_fix_cost) VALUES ('85', '110229000020000', '133918884', NULL, '1.00', '1.00', '0.00', '0.00', '0.00', '0.00');
INSERT INTO native_cdm_testing_premier.pat(pat_key, adm_date, disc_mon, disc_date, prov_id, i_o_ind, pat_type, point_of_origin, adm_type, disc_status, mart_status, age, gender, race, admphy_spec, adm_phy, attphy_spec, att_phy, std_payor, los, pat_charges, pat_cost, pat_fix_cost, pat_var_cost, medrec_key, ms_drg, ms_drg_mdc, hispanic_ind, publish_type) VALUES ('86', '2011-05-01', '2021309', '2011-05-01', '1784', 'O', '28', '1', '3', '1', 'S', '0', 'F', 'W', '900', '999999999', '4028', '35227191', '360', '0', '100.00', '0.00', '0.00', '0.00', '83', '0', '0000', 'N', 'CP');
INSERT INTO native_cdm_testing_premier.patbill(pat_key, std_chg_code, hosp_chg_id, serv_date, hosp_qty, std_qty, bill_charges, bill_cost, bill_var_cost, bill_fix_cost) VALUES ('86', '110229000020000', '133918884', NULL, '1.00', '1.00', '0.00', '0.00', '0.00', '0.00');
INSERT INTO native_cdm_testing_premier.pat(pat_key, adm_date, disc_mon, disc_date, prov_id, i_o_ind, pat_type, point_of_origin, adm_type, disc_status, mart_status, age, gender, race, admphy_spec, adm_phy, attphy_spec, att_phy, std_payor, los, pat_charges, pat_cost, pat_fix_cost, pat_var_cost, medrec_key, ms_drg, ms_drg_mdc, hispanic_ind, publish_type) VALUES ('87', '2011-05-01', '2021309', '2011-05-01', '1784', 'O', '28', '1', '3', '1', 'S', '0', 'F', 'W', '900', '999999999', '4028', '35227191', '360', '0', '100.00', '0.00', '0.00', '0.00', '83', '0', '0000', 'N', 'CP');
INSERT INTO native_cdm_testing_premier.patbill(pat_key, std_chg_code, hosp_chg_id, serv_date, hosp_qty, std_qty, bill_charges, bill_cost, bill_var_cost, bill_fix_cost) VALUES ('87', '110229000020000', '133918884', NULL, '1.00', '1.00', '0.00', '0.00', '0.00', '0.00');
-- 88: Creates two payer_plan_period records, two payers
INSERT INTO native_cdm_testing_premier.pat(pat_key, adm_date, disc_mon, disc_date, prov_id, i_o_ind, pat_type, point_of_origin, adm_type, disc_status, mart_status, age, gender, race, admphy_spec, adm_phy, attphy_spec, att_phy, std_payor, los, pat_charges, pat_cost, pat_fix_cost, pat_var_cost, medrec_key, ms_drg, ms_drg_mdc, hispanic_ind, publish_type) VALUES ('89', '2010-10-01', '2021309', '2010-10-01', '1784', 'O', '28', '1', '3', '1', 'S', '0', 'F', 'W', '900', '999999999', '4028', '35227191', '360', '0', '100.00', '0.00', '0.00', '0.00', '88', '0', '0000', 'N', 'CP');
INSERT INTO native_cdm_testing_premier.patbill(pat_key, std_chg_code, hosp_chg_id, serv_date, hosp_qty, std_qty, bill_charges, bill_cost, bill_var_cost, bill_fix_cost) VALUES ('89', '110229000020000', '133918884', NULL, '1.00', '1.00', '0.00', '0.00', '0.00', '0.00');
INSERT INTO native_cdm_testing_premier.pat(pat_key, adm_date, disc_mon, disc_date, prov_id, i_o_ind, pat_type, point_of_origin, adm_type, disc_status, mart_status, age, gender, race, admphy_spec, adm_phy, attphy_spec, att_phy, std_payor, los, pat_charges, pat_cost, pat_fix_cost, pat_var_cost, medrec_key, ms_drg, ms_drg_mdc, hispanic_ind, publish_type) VALUES ('90', '2010-10-01', '2021309', '2010-11-01', '1784', 'O', '28', '1', '3', '1', 'S', '0', 'F', 'W', '900', '999999999', '4028', '35227191', '360', '0', '100.00', '0.00', '0.00', '0.00', '88', '0', '0000', 'N', 'CP');
INSERT INTO native_cdm_testing_premier.patbill(pat_key, std_chg_code, hosp_chg_id, serv_date, hosp_qty, std_qty, bill_charges, bill_cost, bill_var_cost, bill_fix_cost) VALUES ('90', '110229000020000', '133918884', NULL, '1.00', '1.00', '0.00', '0.00', '0.00', '0.00');
INSERT INTO native_cdm_testing_premier.pat(pat_key, adm_date, disc_mon, disc_date, prov_id, i_o_ind, pat_type, point_of_origin, adm_type, disc_status, mart_status, age, gender, race, admphy_spec, adm_phy, attphy_spec, att_phy, std_payor, los, pat_charges, pat_cost, pat_fix_cost, pat_var_cost, medrec_key, ms_drg, ms_drg_mdc, hispanic_ind, publish_type) VALUES ('91', '2011-05-01', '2021309', '2011-05-01', '1784', 'O', '28', '1', '3', '1', 'S', '0', 'F', 'W', '900', '999999999', '4028', '35227191', '330', '0', '100.00', '0.00', '0.00', '0.00', '88', '0', '0000', 'N', 'CP');
INSERT INTO native_cdm_testing_premier.patbill(pat_key, std_chg_code, hosp_chg_id, serv_date, hosp_qty, std_qty, bill_charges, bill_cost, bill_var_cost, bill_fix_cost) VALUES ('91', '110229000020000', '133918884', NULL, '1.00', '1.00', '0.00', '0.00', '0.00', '0.00');
INSERT INTO native_cdm_testing_premier.pat(pat_key, adm_date, disc_mon, disc_date, prov_id, i_o_ind, pat_type, point_of_origin, adm_type, disc_status, mart_status, age, gender, race, admphy_spec, adm_phy, attphy_spec, att_phy, std_payor, los, pat_charges, pat_cost, pat_fix_cost, pat_var_cost, medrec_key, ms_drg, ms_drg_mdc, hispanic_ind, publish_type) VALUES ('92', '2011-05-01', '2021309', '2011-05-01', '1784', 'O', '28', '1', '3', '1', 'S', '0', 'F', 'W', '900', '999999999', '4028', '35227191', '330', '0', '100.00', '0.00', '0.00', '0.00', '88', '0', '0000', 'N', 'CP');
INSERT INTO native_cdm_testing_premier.patbill(pat_key, std_chg_code, hosp_chg_id, serv_date, hosp_qty, std_qty, bill_charges, bill_cost, bill_var_cost, bill_fix_cost) VALUES ('92', '110229000020000', '133918884', NULL, '1.00', '1.00', '0.00', '0.00', '0.00', '0.00');
-- 93: Creates bad record with payer_plan_period_end_date < payer_plan_period_start_date
INSERT INTO native_cdm_testing_premier.pat(pat_key, adm_date, disc_mon, disc_date, prov_id, i_o_ind, pat_type, point_of_origin, adm_type, disc_status, mart_status, age, gender, race, admphy_spec, adm_phy, attphy_spec, att_phy, std_payor, los, pat_charges, pat_cost, pat_fix_cost, pat_var_cost, medrec_key, ms_drg, ms_drg_mdc, hispanic_ind, publish_type) VALUES ('94', '2013-03-01', '2021309', '2013-03-01', '1784', 'O', '28', '1', '3', '1', 'S', '0', 'F', 'W', '900', '999999999', '4028', '35227191', '360', '0', '100.00', '0.00', '0.00', '0.00', '93', '0', '0000', 'N', 'CP');
INSERT INTO native_cdm_testing_premier.pat(pat_key, adm_date, disc_mon, disc_date, prov_id, i_o_ind, pat_type, point_of_origin, adm_type, disc_status, mart_status, age, gender, race, admphy_spec, adm_phy, attphy_spec, att_phy, std_payor, los, pat_charges, pat_cost, pat_fix_cost, pat_var_cost, medrec_key, ms_drg, ms_drg_mdc, hispanic_ind, publish_type) VALUES ('95', '2013-05-01', '2021309', '2013-05-01', '1784', 'O', '28', '1', '3', '1', 'S', '0', 'F', 'W', '900', '999999999', '4028', '35227191', '360', '0', '100.00', '0.00', '0.00', '0.00', '93', '0', '0000', 'N', 'CP');
INSERT INTO native_cdm_testing_premier.pat(pat_key, adm_date, disc_mon, disc_date, prov_id, i_o_ind, pat_type, point_of_origin, adm_type, disc_status, mart_status, age, gender, race, admphy_spec, adm_phy, attphy_spec, att_phy, std_payor, los, pat_charges, pat_cost, pat_fix_cost, pat_var_cost, medrec_key, ms_drg, ms_drg_mdc, hispanic_ind, publish_type) VALUES ('96', '2014-01-01', '2021309', '2014-05-01', '1784', 'O', '28', '1', '3', '1', 'S', '0', 'F', 'W', '900', '999999999', '4028', '35227191', '360', '0', '100.00', '0.00', '0.00', '0.00', '93', '0', '0000', 'N', 'CP');
INSERT INTO native_cdm_testing_premier.pat(pat_key, adm_date, disc_mon, disc_date, prov_id, i_o_ind, pat_type, point_of_origin, adm_type, disc_status, mart_status, age, gender, race, admphy_spec, adm_phy, attphy_spec, att_phy, std_payor, los, pat_charges, pat_cost, pat_fix_cost, pat_var_cost, medrec_key, ms_drg, ms_drg_mdc, hispanic_ind, publish_type) VALUES ('97', '2014-02-01', '2021309', '2014-07-01', '1784', 'O', '28', '1', '3', '1', 'S', '0', 'F', 'W', '900', '999999999', '4028', '35227191', '330', '0', '100.00', '0.00', '0.00', '0.00', '93', '0', '0000', 'N', 'CP');
INSERT INTO native_cdm_testing_premier.pat(pat_key, adm_date, disc_mon, disc_date, prov_id, i_o_ind, pat_type, point_of_origin, adm_type, disc_status, mart_status, age, gender, race, admphy_spec, adm_phy, attphy_spec, att_phy, std_payor, los, pat_charges, pat_cost, pat_fix_cost, pat_var_cost, medrec_key, ms_drg, ms_drg_mdc, hispanic_ind, publish_type) VALUES ('98', '2014-04-01', '2021309', '2014-04-01', '1784', 'O', '28', '1', '3', '1', 'S', '0', 'F', 'W', '900', '999999999', '4028', '35227191', '330', '0', '100.00', '0.00', '0.00', '0.00', '93', '0', '0000', 'N', 'CP');
INSERT INTO native_cdm_testing_premier.patbill(pat_key, std_chg_code, hosp_chg_id, serv_date, hosp_qty, std_qty, bill_charges, bill_cost, bill_var_cost, bill_fix_cost) VALUES ('94', '110229000020000', '133918884', NULL, '1.00', '1.00', '0.00', '0.00', '0.00', '0.00');
INSERT INTO native_cdm_testing_premier.patbill(pat_key, std_chg_code, hosp_chg_id, serv_date, hosp_qty, std_qty, bill_charges, bill_cost, bill_var_cost, bill_fix_cost) VALUES ('95', '110229000020000', '133918884', NULL, '1.00', '1.00', '0.00', '0.00', '0.00', '0.00');
INSERT INTO native_cdm_testing_premier.patbill(pat_key, std_chg_code, hosp_chg_id, serv_date, hosp_qty, std_qty, bill_charges, bill_cost, bill_var_cost, bill_fix_cost) VALUES ('96', '110229000020000', '133918884', NULL, '1.00', '1.00', '0.00', '0.00', '0.00', '0.00');
INSERT INTO native_cdm_testing_premier.patbill(pat_key, std_chg_code, hosp_chg_id, serv_date, hosp_qty, std_qty, bill_charges, bill_cost, bill_var_cost, bill_fix_cost) VALUES ('96', '110229000020000', '133918884', NULL, '1.00', '1.00', '0.00', '0.00', '0.00', '0.00');
INSERT INTO native_cdm_testing_premier.patbill(pat_key, std_chg_code, hosp_chg_id, serv_date, hosp_qty, std_qty, bill_charges, bill_cost, bill_var_cost, bill_fix_cost) VALUES ('97', '110229000020000', '133918884', NULL, '1.00', '1.00', '0.00', '0.00', '0.00', '0.00');
INSERT INTO native_cdm_testing_premier.patbill(pat_key, std_chg_code, hosp_chg_id, serv_date, hosp_qty, std_qty, bill_charges, bill_cost, bill_var_cost, bill_fix_cost) VALUES ('98', '110229000020000', '133918884', NULL, '1.00', '1.00', '0.00', '0.00', '0.00', '0.00');
-- 99: Only visits before death; keep person
INSERT INTO native_cdm_testing_premier.pat(pat_key, adm_date, disc_mon, disc_date, prov_id, i_o_ind, pat_type, point_of_origin, adm_type, disc_status, mart_status, age, gender, race, admphy_spec, adm_phy, attphy_spec, att_phy, std_payor, los, pat_charges, pat_cost, pat_fix_cost, pat_var_cost, medrec_key, ms_drg, ms_drg_mdc, hispanic_ind, publish_type) VALUES ('100', '2001-01-01', '2021309', '2001-01-01', '1784', 'O', '28', '1', '3', '1', 'S', '19', 'F', 'W', '900', '999999999', '4028', '35227191', '360', '0', '100.00', '0.00', '0.00', '0.00', '99', '0', '0000', 'N', 'CP');
INSERT INTO native_cdm_testing_premier.pat(pat_key, adm_date, disc_mon, disc_date, prov_id, i_o_ind, pat_type, point_of_origin, adm_type, disc_status, mart_status, age, gender, race, admphy_spec, adm_phy, attphy_spec, att_phy, std_payor, los, pat_charges, pat_cost, pat_fix_cost, pat_var_cost, medrec_key, ms_drg, ms_drg_mdc, hispanic_ind, publish_type) VALUES ('101', '2005-01-01', '2021309', '2005-01-01', '1784', 'O', '28', '1', '3', '20', 'S', '23', 'F', 'W', '900', '999999999', '4028', '35227191', '360', '0', '100.00', '0.00', '0.00', '0.00', '99', '0', '0000', 'N', 'CP');
-- 102: Year of birth < 1900; drop person
INSERT INTO native_cdm_testing_premier.pat(pat_key, adm_date, disc_mon, disc_date, prov_id, i_o_ind, pat_type, point_of_origin, adm_type, disc_status, mart_status, age, gender, race, admphy_spec, adm_phy, attphy_spec, att_phy, std_payor, los, pat_charges, pat_cost, pat_fix_cost, pat_var_cost, medrec_key, ms_drg, ms_drg_mdc, hispanic_ind, publish_type) VALUES ('103', '1997-01-01', '2021309', '2021-09-30', '1784', 'O', '28', '1', '3', '1', 'S', '100', 'F', 'W', '900', '999999999', '4028', '35227191', '360', '0', '100.00', '0.00', '0.00', '0.00', '102', '0', '0000', 'N', 'CP');
-- 104: Year of birth > current year; drop person
INSERT INTO native_cdm_testing_premier.pat(pat_key, adm_date, disc_mon, disc_date, prov_id, i_o_ind, pat_type, point_of_origin, adm_type, disc_status, mart_status, age, gender, race, admphy_spec, adm_phy, attphy_spec, att_phy, std_payor, los, pat_charges, pat_cost, pat_fix_cost, pat_var_cost, medrec_key, ms_drg, ms_drg_mdc, hispanic_ind, publish_type) VALUES ('105', '2030-01-01', '2021309', '2021-09-30', '1784', 'O', '28', '1', '3', '1', 'S', '8', 'F', 'W', '900', '999999999', '4028', '35227191', '360', '0', '100.00', '0.00', '0.00', '0.00', '104', '0', '0000', 'N', 'CP');
-- 106: First visit prior to birth year
INSERT INTO native_cdm_testing_premier.pat(pat_key, adm_date, disc_mon, disc_date, prov_id, i_o_ind, pat_type, point_of_origin, adm_type, disc_status, mart_status, age, gender, race, admphy_spec, adm_phy, attphy_spec, att_phy, std_payor, los, pat_charges, pat_cost, pat_fix_cost, pat_var_cost, medrec_key, ms_drg, ms_drg_mdc, hispanic_ind, publish_type) VALUES ('107', '2000-01-01', '2021309', '2021-09-30', '1784', 'O', '28', '1', '3', '1', 'S', '999', 'F', 'W', '900', '999999999', '4028', '35227191', '360', '0', '100.00', '0.00', '0.00', '0.00', '106', '0', '0000', 'N', 'CP');
INSERT INTO native_cdm_testing_premier.pat(pat_key, adm_date, disc_mon, disc_date, prov_id, i_o_ind, pat_type, point_of_origin, adm_type, disc_status, mart_status, age, gender, race, admphy_spec, adm_phy, attphy_spec, att_phy, std_payor, los, pat_charges, pat_cost, pat_fix_cost, pat_var_cost, medrec_key, ms_drg, ms_drg_mdc, hispanic_ind, publish_type) VALUES ('107', '2010-01-01', '2021309', '2021-09-30', '1784', 'O', '28', '1', '3', '1', 'S', '5', 'F', 'W', '900', '999999999', '4028', '35227191', '360', '0', '100.00', '0.00', '0.00', '0.00', '106', '0', '0000', 'N', 'CP');
-- 109: Visits too old, prior to 1999, drop person
INSERT INTO native_cdm_testing_premier.pat(pat_key, adm_date, disc_mon, disc_date, prov_id, i_o_ind, pat_type, point_of_origin, adm_type, disc_status, mart_status, age, gender, race, admphy_spec, adm_phy, attphy_spec, att_phy, std_payor, los, pat_charges, pat_cost, pat_fix_cost, pat_var_cost, medrec_key, ms_drg, ms_drg_mdc, hispanic_ind, publish_type) VALUES ('110', '1982-01-01', '2021309', '1982-01-01', '1784', 'O', '28', '1', '3', '1', 'S', '23', 'F', 'W', '900', '999999999', '4028', '35227191', '360', '0', '100.00', '0.00', '0.00', '0.00', '109', '0', '0000', 'N', 'CP');
-- 111: Age changes more than 2 years, drop person
INSERT INTO native_cdm_testing_premier.pat(pat_key, adm_date, disc_mon, disc_date, prov_id, i_o_ind, pat_type, point_of_origin, adm_type, disc_status, mart_status, age, gender, race, admphy_spec, adm_phy, attphy_spec, att_phy, std_payor, los, pat_charges, pat_cost, pat_fix_cost, pat_var_cost, medrec_key, ms_drg, ms_drg_mdc, hispanic_ind, publish_type) VALUES ('112', '2000-01-01', '2021309', '2000-01-01', '1784', 'O', '28', '1', '3', '1', 'S', '23', 'F', 'W', '900', '999999999', '4028', '35227191', '360', '0', '100.00', '0.00', '0.00', '0.00', '111', '0', '0000', 'N', 'CP');
INSERT INTO native_cdm_testing_premier.pat(pat_key, adm_date, disc_mon, disc_date, prov_id, i_o_ind, pat_type, point_of_origin, adm_type, disc_status, mart_status, age, gender, race, admphy_spec, adm_phy, attphy_spec, att_phy, std_payor, los, pat_charges, pat_cost, pat_fix_cost, pat_var_cost, medrec_key, ms_drg, ms_drg_mdc, hispanic_ind, publish_type) VALUES ('113', '2010-01-01', '2021309', '2010-01-01', '1784', 'O', '28', '1', '3', '1', 'S', '23', 'F', 'W', '900', '999999999', '4028', '35227191', '360', '0', '100.00', '0.00', '0.00', '0.00', '111', '0', '0000', 'N', 'CP');
-- 114: Unknown Gender, drop person
INSERT INTO native_cdm_testing_premier.pat(pat_key, adm_date, disc_mon, disc_date, prov_id, i_o_ind, pat_type, point_of_origin, adm_type, disc_status, mart_status, age, gender, race, admphy_spec, adm_phy, attphy_spec, att_phy, std_payor, los, pat_charges, pat_cost, pat_fix_cost, pat_var_cost, medrec_key, ms_drg, ms_drg_mdc, hispanic_ind, publish_type) VALUES ('115', '2000-01-01', '2021309', '2000-01-01', '1784', 'O', '28', '1', '3', '1', 'S', '0', 'Z', 'W', '900', '999999999', '4028', '35227191', '360', '0', '100.00', '0.00', '0.00', '0.00', '114', '0', '0000', 'N', 'CP');
-- 116: Persons first visit, age missing; age calculated from earliest visit with non-missing age
INSERT INTO native_cdm_testing_premier.pat(pat_key, adm_date, disc_mon, disc_date, prov_id, i_o_ind, pat_type, point_of_origin, adm_type, disc_status, mart_status, age, gender, race, admphy_spec, adm_phy, attphy_spec, att_phy, std_payor, los, pat_charges, pat_cost, pat_fix_cost, pat_var_cost, medrec_key, ms_drg, ms_drg_mdc, hispanic_ind, publish_type) VALUES ('117', '2011-01-01', '2021309', '2021-09-30', '1784', 'O', '28', '1', '3', '1', 'S', '999', 'F', 'W', '900', '999999999', '4028', '35227191', '360', '0', '100.00', '0.00', '0.00', '0.00', '116', '0', '0000', 'N', 'CP');
INSERT INTO native_cdm_testing_premier.pat(pat_key, adm_date, disc_mon, disc_date, prov_id, i_o_ind, pat_type, point_of_origin, adm_type, disc_status, mart_status, age, gender, race, admphy_spec, adm_phy, attphy_spec, att_phy, std_payor, los, pat_charges, pat_cost, pat_fix_cost, pat_var_cost, medrec_key, ms_drg, ms_drg_mdc, hispanic_ind, publish_type) VALUES ('118', '2012-01-01', '2021309', '2021-09-30', '1784', 'O', '28', '1', '3', '1', 'S', '28', 'F', 'W', '900', '999999999', '4028', '35227191', '360', '0', '100.00', '0.00', '0.00', '0.00', '116', '0', '0000', 'N', 'CP');
INSERT INTO native_cdm_testing_premier.pat(pat_key, adm_date, disc_mon, disc_date, prov_id, i_o_ind, pat_type, point_of_origin, adm_type, disc_status, mart_status, age, gender, race, admphy_spec, adm_phy, attphy_spec, att_phy, std_payor, los, pat_charges, pat_cost, pat_fix_cost, pat_var_cost, medrec_key, ms_drg, ms_drg_mdc, hispanic_ind, publish_type) VALUES ('119', '2013-01-01', '2021309', '2021-09-30', '1784', 'O', '28', '1', '3', '1', 'S', '29', 'F', 'W', '900', '999999999', '4028', '35227191', '360', '0', '100.00', '0.00', '0.00', '0.00', '116', '0', '0000', 'N', 'CP');
-- 120: Test HISPANTIC_IND = Y and RACE = H
INSERT INTO native_cdm_testing_premier.pat(pat_key, adm_date, disc_mon, disc_date, prov_id, i_o_ind, pat_type, point_of_origin, adm_type, disc_status, mart_status, age, gender, race, admphy_spec, adm_phy, attphy_spec, att_phy, std_payor, los, pat_charges, pat_cost, pat_fix_cost, pat_var_cost, medrec_key, ms_drg, ms_drg_mdc, hispanic_ind, publish_type) VALUES ('121', '2011-01-01', '2021309', '2021-09-30', '1784', 'O', '28', '1', '3', '1', 'S', '20', 'F', 'H', '900', '999999999', '4028', '35227191', '360', '0', '100.00', '0.00', '0.00', '0.00', '120', '0', '0000', 'Y', 'CP');
-- 122: Test HISPANTIC_IND = Y and RACE = W
INSERT INTO native_cdm_testing_premier.pat(pat_key, adm_date, disc_mon, disc_date, prov_id, i_o_ind, pat_type, point_of_origin, adm_type, disc_status, mart_status, age, gender, race, admphy_spec, adm_phy, attphy_spec, att_phy, std_payor, los, pat_charges, pat_cost, pat_fix_cost, pat_var_cost, medrec_key, ms_drg, ms_drg_mdc, hispanic_ind, publish_type) VALUES ('123', '2011-01-01', '2021309', '2021-09-30', '1784', 'O', '28', '1', '3', '1', 'S', '20', 'F', 'W', '900', '999999999', '4028', '35227191', '360', '0', '100.00', '0.00', '0.00', '0.00', '122', '0', '0000', 'Y', 'CP');
-- 124: Test HISPANTIC_IND = Y and RACE = B
INSERT INTO native_cdm_testing_premier.pat(pat_key, adm_date, disc_mon, disc_date, prov_id, i_o_ind, pat_type, point_of_origin, adm_type, disc_status, mart_status, age, gender, race, admphy_spec, adm_phy, attphy_spec, att_phy, std_payor, los, pat_charges, pat_cost, pat_fix_cost, pat_var_cost, medrec_key, ms_drg, ms_drg_mdc, hispanic_ind, publish_type) VALUES ('125', '2011-01-01', '2021309', '2021-09-30', '1784', 'O', '28', '1', '3', '1', 'S', '20', 'F', 'B', '900', '999999999', '4028', '35227191', '360', '0', '100.00', '0.00', '0.00', '0.00', '124', '0', '0000', 'Y', 'CP');
-- 126: Test HISPANTIC_IND = N and RACE = B
INSERT INTO native_cdm_testing_premier.pat(pat_key, adm_date, disc_mon, disc_date, prov_id, i_o_ind, pat_type, point_of_origin, adm_type, disc_status, mart_status, age, gender, race, admphy_spec, adm_phy, attphy_spec, att_phy, std_payor, los, pat_charges, pat_cost, pat_fix_cost, pat_var_cost, medrec_key, ms_drg, ms_drg_mdc, hispanic_ind, publish_type) VALUES ('127', '2011-01-01', '2021309', '2021-09-30', '1784', 'O', '28', '1', '3', '1', 'S', '20', 'F', 'B', '900', '999999999', '4028', '35227191', '360', '0', '100.00', '0.00', '0.00', '0.00', '126', '0', '0000', 'N', 'CP');
-- 128: Test HISPANTIC_IND = N and RACE = B/w/B
INSERT INTO native_cdm_testing_premier.pat(pat_key, adm_date, disc_mon, disc_date, prov_id, i_o_ind, pat_type, point_of_origin, adm_type, disc_status, mart_status, age, gender, race, admphy_spec, adm_phy, attphy_spec, att_phy, std_payor, los, pat_charges, pat_cost, pat_fix_cost, pat_var_cost, medrec_key, ms_drg, ms_drg_mdc, hispanic_ind, publish_type) VALUES ('129', '2011-01-01', '2021309', '2011-01-01', '1784', 'O', '28', '1', '3', '1', 'S', '20', 'F', 'B', '900', '999999999', '4028', '35227191', '360', '0', '100.00', '0.00', '0.00', '0.00', '128', '0', '0000', 'N', 'CP');
INSERT INTO native_cdm_testing_premier.pat(pat_key, adm_date, disc_mon, disc_date, prov_id, i_o_ind, pat_type, point_of_origin, adm_type, disc_status, mart_status, age, gender, race, admphy_spec, adm_phy, attphy_spec, att_phy, std_payor, los, pat_charges, pat_cost, pat_fix_cost, pat_var_cost, medrec_key, ms_drg, ms_drg_mdc, hispanic_ind, publish_type) VALUES ('130', '2012-01-01', '2021309', '2012-01-01', '1784', 'O', '28', '1', '3', '1', 'S', '20', 'F', 'W', '900', '999999999', '4028', '35227191', '360', '0', '100.00', '0.00', '0.00', '0.00', '128', '0', '0000', 'N', 'CP');
INSERT INTO native_cdm_testing_premier.pat(pat_key, adm_date, disc_mon, disc_date, prov_id, i_o_ind, pat_type, point_of_origin, adm_type, disc_status, mart_status, age, gender, race, admphy_spec, adm_phy, attphy_spec, att_phy, std_payor, los, pat_charges, pat_cost, pat_fix_cost, pat_var_cost, medrec_key, ms_drg, ms_drg_mdc, hispanic_ind, publish_type) VALUES ('131', '2013-01-01', '2021309', '2013-01-01', '1784', 'O', '28', '1', '3', '1', 'S', '20', 'F', 'B', '900', '999999999', '4028', '35227191', '360', '0', '100.00', '0.00', '0.00', '0.00', '128', '0', '0000', 'N', 'CP');
-- 132: Test HISPANTIC_IND = U and RACE = Z; Bad Values
INSERT INTO native_cdm_testing_premier.pat(pat_key, adm_date, disc_mon, disc_date, prov_id, i_o_ind, pat_type, point_of_origin, adm_type, disc_status, mart_status, age, gender, race, admphy_spec, adm_phy, attphy_spec, att_phy, std_payor, los, pat_charges, pat_cost, pat_fix_cost, pat_var_cost, medrec_key, ms_drg, ms_drg_mdc, hispanic_ind, publish_type) VALUES ('133', '2011-01-01', '2021309', '2021-09-30', '1784', 'O', '28', '1', '3', '1', 'S', '20', 'F', 'Z', '900', '999999999', '4028', '35227191', '360', '0', '100.00', '0.00', '0.00', '0.00', '132', '0', '0000', 'U', 'CP');
-- 134: STD_CHG_CODE record to procedure_occurrence table
INSERT INTO native_cdm_testing_premier.pat(pat_key, adm_date, disc_mon, disc_date, prov_id, i_o_ind, pat_type, point_of_origin, adm_type, disc_status, mart_status, age, gender, race, admphy_spec, adm_phy, attphy_spec, att_phy, std_payor, los, pat_charges, pat_cost, pat_fix_cost, pat_var_cost, medrec_key, ms_drg, ms_drg_mdc, hispanic_ind, publish_type) VALUES ('135', '2011-07-01', '2021309', '2011-07-01', '1784', 'O', '28', '1', '3', '1', 'S', '0', 'F', 'W', '900', '999999999', '4028', '35227191', '360', '0', '100.00', '0.00', '0.00', '0.00', '134', '0', '0000', 'N', 'CP');
INSERT INTO native_cdm_testing_premier.patbill(pat_key, std_chg_code, hosp_chg_id, serv_date, hosp_qty, std_qty, bill_charges, bill_cost, bill_var_cost, bill_fix_cost) VALUES ('135', 'NA', '133918884', NULL, '1.00', '1.00', '0.00', '0.00', '0.00', '0.00');
-- 136: ICD9CM record from PATICD_PROC to procedure_occurrence table
INSERT INTO native_cdm_testing_premier.pat(pat_key, adm_date, disc_mon, disc_date, prov_id, i_o_ind, pat_type, point_of_origin, adm_type, disc_status, mart_status, age, gender, race, admphy_spec, adm_phy, attphy_spec, att_phy, std_payor, los, pat_charges, pat_cost, pat_fix_cost, pat_var_cost, medrec_key, ms_drg, ms_drg_mdc, hispanic_ind, publish_type) VALUES ('137', '2014-10-01', '2021309', '2014-10-01', '1784', 'O', '28', '1', '3', '1', 'S', '0', 'F', 'W', '900', '999999999', '4028', '35227191', '360', '0', '100.00', '0.00', '0.00', '0.00', '136', '0', '0000', 'N', 'CP');
INSERT INTO native_cdm_testing_premier.patbill(pat_key, std_chg_code, hosp_chg_id, serv_date, hosp_qty, std_qty, bill_charges, bill_cost, bill_var_cost, bill_fix_cost) VALUES ('137', '110229000020000', '133918884', NULL, '1.00', '1.00', '0.00', '0.00', '0.00', '0.00');
INSERT INTO native_cdm_testing_premier.paticd_proc(pat_key, icd_version, icd_code, icd_pri_sec, proc_date, proc_phy, procphy_spec) VALUES ('137', '9', 'V43.7', 'S', NULL, '999999999', '900');
-- 138: ICD9Proc record from PATICD_PROC to procedure_occurrence table
INSERT INTO native_cdm_testing_premier.pat(pat_key, adm_date, disc_mon, disc_date, prov_id, i_o_ind, pat_type, point_of_origin, adm_type, disc_status, mart_status, age, gender, race, admphy_spec, adm_phy, attphy_spec, att_phy, std_payor, los, pat_charges, pat_cost, pat_fix_cost, pat_var_cost, medrec_key, ms_drg, ms_drg_mdc, hispanic_ind, publish_type) VALUES ('139', '2013-04-01', '2021309', '2013-04-01', '1784', 'O', '28', '1', '3', '1', 'S', '0', 'F', 'W', '900', '999999999', '4028', '35227191', '360', '0', '100.00', '0.00', '0.00', '0.00', '138', '0', '0000', 'N', 'CP');
INSERT INTO native_cdm_testing_premier.patbill(pat_key, std_chg_code, hosp_chg_id, serv_date, hosp_qty, std_qty, bill_charges, bill_cost, bill_var_cost, bill_fix_cost) VALUES ('139', '110229000020000', '133918884', NULL, '1.00', '1.00', '0.00', '0.00', '0.00', '0.00');
INSERT INTO native_cdm_testing_premier.paticd_proc(pat_key, icd_version, icd_code, icd_pri_sec, proc_date, proc_phy, procphy_spec) VALUES ('139', '9', '26.31', 'S', NULL, '999999999', '900');
-- 140: ICD10CM record from PATICD_PROC to procedure_occurrence table
INSERT INTO native_cdm_testing_premier.pat(pat_key, adm_date, disc_mon, disc_date, prov_id, i_o_ind, pat_type, point_of_origin, adm_type, disc_status, mart_status, age, gender, race, admphy_spec, adm_phy, attphy_spec, att_phy, std_payor, los, pat_charges, pat_cost, pat_fix_cost, pat_var_cost, medrec_key, ms_drg, ms_drg_mdc, hispanic_ind, publish_type) VALUES ('141', '2004-03-01', '2021309', '2004-03-01', '1784', 'O', '28', '1', '3', '1', 'S', '0', 'F', 'W', '900', '999999999', '4028', '35227191', '360', '0', '100.00', '0.00', '0.00', '0.00', '140', '0', '0000', 'N', 'CP');
INSERT INTO native_cdm_testing_premier.patbill(pat_key, std_chg_code, hosp_chg_id, serv_date, hosp_qty, std_qty, bill_charges, bill_cost, bill_var_cost, bill_fix_cost) VALUES ('141', '110229000020000', '133918884', NULL, '1.00', '1.00', '0.00', '0.00', '0.00', '0.00');
INSERT INTO native_cdm_testing_premier.paticd_proc(pat_key, icd_version, icd_code, icd_pri_sec, proc_date, proc_phy, procphy_spec) VALUES ('141', '19', 'Z49.01', 'S', NULL, '999999999', '900');
-- 142: ICD10PCS record from PATICD_PROC to procedure_occurrence table
INSERT INTO native_cdm_testing_premier.pat(pat_key, adm_date, disc_mon, disc_date, prov_id, i_o_ind, pat_type, point_of_origin, adm_type, disc_status, mart_status, age, gender, race, admphy_spec, adm_phy, attphy_spec, att_phy, std_payor, los, pat_charges, pat_cost, pat_fix_cost, pat_var_cost, medrec_key, ms_drg, ms_drg_mdc, hispanic_ind, publish_type) VALUES ('143', '2002-02-01', '2021309', '2002-02-01', '1784', 'O', '28', '1', '3', '1', 'S', '0', 'F', 'W', '900', '999999999', '4028', '35227191', '360', '0', '100.00', '0.00', '0.00', '0.00', '142', '0', '0000', 'N', 'CP');
INSERT INTO native_cdm_testing_premier.patbill(pat_key, std_chg_code, hosp_chg_id, serv_date, hosp_qty, std_qty, bill_charges, bill_cost, bill_var_cost, bill_fix_cost) VALUES ('143', '110229000020000', '133918884', NULL, '1.00', '1.00', '0.00', '0.00', '0.00', '0.00');
INSERT INTO native_cdm_testing_premier.paticd_proc(pat_key, icd_version, icd_code, icd_pri_sec, proc_date, proc_phy, procphy_spec) VALUES ('143', '10', '0SG00Z1', 'S', NULL, '999999999', '900');
-- 144: ICD10PCS Hierarchy from PATICD_PROC, doesnt map to procedure_occurrence table
INSERT INTO native_cdm_testing_premier.pat(pat_key, adm_date, disc_mon, disc_date, prov_id, i_o_ind, pat_type, point_of_origin, adm_type, disc_status, mart_status, age, gender, race, admphy_spec, adm_phy, attphy_spec, att_phy, std_payor, los, pat_charges, pat_cost, pat_fix_cost, pat_var_cost, medrec_key, ms_drg, ms_drg_mdc, hispanic_ind, publish_type) VALUES ('145', '2020-02-10', '2021309', '2021-09-30', '1784', 'O', '28', '1', '3', '1', 'S', '0', 'F', 'W', '900', '999999999', '4028', '35227191', '360', '0', '100.00', '0.00', '0.00', '0.00', '144', '0', '0000', 'N', 'CP');
INSERT INTO native_cdm_testing_premier.paticd_proc(pat_key, icd_version, icd_code, icd_pri_sec, proc_date, proc_phy, procphy_spec) VALUES ('145', '10', '0CN83Z', 'S', NULL, '999999999', '900');
-- 146: HCPCS record to procedure_occurrence table
INSERT INTO native_cdm_testing_premier.pat(pat_key, adm_date, disc_mon, disc_date, prov_id, i_o_ind, pat_type, point_of_origin, adm_type, disc_status, mart_status, age, gender, race, admphy_spec, adm_phy, attphy_spec, att_phy, std_payor, los, pat_charges, pat_cost, pat_fix_cost, pat_var_cost, medrec_key, ms_drg, ms_drg_mdc, hispanic_ind, publish_type) VALUES ('147', '2001-01-01', '2021309', '2001-01-01', '1784', 'O', '28', '1', '3', '1', 'S', '0', 'F', 'W', '900', '999999999', '4028', '35227191', '360', '0', '100.00', '0.00', '0.00', '0.00', '146', '0', '0000', 'N', 'CP');
INSERT INTO native_cdm_testing_premier.patbill(pat_key, std_chg_code, hosp_chg_id, serv_date, hosp_qty, std_qty, bill_charges, bill_cost, bill_var_cost, bill_fix_cost) VALUES ('147', '110229000020000', '133918884', NULL, '1.00', '1.00', '0.00', '0.00', '0.00', '0.00');
INSERT INTO native_cdm_testing_premier.patcpt(pat_key, cpt_code, cpt_pos, proc_date, cpt_order_phy, cpt_order_phy_spec, cpt_proc_phy, cpt_proc_phy_spec, cpt_mod_code_1, cpt_mod_code_2, cpt_mod_code_3, cpt_mod_code_4) VALUES ('147', 'S2325', '1', NULL, '999999999', '900', '999999999', '900', '', '', '', '');
-- 148: CPT4 record to procedure_occurrence table
INSERT INTO native_cdm_testing_premier.pat(pat_key, adm_date, disc_mon, disc_date, prov_id, i_o_ind, pat_type, point_of_origin, adm_type, disc_status, mart_status, age, gender, race, admphy_spec, adm_phy, attphy_spec, att_phy, std_payor, los, pat_charges, pat_cost, pat_fix_cost, pat_var_cost, medrec_key, ms_drg, ms_drg_mdc, hispanic_ind, publish_type) VALUES ('149', '2013-03-01', '2021309', '2013-03-01', '1784', 'O', '28', '1', '3', '1', 'S', '0', 'F', 'W', '900', '999999999', '4028', '35227191', '360', '0', '100.00', '0.00', '0.00', '0.00', '148', '0', '0000', 'N', 'CP');
INSERT INTO native_cdm_testing_premier.patbill(pat_key, std_chg_code, hosp_chg_id, serv_date, hosp_qty, std_qty, bill_charges, bill_cost, bill_var_cost, bill_fix_cost) VALUES ('149', '110229000020000', '133918884', NULL, '1.00', '1.00', '0.00', '0.00', '0.00', '0.00');
INSERT INTO native_cdm_testing_premier.patcpt(pat_key, cpt_code, cpt_pos, proc_date, cpt_order_phy, cpt_order_phy_spec, cpt_proc_phy, cpt_proc_phy_spec, cpt_mod_code_1, cpt_mod_code_2, cpt_mod_code_3, cpt_mod_code_4) VALUES ('149', '01210', '1', NULL, '999999999', '900', '999999999', '900', '', '', '', '');
-- 150: CPT4 Modifier from PATICD_PROC, doesnt map to procedure_occurrence table
INSERT INTO native_cdm_testing_premier.pat(pat_key, adm_date, disc_mon, disc_date, prov_id, i_o_ind, pat_type, point_of_origin, adm_type, disc_status, mart_status, age, gender, race, admphy_spec, adm_phy, attphy_spec, att_phy, std_payor, los, pat_charges, pat_cost, pat_fix_cost, pat_var_cost, medrec_key, ms_drg, ms_drg_mdc, hispanic_ind, publish_type) VALUES ('151', '2020-02-10', '2021309', '2021-09-30', '1784', 'O', '28', '1', '3', '1', 'S', '0', 'F', 'W', '900', '999999999', '4028', '35227191', '360', '0', '100.00', '0.00', '0.00', '0.00', '150', '0', '0000', 'N', 'CP');
INSERT INTO native_cdm_testing_premier.patcpt(pat_key, cpt_code, cpt_pos, proc_date, cpt_order_phy, cpt_order_phy_spec, cpt_proc_phy, cpt_proc_phy_spec, cpt_mod_code_1, cpt_mod_code_2, cpt_mod_code_3, cpt_mod_code_4) VALUES ('151', '1P', '1', NULL, '999999999', '900', '999999999', '900', '', '', '', '');
-- 152: CPT4 measurement record not in procedure_occurrence table
INSERT INTO native_cdm_testing_premier.pat(pat_key, adm_date, disc_mon, disc_date, prov_id, i_o_ind, pat_type, point_of_origin, adm_type, disc_status, mart_status, age, gender, race, admphy_spec, adm_phy, attphy_spec, att_phy, std_payor, los, pat_charges, pat_cost, pat_fix_cost, pat_var_cost, medrec_key, ms_drg, ms_drg_mdc, hispanic_ind, publish_type) VALUES ('153', '2020-02-10', '2021309', '2021-09-30', '1784', 'O', '28', '1', '3', '1', 'S', '0', 'F', 'W', '900', '999999999', '4028', '35227191', '360', '0', '100.00', '0.00', '0.00', '0.00', '152', '0', '0000', 'N', 'CP');
INSERT INTO native_cdm_testing_premier.patcpt(pat_key, cpt_code, cpt_pos, proc_date, cpt_order_phy, cpt_order_phy_spec, cpt_proc_phy, cpt_proc_phy_spec, cpt_mod_code_1, cpt_mod_code_2, cpt_mod_code_3, cpt_mod_code_4) VALUES ('153', '81003', '1', NULL, '999999999', '900', '999999999', '900', '', '', '', '');
-- 154: HCPCS record not in procedure_occurrence table
INSERT INTO native_cdm_testing_premier.pat(pat_key, adm_date, disc_mon, disc_date, prov_id, i_o_ind, pat_type, point_of_origin, adm_type, disc_status, mart_status, age, gender, race, admphy_spec, adm_phy, attphy_spec, att_phy, std_payor, los, pat_charges, pat_cost, pat_fix_cost, pat_var_cost, medrec_key, ms_drg, ms_drg_mdc, hispanic_ind, publish_type) VALUES ('155', '2020-02-10', '2021309', '2021-09-30', '1784', 'O', '28', '1', '3', '1', 'S', '0', 'F', 'W', '900', '999999999', '4028', '35227191', '360', '0', '100.00', '0.00', '0.00', '0.00', '154', '0', '0000', 'N', 'CP');
INSERT INTO native_cdm_testing_premier.patcpt(pat_key, cpt_code, cpt_pos, proc_date, cpt_order_phy, cpt_order_phy_spec, cpt_proc_phy, cpt_proc_phy_spec, cpt_mod_code_1, cpt_mod_code_2, cpt_mod_code_3, cpt_mod_code_4) VALUES ('155', 'G0432', '1', NULL, '999999999', '900', '999999999', '900', '', '', '', '');
-- 156: STD_CHG_CODE measurement record not in procedure_occurrence table
INSERT INTO native_cdm_testing_premier.pat(pat_key, adm_date, disc_mon, disc_date, prov_id, i_o_ind, pat_type, point_of_origin, adm_type, disc_status, mart_status, age, gender, race, admphy_spec, adm_phy, attphy_spec, att_phy, std_payor, los, pat_charges, pat_cost, pat_fix_cost, pat_var_cost, medrec_key, ms_drg, ms_drg_mdc, hispanic_ind, publish_type) VALUES ('157', '2020-02-10', '2021309', '2021-09-30', '1784', 'O', '28', '1', '3', '1', 'S', '0', 'F', 'W', '900', '999999999', '4028', '35227191', '360', '0', '100.00', '0.00', '0.00', '0.00', '156', '0', '0000', 'N', 'CP');
INSERT INTO native_cdm_testing_premier.patbill(pat_key, std_chg_code, hosp_chg_id, serv_date, hosp_qty, std_qty, bill_charges, bill_cost, bill_var_cost, bill_fix_cost) VALUES ('157', 'NA', '133918884', NULL, '1.00', '1.00', '0.00', '0.00', '0.00', '0.00');
-- 158: ICD9CM measurement record not in procedure_occurrence table
INSERT INTO native_cdm_testing_premier.pat(pat_key, adm_date, disc_mon, disc_date, prov_id, i_o_ind, pat_type, point_of_origin, adm_type, disc_status, mart_status, age, gender, race, admphy_spec, adm_phy, attphy_spec, att_phy, std_payor, los, pat_charges, pat_cost, pat_fix_cost, pat_var_cost, medrec_key, ms_drg, ms_drg_mdc, hispanic_ind, publish_type) VALUES ('159', '2020-02-10', '2021309', '2021-09-30', '1784', 'O', '28', '1', '3', '1', 'S', '0', 'F', 'W', '900', '999999999', '4028', '35227191', '360', '0', '100.00', '0.00', '0.00', '0.00', '158', '0', '0000', 'N', 'CP');
INSERT INTO native_cdm_testing_premier.paticd_diag(pat_key, icd_version, icd_code, icd_pri_sec, icd_poa) VALUES ('159', '9', 'V85.42', 'S', '9');
-- 160: ICD10CM measurement record not in procedure_occurrence table
INSERT INTO native_cdm_testing_premier.pat(pat_key, adm_date, disc_mon, disc_date, prov_id, i_o_ind, pat_type, point_of_origin, adm_type, disc_status, mart_status, age, gender, race, admphy_spec, adm_phy, attphy_spec, att_phy, std_payor, los, pat_charges, pat_cost, pat_fix_cost, pat_var_cost, medrec_key, ms_drg, ms_drg_mdc, hispanic_ind, publish_type) VALUES ('161', '2020-02-10', '2021309', '2021-09-30', '1784', 'O', '28', '1', '3', '1', 'S', '0', 'F', 'W', '900', '999999999', '4028', '35227191', '360', '0', '100.00', '0.00', '0.00', '0.00', '160', '0', '0000', 'N', 'CP');
INSERT INTO native_cdm_testing_premier.paticd_diag(pat_key, icd_version, icd_code, icd_pri_sec, icd_poa) VALUES ('161', '10', 'Z68.3', 'S', '9');
-- 162: PATICD_PROC.ICD_PRI_SEC = P to procedure_type_concept_id = 44786630
INSERT INTO native_cdm_testing_premier.pat(pat_key, adm_date, disc_mon, disc_date, prov_id, i_o_ind, pat_type, point_of_origin, adm_type, disc_status, mart_status, age, gender, race, admphy_spec, adm_phy, attphy_spec, att_phy, std_payor, los, pat_charges, pat_cost, pat_fix_cost, pat_var_cost, medrec_key, ms_drg, ms_drg_mdc, hispanic_ind, publish_type) VALUES ('163', '2020-02-10', '2021309', '2021-09-30', '1784', 'O', '28', '1', '3', '1', 'S', '0', 'F', 'W', '900', '999999999', '4028', '35227191', '360', '0', '100.00', '0.00', '0.00', '0.00', '162', '0', '0000', 'N', 'CP');
INSERT INTO native_cdm_testing_premier.paticd_proc(pat_key, icd_version, icd_code, icd_pri_sec, proc_date, proc_phy, procphy_spec) VALUES ('163', '9', '86.28', 'P', NULL, '999999999', '900');
-- 164: PATICD_PROC.ICD_PRI_SEC = S to procedure_type_concept_id = 44786631
INSERT INTO native_cdm_testing_premier.pat(pat_key, adm_date, disc_mon, disc_date, prov_id, i_o_ind, pat_type, point_of_origin, adm_type, disc_status, mart_status, age, gender, race, admphy_spec, adm_phy, attphy_spec, att_phy, std_payor, los, pat_charges, pat_cost, pat_fix_cost, pat_var_cost, medrec_key, ms_drg, ms_drg_mdc, hispanic_ind, publish_type) VALUES ('165', '2020-02-10', '2021309', '2021-09-30', '1784', 'O', '28', '1', '3', '1', 'S', '0', 'F', 'W', '900', '999999999', '4028', '35227191', '360', '0', '100.00', '0.00', '0.00', '0.00', '164', '0', '0000', 'N', 'CP');
INSERT INTO native_cdm_testing_premier.paticd_proc(pat_key, icd_version, icd_code, icd_pri_sec, proc_date, proc_phy, procphy_spec) VALUES ('165', '9', '86.28', 'S', NULL, '999999999', '900');
-- 166: patbill.std_qty to condition_occurrence.quantity where std_chg_code maps to standard concept
INSERT INTO native_cdm_testing_premier.pat(pat_key, adm_date, disc_mon, disc_date, prov_id, i_o_ind, pat_type, point_of_origin, adm_type, disc_status, mart_status, age, gender, race, admphy_spec, adm_phy, attphy_spec, att_phy, std_payor, los, pat_charges, pat_cost, pat_fix_cost, pat_var_cost, medrec_key, ms_drg, ms_drg_mdc, hispanic_ind, publish_type) VALUES ('167', '2002-02-01', '2021309', '2002-02-01', '1784', 'O', '28', '1', '3', '1', 'S', '0', 'F', 'W', '900', '999999999', '4028', '35227191', '360', '0', '100.00', '0.00', '0.00', '0.00', '166', '0', '0000', 'N', 'CP');
INSERT INTO native_cdm_testing_premier.patbill(pat_key, std_chg_code, hosp_chg_id, serv_date, hosp_qty, std_qty, bill_charges, bill_cost, bill_var_cost, bill_fix_cost) VALUES ('167', 'NA', '133918884', NULL, '1.00', '3', '0.00', '0.00', '0.00', '0.00');
-- 168: patbill.std_qty to condition_occurrence.quantity where std_chg_code maps to 0
INSERT INTO native_cdm_testing_premier.pat(pat_key, adm_date, disc_mon, disc_date, prov_id, i_o_ind, pat_type, point_of_origin, adm_type, disc_status, mart_status, age, gender, race, admphy_spec, adm_phy, attphy_spec, att_phy, std_payor, los, pat_charges, pat_cost, pat_fix_cost, pat_var_cost, medrec_key, ms_drg, ms_drg_mdc, hispanic_ind, publish_type) VALUES ('169', '2002-02-01', '2021309', '2002-02-01', '1784', 'O', '28', '1', '3', '1', 'S', '0', 'F', 'W', '900', '999999999', '4028', '35227191', '360', '0', '100.00', '0.00', '0.00', '0.00', '168', '0', '0000', 'N', 'CP');
INSERT INTO native_cdm_testing_premier.patbill(pat_key, std_chg_code, hosp_chg_id, serv_date, hosp_qty, std_qty, bill_charges, bill_cost, bill_var_cost, bill_fix_cost) VALUES ('169', 'NA', '133918884', NULL, '1.00', '3', '0.00', '0.00', '0.00', '0.00');
-- 170: Procedure date at visit start + proc_day for records from PATICD_PROC
INSERT INTO native_cdm_testing_premier.pat(pat_key, adm_date, disc_mon, disc_date, prov_id, i_o_ind, pat_type, point_of_origin, adm_type, disc_status, mart_status, age, gender, race, admphy_spec, adm_phy, attphy_spec, att_phy, std_payor, los, pat_charges, pat_cost, pat_fix_cost, pat_var_cost, medrec_key, ms_drg, ms_drg_mdc, hispanic_ind, publish_type) VALUES ('171', '2014-10-01', '2021309', '2014-10-01', '1784', 'O', '28', '1', '3', '1', 'S', '0', 'F', 'W', '900', '999999999', '4028', '35227191', '360', '0', '100.00', '0.00', '0.00', '0.00', '170', '0', '0000', 'N', 'CP');
INSERT INTO native_cdm_testing_premier.patbill(pat_key, std_chg_code, hosp_chg_id, serv_date, hosp_qty, std_qty, bill_charges, bill_cost, bill_var_cost, bill_fix_cost) VALUES ('171', '110229000020000', '133918884', NULL, '1.00', '1.00', '0.00', '0.00', '0.00', '0.00');
INSERT INTO native_cdm_testing_premier.paticd_proc(pat_key, icd_version, icd_code, icd_pri_sec, proc_date, proc_phy, procphy_spec) VALUES ('171', '9', 'V43.7', 'S', NULL, '999999999', '900');
-- 172: PATICD_PROC procedure date > visit end, set procedure date = visit_end
INSERT INTO native_cdm_testing_premier.pat(pat_key, adm_date, disc_mon, disc_date, prov_id, i_o_ind, pat_type, point_of_origin, adm_type, disc_status, mart_status, age, gender, race, admphy_spec, adm_phy, attphy_spec, att_phy, std_payor, los, pat_charges, pat_cost, pat_fix_cost, pat_var_cost, medrec_key, ms_drg, ms_drg_mdc, hispanic_ind, publish_type) VALUES ('173', '2014-10-01', '2021309', '2014-10-01', '1784', 'O', '28', '1', '3', '1', 'S', '0', 'F', 'W', '900', '999999999', '4028', '35227191', '360', '0', '100.00', '0.00', '0.00', '0.00', '172', '0', '0000', 'N', 'CP');
INSERT INTO native_cdm_testing_premier.patbill(pat_key, std_chg_code, hosp_chg_id, serv_date, hosp_qty, std_qty, bill_charges, bill_cost, bill_var_cost, bill_fix_cost) VALUES ('173', '110229000020000', '133918884', NULL, '1.00', '1.00', '0.00', '0.00', '0.00', '0.00');
INSERT INTO native_cdm_testing_premier.paticd_proc(pat_key, icd_version, icd_code, icd_pri_sec, proc_date, proc_phy, procphy_spec) VALUES ('173', '9', 'V43.7', 'S', NULL, '999999999', '900');
-- 174: Creates good visit_occurrence records
INSERT INTO native_cdm_testing_premier.pat(pat_key, adm_date, disc_mon, disc_date, prov_id, i_o_ind, pat_type, point_of_origin, adm_type, disc_status, mart_status, age, gender, race, admphy_spec, adm_phy, attphy_spec, att_phy, std_payor, los, pat_charges, pat_cost, pat_fix_cost, pat_var_cost, medrec_key, ms_drg, ms_drg_mdc, hispanic_ind, publish_type) VALUES ('175', '2010-10-01', '2021309', '2010-10-01', '1784', 'O', '28', '1', '3', '1', 'S', '0', 'F', 'W', '900', '999999999', '4028', '35227191', '360', '0', '100.00', '0.00', '0.00', '0.00', '174', '0', '0000', 'N', 'CP');
INSERT INTO native_cdm_testing_premier.patbill(pat_key, std_chg_code, hosp_chg_id, serv_date, hosp_qty, std_qty, bill_charges, bill_cost, bill_var_cost, bill_fix_cost) VALUES ('175', '110229000020000', '133918884', NULL, '1.00', '1.00', '0.00', '0.00', '0.00', '0.00');
INSERT INTO native_cdm_testing_premier.pat(pat_key, adm_date, disc_mon, disc_date, prov_id, i_o_ind, pat_type, point_of_origin, adm_type, disc_status, mart_status, age, gender, race, admphy_spec, adm_phy, attphy_spec, att_phy, std_payor, los, pat_charges, pat_cost, pat_fix_cost, pat_var_cost, medrec_key, ms_drg, ms_drg_mdc, hispanic_ind, publish_type) VALUES ('176', '2010-10-01', '2021309', '2010-11-01', '1784', 'O', '28', '1', '3', '1', 'S', '0', 'F', 'W', '900', '999999999', '4028', '35227191', '360', '0', '100.00', '0.00', '0.00', '0.00', '174', '0', '0000', 'N', 'CP');
INSERT INTO native_cdm_testing_premier.patbill(pat_key, std_chg_code, hosp_chg_id, serv_date, hosp_qty, std_qty, bill_charges, bill_cost, bill_var_cost, bill_fix_cost) VALUES ('176', '110229000020000', '133918884', NULL, '1.00', '1.00', '0.00', '0.00', '0.00', '0.00');
INSERT INTO native_cdm_testing_premier.pat(pat_key, adm_date, disc_mon, disc_date, prov_id, i_o_ind, pat_type, point_of_origin, adm_type, disc_status, mart_status, age, gender, race, admphy_spec, adm_phy, attphy_spec, att_phy, std_payor, los, pat_charges, pat_cost, pat_fix_cost, pat_var_cost, medrec_key, ms_drg, ms_drg_mdc, hispanic_ind, publish_type) VALUES ('177', '2011-05-01', '2021309', '2011-05-01', '1784', 'O', '28', '1', '3', '1', 'S', '0', 'F', 'W', '900', '999999999', '4028', '35227191', '360', '0', '100.00', '0.00', '0.00', '0.00', '174', '0', '0000', 'N', 'CP');
INSERT INTO native_cdm_testing_premier.patbill(pat_key, std_chg_code, hosp_chg_id, serv_date, hosp_qty, std_qty, bill_charges, bill_cost, bill_var_cost, bill_fix_cost) VALUES ('177', '110229000020000', '133918884', NULL, '1.00', '1.00', '0.00', '0.00', '0.00', '0.00');
INSERT INTO native_cdm_testing_premier.pat(pat_key, adm_date, disc_mon, disc_date, prov_id, i_o_ind, pat_type, point_of_origin, adm_type, disc_status, mart_status, age, gender, race, admphy_spec, adm_phy, attphy_spec, att_phy, std_payor, los, pat_charges, pat_cost, pat_fix_cost, pat_var_cost, medrec_key, ms_drg, ms_drg_mdc, hispanic_ind, publish_type) VALUES ('178', '2011-05-01', '2021309', '2011-05-01', '1784', 'O', '28', '1', '3', '1', 'S', '0', 'F', 'W', '900', '999999999', '4028', '35227191', '360', '0', '100.00', '0.00', '0.00', '0.00', '174', '0', '0000', 'N', 'CP');
INSERT INTO native_cdm_testing_premier.patbill(pat_key, std_chg_code, hosp_chg_id, serv_date, hosp_qty, std_qty, bill_charges, bill_cost, bill_var_cost, bill_fix_cost) VALUES ('178', '110229000020000', '133918884', NULL, '1.00', '1.00', '0.00', '0.00', '0.00', '0.00');
-- 179: point_of_origin: 0 to admitting_source_concept_id: 8976
INSERT INTO native_cdm_testing_premier.pat(pat_key, adm_date, disc_mon, disc_date, prov_id, i_o_ind, pat_type, point_of_origin, adm_type, disc_status, mart_status, age, gender, race, admphy_spec, adm_phy, attphy_spec, att_phy, std_payor, los, pat_charges, pat_cost, pat_fix_cost, pat_var_cost, medrec_key, ms_drg, ms_drg_mdc, hispanic_ind, publish_type) VALUES ('180', '2020-02-10', '2021309', '2021-09-30', '1784', 'O', '28', '0', '3', '1', 'S', '0', 'F', 'W', '900', '999999999', '4028', '35227191', '360', '0', '100.00', '0.00', '0.00', '0.00', '179', '0', '0000', 'N', 'CP');
-- 181: point_of_origin: 1 to admitting_source_concept_id: 8844
INSERT INTO native_cdm_testing_premier.pat(pat_key, adm_date, disc_mon, disc_date, prov_id, i_o_ind, pat_type, point_of_origin, adm_type, disc_status, mart_status, age, gender, race, admphy_spec, adm_phy, attphy_spec, att_phy, std_payor, los, pat_charges, pat_cost, pat_fix_cost, pat_var_cost, medrec_key, ms_drg, ms_drg_mdc, hispanic_ind, publish_type) VALUES ('182', '2020-02-10', '2021309', '2021-09-30', '1784', 'O', '28', '1', '3', '1', 'S', '0', 'F', 'W', '900', '999999999', '4028', '35227191', '360', '0', '100.00', '0.00', '0.00', '0.00', '181', '0', '0000', 'N', 'CP');
-- 183: point_of_origin: 2 to admitting_source_concept_id: 8716
INSERT INTO native_cdm_testing_premier.pat(pat_key, adm_date, disc_mon, disc_date, prov_id, i_o_ind, pat_type, point_of_origin, adm_type, disc_status, mart_status, age, gender, race, admphy_spec, adm_phy, attphy_spec, att_phy, std_payor, los, pat_charges, pat_cost, pat_fix_cost, pat_var_cost, medrec_key, ms_drg, ms_drg_mdc, hispanic_ind, publish_type) VALUES ('184', '2020-02-10', '2021309', '2021-09-30', '1784', 'O', '28', '2', '3', '1', 'S', '0', 'F', 'W', '900', '999999999', '4028', '35227191', '360', '0', '100.00', '0.00', '0.00', '0.00', '183', '0', '0000', 'N', 'CP');
-- 185: point_of_origin: 3 to admitting_source_concept_id: 8844
INSERT INTO native_cdm_testing_premier.pat(pat_key, adm_date, disc_mon, disc_date, prov_id, i_o_ind, pat_type, point_of_origin, adm_type, disc_status, mart_status, age, gender, race, admphy_spec, adm_phy, attphy_spec, att_phy, std_payor, los, pat_charges, pat_cost, pat_fix_cost, pat_var_cost, medrec_key, ms_drg, ms_drg_mdc, hispanic_ind, publish_type) VALUES ('186', '2020-02-10', '2021309', '2021-09-30', '1784', 'O', '28', '3', '3', '1', 'S', '0', 'F', 'W', '900', '999999999', '4028', '35227191', '360', '0', '100.00', '0.00', '0.00', '0.00', '185', '0', '0000', 'N', 'CP');
-- 187: point_of_origin: 4 to admitting_source_concept_id: 8717
INSERT INTO native_cdm_testing_premier.pat(pat_key, adm_date, disc_mon, disc_date, prov_id, i_o_ind, pat_type, point_of_origin, adm_type, disc_status, mart_status, age, gender, race, admphy_spec, adm_phy, attphy_spec, att_phy, std_payor, los, pat_charges, pat_cost, pat_fix_cost, pat_var_cost, medrec_key, ms_drg, ms_drg_mdc, hispanic_ind, publish_type) VALUES ('188', '2020-02-10', '2021309', '2021-09-30', '1784', 'O', '28', '4', '3', '1', 'S', '0', 'F', 'W', '900', '999999999', '4028', '35227191', '360', '0', '100.00', '0.00', '0.00', '0.00', '187', '0', '0000', 'N', 'CP');
-- 189: point_of_origin: 45 to admitting_source_concept_id: 581384
INSERT INTO native_cdm_testing_premier.pat(pat_key, adm_date, disc_mon, disc_date, prov_id, i_o_ind, pat_type, point_of_origin, adm_type, disc_status, mart_status, age, gender, race, admphy_spec, adm_phy, attphy_spec, att_phy, std_payor, los, pat_charges, pat_cost, pat_fix_cost, pat_var_cost, medrec_key, ms_drg, ms_drg_mdc, hispanic_ind, publish_type) VALUES ('190', '2020-02-10', '2021309', '2021-09-30', '1784', 'O', '28', '45', '3', '1', 'S', '0', 'F', 'W', '900', '999999999', '4028', '35227191', '360', '0', '100.00', '0.00', '0.00', '0.00', '189', '0', '0000', 'N', 'CP');
-- 191: point_of_origin: 46 to admitting_source_concept_id: 8650
INSERT INTO native_cdm_testing_premier.pat(pat_key, adm_date, disc_mon, disc_date, prov_id, i_o_ind, pat_type, point_of_origin, adm_type, disc_status, mart_status, age, gender, race, admphy_spec, adm_phy, attphy_spec, att_phy, std_payor, los, pat_charges, pat_cost, pat_fix_cost, pat_var_cost, medrec_key, ms_drg, ms_drg_mdc, hispanic_ind, publish_type) VALUES ('192', '2020-02-10', '2021309', '2021-09-30', '1784', 'O', '28', '46', '3', '1', 'S', '0', 'F', 'W', '900', '999999999', '4028', '35227191', '360', '0', '100.00', '0.00', '0.00', '0.00', '191', '0', '0000', 'N', 'CP');
-- 193: point_of_origin: 5 to admitting_source_concept_id: 8863
INSERT INTO native_cdm_testing_premier.pat(pat_key, adm_date, disc_mon, disc_date, prov_id, i_o_ind, pat_type, point_of_origin, adm_type, disc_status, mart_status, age, gender, race, admphy_spec, adm_phy, attphy_spec, att_phy, std_payor, los, pat_charges, pat_cost, pat_fix_cost, pat_var_cost, medrec_key, ms_drg, ms_drg_mdc, hispanic_ind, publish_type) VALUES ('194', '2020-02-10', '2021309', '2021-09-30', '1784', 'O', '28', '5', '3', '1', 'S', '0', 'F', 'W', '900', '999999999', '4028', '35227191', '360', '0', '100.00', '0.00', '0.00', '0.00', '193', '0', '0000', 'N', 'CP');
-- 195: point_of_origin: 6 to admitting_source_concept_id: 8844
INSERT INTO native_cdm_testing_premier.pat(pat_key, adm_date, disc_mon, disc_date, prov_id, i_o_ind, pat_type, point_of_origin, adm_type, disc_status, mart_status, age, gender, race, admphy_spec, adm_phy, attphy_spec, att_phy, std_payor, los, pat_charges, pat_cost, pat_fix_cost, pat_var_cost, medrec_key, ms_drg, ms_drg_mdc, hispanic_ind, publish_type) VALUES ('196', '2020-02-10', '2021309', '2021-09-30', '1784', 'O', '28', '6', '3', '1', 'S', '0', 'F', 'W', '900', '999999999', '4028', '35227191', '360', '0', '100.00', '0.00', '0.00', '0.00', '195', '0', '0000', 'N', 'CP');
-- 197: point_of_origin: 7 to admitting_source_concept_id: 8870
INSERT INTO native_cdm_testing_premier.pat(pat_key, adm_date, disc_mon, disc_date, prov_id, i_o_ind, pat_type, point_of_origin, adm_type, disc_status, mart_status, age, gender, race, admphy_spec, adm_phy, attphy_spec, att_phy, std_payor, los, pat_charges, pat_cost, pat_fix_cost, pat_var_cost, medrec_key, ms_drg, ms_drg_mdc, hispanic_ind, publish_type) VALUES ('198', '2020-02-10', '2021309', '2021-09-30', '1784', 'O', '28', '7', '3', '1', 'S', '0', 'F', 'W', '900', '999999999', '4028', '35227191', '360', '0', '100.00', '0.00', '0.00', '0.00', '197', '0', '0000', 'N', 'CP');
-- 199: point_of_origin: 8 to admitting_source_concept_id: 8844
INSERT INTO native_cdm_testing_premier.pat(pat_key, adm_date, disc_mon, disc_date, prov_id, i_o_ind, pat_type, point_of_origin, adm_type, disc_status, mart_status, age, gender, race, admphy_spec, adm_phy, attphy_spec, att_phy, std_payor, los, pat_charges, pat_cost, pat_fix_cost, pat_var_cost, medrec_key, ms_drg, ms_drg_mdc, hispanic_ind, publish_type) VALUES ('200', '2020-02-10', '2021309', '2021-09-30', '1784', 'O', '28', '8', '3', '1', 'S', '0', 'F', 'W', '900', '999999999', '4028', '35227191', '360', '0', '100.00', '0.00', '0.00', '0.00', '199', '0', '0000', 'N', 'CP');
-- 201: point_of_origin: 9 to admitting_source_concept_id: 8844
INSERT INTO native_cdm_testing_premier.pat(pat_key, adm_date, disc_mon, disc_date, prov_id, i_o_ind, pat_type, point_of_origin, adm_type, disc_status, mart_status, age, gender, race, admphy_spec, adm_phy, attphy_spec, att_phy, std_payor, los, pat_charges, pat_cost, pat_fix_cost, pat_var_cost, medrec_key, ms_drg, ms_drg_mdc, hispanic_ind, publish_type) VALUES ('202', '2020-02-10', '2021309', '2021-09-30', '1784', 'O', '28', '9', '3', '1', 'S', '0', 'F', 'W', '900', '999999999', '4028', '35227191', '360', '0', '100.00', '0.00', '0.00', '0.00', '201', '0', '0000', 'N', 'CP');
-- 203: point_of_origin: A to admitting_source_concept_id: 8761
INSERT INTO native_cdm_testing_premier.pat(pat_key, adm_date, disc_mon, disc_date, prov_id, i_o_ind, pat_type, point_of_origin, adm_type, disc_status, mart_status, age, gender, race, admphy_spec, adm_phy, attphy_spec, att_phy, std_payor, los, pat_charges, pat_cost, pat_fix_cost, pat_var_cost, medrec_key, ms_drg, ms_drg_mdc, hispanic_ind, publish_type) VALUES ('204', '2020-02-10', '2021309', '2021-09-30', '1784', 'O', '28', 'A', '3', '1', 'S', '0', 'F', 'W', '900', '999999999', '4028', '35227191', '360', '0', '100.00', '0.00', '0.00', '0.00', '203', '0', '0000', 'N', 'CP');
-- 205: point_of_origin: B to admitting_source_concept_id: 8536
INSERT INTO native_cdm_testing_premier.pat(pat_key, adm_date, disc_mon, disc_date, prov_id, i_o_ind, pat_type, point_of_origin, adm_type, disc_status, mart_status, age, gender, race, admphy_spec, adm_phy, attphy_spec, att_phy, std_payor, los, pat_charges, pat_cost, pat_fix_cost, pat_var_cost, medrec_key, ms_drg, ms_drg_mdc, hispanic_ind, publish_type) VALUES ('206', '2020-02-10', '2021309', '2021-09-30', '1784', 'O', '28', 'B', '3', '1', 'S', '0', 'F', 'W', '900', '999999999', '4028', '35227191', '360', '0', '100.00', '0.00', '0.00', '0.00', '205', '0', '0000', 'N', 'CP');
-- 207: point_of_origin: C to admitting_source_concept_id: 8536
INSERT INTO native_cdm_testing_premier.pat(pat_key, adm_date, disc_mon, disc_date, prov_id, i_o_ind, pat_type, point_of_origin, adm_type, disc_status, mart_status, age, gender, race, admphy_spec, adm_phy, attphy_spec, att_phy, std_payor, los, pat_charges, pat_cost, pat_fix_cost, pat_var_cost, medrec_key, ms_drg, ms_drg_mdc, hispanic_ind, publish_type) VALUES ('208', '2020-02-10', '2021309', '2021-09-30', '1784', 'O', '28', 'C', '3', '1', 'S', '0', 'F', 'W', '900', '999999999', '4028', '35227191', '360', '0', '100.00', '0.00', '0.00', '0.00', '207', '0', '0000', 'N', 'CP');
-- 209: point_of_origin: D to admitting_source_concept_id: 8717
INSERT INTO native_cdm_testing_premier.pat(pat_key, adm_date, disc_mon, disc_date, prov_id, i_o_ind, pat_type, point_of_origin, adm_type, disc_status, mart_status, age, gender, race, admphy_spec, adm_phy, attphy_spec, att_phy, std_payor, los, pat_charges, pat_cost, pat_fix_cost, pat_var_cost, medrec_key, ms_drg, ms_drg_mdc, hispanic_ind, publish_type) VALUES ('210', '2020-02-10', '2021309', '2021-09-30', '1784', 'O', '28', 'D', '3', '1', 'S', '0', 'F', 'W', '900', '999999999', '4028', '35227191', '360', '0', '100.00', '0.00', '0.00', '0.00', '209', '0', '0000', 'N', 'CP');
-- 211: point_of_origin: E to admitting_source_concept_id: 8883
INSERT INTO native_cdm_testing_premier.pat(pat_key, adm_date, disc_mon, disc_date, prov_id, i_o_ind, pat_type, point_of_origin, adm_type, disc_status, mart_status, age, gender, race, admphy_spec, adm_phy, attphy_spec, att_phy, std_payor, los, pat_charges, pat_cost, pat_fix_cost, pat_var_cost, medrec_key, ms_drg, ms_drg_mdc, hispanic_ind, publish_type) VALUES ('212', '2020-02-10', '2021309', '2021-09-30', '1784', 'O', '28', 'E', '3', '1', 'S', '0', 'F', 'W', '900', '999999999', '4028', '35227191', '360', '0', '100.00', '0.00', '0.00', '0.00', '211', '0', '0000', 'N', 'CP');
-- 213: point_of_origin: F to admitting_source_concept_id: 8546
INSERT INTO native_cdm_testing_premier.pat(pat_key, adm_date, disc_mon, disc_date, prov_id, i_o_ind, pat_type, point_of_origin, adm_type, disc_status, mart_status, age, gender, race, admphy_spec, adm_phy, attphy_spec, att_phy, std_payor, los, pat_charges, pat_cost, pat_fix_cost, pat_var_cost, medrec_key, ms_drg, ms_drg_mdc, hispanic_ind, publish_type) VALUES ('214', '2020-02-10', '2021309', '2021-09-30', '1784', 'O', '28', 'F', '3', '1', 'S', '0', 'F', 'W', '900', '999999999', '4028', '35227191', '360', '0', '100.00', '0.00', '0.00', '0.00', '213', '0', '0000', 'N', 'CP');
-- 215: ER-to-inpatient stay, pat.adm_date<=2010-06-01
INSERT INTO native_cdm_testing_premier.pat(pat_key, adm_date, disc_mon, disc_date, prov_id, i_o_ind, pat_type, point_of_origin, adm_type, disc_status, mart_status, age, gender, race, admphy_spec, adm_phy, attphy_spec, att_phy, std_payor, los, pat_charges, pat_cost, pat_fix_cost, pat_var_cost, medrec_key, ms_drg, ms_drg_mdc, hispanic_ind, publish_type) VALUES ('216', '2005-01-01', '2021309', '2021-09-30', '1784', 'I', '28', '1', '3', '1', 'S', '0', 'F', 'W', '900', '999999999', '4028', '35227191', '360', '0', '100.00', '0.00', '0.00', '0.00', '215', '0', '0000', 'N', 'CP');
-- 217: ER-to-inpatient stay, pat.adm_date>=2010-07-01
INSERT INTO native_cdm_testing_premier.pat(pat_key, adm_date, disc_mon, disc_date, prov_id, i_o_ind, pat_type, point_of_origin, adm_type, disc_status, mart_status, age, gender, race, admphy_spec, adm_phy, attphy_spec, att_phy, std_payor, los, pat_charges, pat_cost, pat_fix_cost, pat_var_cost, medrec_key, ms_drg, ms_drg_mdc, hispanic_ind, publish_type) VALUES ('218', '2013-01-01', '2021309', '2021-09-30', '1784', 'I', '28', '7', '3', '1', 'S', '0', 'F', 'W', '900', '999999999', '4028', '35227191', '360', '0', '100.00', '0.00', '0.00', '0.00', '217', '0', '0000', 'N', 'CP');