TRUNCATE TABLE optum_panther_ehr_tests_native.onc_histology_seer;
TRUNCATE TABLE optum_panther_ehr_tests_native.onc_metastatic_location;
TRUNCATE TABLE optum_panther_ehr_tests_native.visit_relationship;
TRUNCATE TABLE optum_panther_ehr_tests_native.onc_neoplasm_histology;
TRUNCATE TABLE optum_panther_ehr_tests_native.medication_administrations;
TRUNCATE TABLE optum_panther_ehr_tests_native.cost_factor;
TRUNCATE TABLE optum_panther_ehr_tests_native.observations;
TRUNCATE TABLE optum_panther_ehr_tests_native.labs;
TRUNCATE TABLE optum_panther_ehr_tests_native.nlp_sds;
TRUNCATE TABLE optum_panther_ehr_tests_native.onc_lymph_node;
TRUNCATE TABLE optum_panther_ehr_tests_native.visit;
TRUNCATE TABLE optum_panther_ehr_tests_native.onc_margin;
TRUNCATE TABLE optum_panther_ehr_tests_native.onc_tumor_grade;
TRUNCATE TABLE optum_panther_ehr_tests_native.patient_reported_medications;
TRUNCATE TABLE optum_panther_ehr_tests_native.onc_stage;
TRUNCATE TABLE optum_panther_ehr_tests_native.care_area;
TRUNCATE TABLE optum_panther_ehr_tests_native.onc_tumor_progression;
TRUNCATE TABLE optum_panther_ehr_tests_native.onc_evaluation_system;
TRUNCATE TABLE optum_panther_ehr_tests_native.procedure;
TRUNCATE TABLE optum_panther_ehr_tests_native.nlp_biomarkers;
TRUNCATE TABLE optum_panther_ehr_tests_native.immunizations;
TRUNCATE TABLE optum_panther_ehr_tests_native.onc_characteristic;
TRUNCATE TABLE optum_panther_ehr_tests_native.patient;
TRUNCATE TABLE optum_panther_ehr_tests_native.insurance;
TRUNCATE TABLE optum_panther_ehr_tests_native.encounter;
TRUNCATE TABLE optum_panther_ehr_tests_native.nlp_targeted;
TRUNCATE TABLE optum_panther_ehr_tests_native.encounter_provider;
TRUNCATE TABLE optum_panther_ehr_tests_native.onc_problem;
TRUNCATE TABLE optum_panther_ehr_tests_native.onc_treatment_response;
TRUNCATE TABLE optum_panther_ehr_tests_native.provider;
TRUNCATE TABLE optum_panther_ehr_tests_native.onc_lines_of_therapy;
TRUNCATE TABLE optum_panther_ehr_tests_native.onc_tumor_node_metastasis;
TRUNCATE TABLE optum_panther_ehr_tests_native.onc_medication;
TRUNCATE TABLE optum_panther_ehr_tests_native.microbiology;
TRUNCATE TABLE optum_panther_ehr_tests_native.diagnosis;
TRUNCATE TABLE optum_panther_ehr_tests_native.onc_biomarker;
TRUNCATE TABLE optum_panther_ehr_tests_native._version;
TRUNCATE TABLE optum_panther_ehr_tests_native.allergy;
TRUNCATE TABLE optum_panther_ehr_tests_native.nlp_measurement;
TRUNCATE TABLE optum_panther_ehr_tests_native.nlp_drug_rationale;
TRUNCATE TABLE optum_panther_ehr_tests_native.nlp_sds_family;
TRUNCATE TABLE optum_panther_ehr_tests_native.onc_tumor_size;
TRUNCATE TABLE optum_panther_ehr_tests_native.prescriptions_written;
-- 1: Test diag_date to condition_start_date
INSERT INTO optum_panther_ehr_tests_native.patient(ptid, birth_yr, gender, race, ethnicity, region, division, avg_hh_income, pct_college_educ, deceased_indicator, date_of_death, provid_pcp, idn_indicator, first_month_active, last_month_active, notes_eligible, has_notes, sourceid, source_data_through) VALUES ('PT1', '1950', 'Male', 'Caucasian', 'Not Hispanic', 'Midwest', 'East North Central', '', '', '0', '      ', '', '1', '200701', '201001', '1', 'Y', 'S0115', '202206');
INSERT INTO optum_panther_ehr_tests_native.diagnosis(ptid, encid, diag_date, diag_time, diagnosis_cd, diagnosis_cd_type, diagnosis_status, poa, admitting_diagnosis, discharge_diagnosis, primary_diagnosis, problem_list, sourceid) VALUES ('PT1', '', '2009-01-01', '04:00:00', '7061', 'ICD9', 'Diagnosis of', '0', '0', '0', '0', 'N', 'S0115');
-- 2: Test diagnosis code type ICD9
INSERT INTO optum_panther_ehr_tests_native.patient(ptid, birth_yr, gender, race, ethnicity, region, division, avg_hh_income, pct_college_educ, deceased_indicator, date_of_death, provid_pcp, idn_indicator, first_month_active, last_month_active, notes_eligible, has_notes, sourceid, source_data_through) VALUES ('PT2', '1950', 'Male', 'Caucasian', 'Not Hispanic', 'Midwest', 'East North Central', '', '', '0', '      ', '', '1', '200701', '201001', '1', 'Y', 'S0115', '202206');
INSERT INTO optum_panther_ehr_tests_native.diagnosis(ptid, encid, diag_date, diag_time, diagnosis_cd, diagnosis_cd_type, diagnosis_status, poa, admitting_diagnosis, discharge_diagnosis, primary_diagnosis, problem_list, sourceid) VALUES ('PT2', '', '2009-01-01', '04:00:00', '7061', 'ICD9', 'Diagnosis of', '0', '0', '0', '0', 'N', 'S0115');
-- 4: Test diagnosis code type ICD10
INSERT INTO optum_panther_ehr_tests_native.patient(ptid, birth_yr, gender, race, ethnicity, region, division, avg_hh_income, pct_college_educ, deceased_indicator, date_of_death, provid_pcp, idn_indicator, first_month_active, last_month_active, notes_eligible, has_notes, sourceid, source_data_through) VALUES ('PT4', '1950', 'Male', 'Caucasian', 'Not Hispanic', 'Midwest', 'East North Central', '', '', '0', '      ', '', '1', '200701', '201001', '1', 'Y', 'S0115', '202206');
INSERT INTO optum_panther_ehr_tests_native.diagnosis(ptid, encid, diag_date, diag_time, diagnosis_cd, diagnosis_cd_type, diagnosis_status, poa, admitting_diagnosis, discharge_diagnosis, primary_diagnosis, problem_list, sourceid) VALUES ('PT4', '', '2009-01-01', '04:00:00', 'H44611', 'ICD10', 'Diagnosis of', '0', '0', '0', '0', 'N', 'S0115');
-- 6: Test primary admission diagnosis to condition_status_concept_id
INSERT INTO optum_panther_ehr_tests_native.patient(ptid, birth_yr, gender, race, ethnicity, region, division, avg_hh_income, pct_college_educ, deceased_indicator, date_of_death, provid_pcp, idn_indicator, first_month_active, last_month_active, notes_eligible, has_notes, sourceid, source_data_through) VALUES ('PT6', '1950', 'Male', 'Caucasian', 'Not Hispanic', 'Midwest', 'East North Central', '', '', '0', '      ', '', '1', '200701', '201001', '1', 'Y', 'S0115', '202206');
INSERT INTO optum_panther_ehr_tests_native.diagnosis(ptid, encid, diag_date, diag_time, diagnosis_cd, diagnosis_cd_type, diagnosis_status, poa, admitting_diagnosis, discharge_diagnosis, primary_diagnosis, problem_list, sourceid) VALUES ('PT6', '', '2009-01-01', '04:00:00', '7061', 'ICD9', 'Diagnosis of', '0', '1', '0', '1', 'N', 'S0115');
-- 8: Test primary diagnosis to condition_status_concept_id
INSERT INTO optum_panther_ehr_tests_native.patient(ptid, birth_yr, gender, race, ethnicity, region, division, avg_hh_income, pct_college_educ, deceased_indicator, date_of_death, provid_pcp, idn_indicator, first_month_active, last_month_active, notes_eligible, has_notes, sourceid, source_data_through) VALUES ('PT8', '1950', 'Male', 'Caucasian', 'Not Hispanic', 'Midwest', 'East North Central', '', '', '0', '      ', '', '1', '200701', '201001', '1', 'Y', 'S0115', '202206');
INSERT INTO optum_panther_ehr_tests_native.diagnosis(ptid, encid, diag_date, diag_time, diagnosis_cd, diagnosis_cd_type, diagnosis_status, poa, admitting_diagnosis, discharge_diagnosis, primary_diagnosis, problem_list, sourceid) VALUES ('PT8', '', '2009-01-01', '04:00:00', '7061', 'ICD9', 'Diagnosis of', '0', '0', '0', '1', 'N', 'S0115');
-- 10: Test primary discharge diagnosis to condition_status_concept_id
INSERT INTO optum_panther_ehr_tests_native.patient(ptid, birth_yr, gender, race, ethnicity, region, division, avg_hh_income, pct_college_educ, deceased_indicator, date_of_death, provid_pcp, idn_indicator, first_month_active, last_month_active, notes_eligible, has_notes, sourceid, source_data_through) VALUES ('PT10', '1950', 'Male', 'Caucasian', 'Not Hispanic', 'Midwest', 'East North Central', '', '', '0', '      ', '', '1', '200701', '201001', '1', 'Y', 'S0115', '202206');
INSERT INTO optum_panther_ehr_tests_native.diagnosis(ptid, encid, diag_date, diag_time, diagnosis_cd, diagnosis_cd_type, diagnosis_status, poa, admitting_diagnosis, discharge_diagnosis, primary_diagnosis, problem_list, sourceid) VALUES ('PT10', '', '2009-01-01', '04:00:00', '7061', 'ICD9', 'Diagnosis of', '0', '0', '1', '1', 'N', 'S0115');
-- 12: Test preliminary or primary discharge diagnosis to condition_status_concept_id, should be preliminary diagnosis
INSERT INTO optum_panther_ehr_tests_native.patient(ptid, birth_yr, gender, race, ethnicity, region, division, avg_hh_income, pct_college_educ, deceased_indicator, date_of_death, provid_pcp, idn_indicator, first_month_active, last_month_active, notes_eligible, has_notes, sourceid, source_data_through) VALUES ('PT12', '1950', 'Male', 'Caucasian', 'Not Hispanic', 'Midwest', 'East North Central', '', '', '0', '      ', '', '1', '200701', '201001', '1', 'Y', 'S0115', '202206');
INSERT INTO optum_panther_ehr_tests_native.diagnosis(ptid, encid, diag_date, diag_time, diagnosis_cd, diagnosis_cd_type, diagnosis_status, poa, admitting_diagnosis, discharge_diagnosis, primary_diagnosis, problem_list, sourceid) VALUES ('PT12', '', '2009-01-01', '04:00:00', '7061', 'ICD9', 'Possible diagnosis of', '0', '0', '1', '1', 'N', 'S0115');
-- 14: Test preliminary or primary diagnosis to condition_status_concept_id, should be preliminary diagnosis
INSERT INTO optum_panther_ehr_tests_native.patient(ptid, birth_yr, gender, race, ethnicity, region, division, avg_hh_income, pct_college_educ, deceased_indicator, date_of_death, provid_pcp, idn_indicator, first_month_active, last_month_active, notes_eligible, has_notes, sourceid, source_data_through) VALUES ('PT14', '1950', 'Male', 'Caucasian', 'Not Hispanic', 'Midwest', 'East North Central', '', '', '0', '      ', '', '1', '200701', '201001', '1', 'Y', 'S0115', '202206');
INSERT INTO optum_panther_ehr_tests_native.diagnosis(ptid, encid, diag_date, diag_time, diagnosis_cd, diagnosis_cd_type, diagnosis_status, poa, admitting_diagnosis, discharge_diagnosis, primary_diagnosis, problem_list, sourceid) VALUES ('PT14', '', '2009-01-01', '04:00:00', '7061', 'ICD9', 'Possible diagnosis of', '0', '0', '0', '1', 'N', 'S0115');
-- 16: diagnosis_status = History of and primary diagnosis, record moved to Observation
INSERT INTO optum_panther_ehr_tests_native.patient(ptid, birth_yr, gender, race, ethnicity, region, division, avg_hh_income, pct_college_educ, deceased_indicator, date_of_death, provid_pcp, idn_indicator, first_month_active, last_month_active, notes_eligible, has_notes, sourceid, source_data_through) VALUES ('PT16', '1950', 'Male', 'Caucasian', 'Not Hispanic', 'Midwest', 'East North Central', '', '', '0', '      ', '', '1', '200701', '201001', '1', 'Y', 'S0115', '202206');
INSERT INTO optum_panther_ehr_tests_native.diagnosis(ptid, encid, diag_date, diag_time, diagnosis_cd, diagnosis_cd_type, diagnosis_status, poa, admitting_diagnosis, discharge_diagnosis, primary_diagnosis, problem_list, sourceid) VALUES ('PT16', '', '2009-01-01', '04:00:00', '7061', 'ICD9', 'History of', '0', '0', '0', '1', 'N', 'S0115');
-- 18: diagnosis_status = History of and primary discharge diagnosis, record moved to Observation
INSERT INTO optum_panther_ehr_tests_native.patient(ptid, birth_yr, gender, race, ethnicity, region, division, avg_hh_income, pct_college_educ, deceased_indicator, date_of_death, provid_pcp, idn_indicator, first_month_active, last_month_active, notes_eligible, has_notes, sourceid, source_data_through) VALUES ('PT18', '1950', 'Male', 'Caucasian', 'Not Hispanic', 'Midwest', 'East North Central', '', '', '0', '      ', '', '1', '200701', '201001', '1', 'Y', 'S0115', '202206');
INSERT INTO optum_panther_ehr_tests_native.diagnosis(ptid, encid, diag_date, diag_time, diagnosis_cd, diagnosis_cd_type, diagnosis_status, poa, admitting_diagnosis, discharge_diagnosis, primary_diagnosis, problem_list, sourceid) VALUES ('PT18', '', '2009-01-01', '04:00:00', '7061', 'ICD9', 'History of', '0', '0', '1', '1', 'N', 'S0115');
-- 20: Test admission diagnosis to condition_status_concept_id
INSERT INTO optum_panther_ehr_tests_native.patient(ptid, birth_yr, gender, race, ethnicity, region, division, avg_hh_income, pct_college_educ, deceased_indicator, date_of_death, provid_pcp, idn_indicator, first_month_active, last_month_active, notes_eligible, has_notes, sourceid, source_data_through) VALUES ('PT20', '1950', 'Male', 'Caucasian', 'Not Hispanic', 'Midwest', 'East North Central', '', '', '0', '      ', '', '1', '200701', '201001', '1', 'Y', 'S0115', '202206');
INSERT INTO optum_panther_ehr_tests_native.diagnosis(ptid, encid, diag_date, diag_time, diagnosis_cd, diagnosis_cd_type, diagnosis_status, poa, admitting_diagnosis, discharge_diagnosis, primary_diagnosis, problem_list, sourceid) VALUES ('PT20', '', '2009-01-01', '04:00:00', '7061', 'ICD9', 'Diagnosis of', '0', '1', '0', '0', 'N', 'S0115');
-- 22: Test discharge diagnosis to condition_status_concept_id
INSERT INTO optum_panther_ehr_tests_native.patient(ptid, birth_yr, gender, race, ethnicity, region, division, avg_hh_income, pct_college_educ, deceased_indicator, date_of_death, provid_pcp, idn_indicator, first_month_active, last_month_active, notes_eligible, has_notes, sourceid, source_data_through) VALUES ('PT22', '1950', 'Male', 'Caucasian', 'Not Hispanic', 'Midwest', 'East North Central', '', '', '0', '      ', '', '1', '200701', '201001', '1', 'Y', 'S0115', '202206');
INSERT INTO optum_panther_ehr_tests_native.diagnosis(ptid, encid, diag_date, diag_time, diagnosis_cd, diagnosis_cd_type, diagnosis_status, poa, admitting_diagnosis, discharge_diagnosis, primary_diagnosis, problem_list, sourceid) VALUES ('PT22', '', '2009-01-01', '04:00:00', '7061', 'ICD9', 'Diagnosis of', '0', '0', '1', '0', 'N', 'S0115');
-- 24: Test diagnosis code with wrong diagnosis code type
INSERT INTO optum_panther_ehr_tests_native.patient(ptid, birth_yr, gender, race, ethnicity, region, division, avg_hh_income, pct_college_educ, deceased_indicator, date_of_death, provid_pcp, idn_indicator, first_month_active, last_month_active, notes_eligible, has_notes, sourceid, source_data_through) VALUES ('PT24', '1950', 'Male', 'Caucasian', 'Not Hispanic', 'Midwest', 'East North Central', '', '', '0', '      ', '', '1', '200701', '201001', '1', 'Y', 'S0115', '202206');
INSERT INTO optum_panther_ehr_tests_native.diagnosis(ptid, encid, diag_date, diag_time, diagnosis_cd, diagnosis_cd_type, diagnosis_status, poa, admitting_diagnosis, discharge_diagnosis, primary_diagnosis, problem_list, sourceid) VALUES ('PT24', '', '2009-01-01', '04:00:00', '44786629', 'ICD9', 'Diagnosis of', '0', '0', '0', '0', 'N', 'S0115');
-- 26: Test blank diagnosis code
INSERT INTO optum_panther_ehr_tests_native.patient(ptid, birth_yr, gender, race, ethnicity, region, division, avg_hh_income, pct_college_educ, deceased_indicator, date_of_death, provid_pcp, idn_indicator, first_month_active, last_month_active, notes_eligible, has_notes, sourceid, source_data_through) VALUES ('PT26', '1950', 'Male', 'Caucasian', 'Not Hispanic', 'Midwest', 'East North Central', '', '', '0', '      ', '', '1', '200701', '201001', '1', 'Y', 'S0115', '202206');
INSERT INTO optum_panther_ehr_tests_native.diagnosis(ptid, encid, diag_date, diag_time, diagnosis_cd, diagnosis_cd_type, diagnosis_status, poa, admitting_diagnosis, discharge_diagnosis, primary_diagnosis, problem_list, sourceid) VALUES ('PT26', '', '2009-01-01', '04:00:00', NULL, NULL, 'Diagnosis of', '0', '0', '0', '0', 'N', 'S0115');
-- 28: Test HCPCS derived condition coming from procedure table
INSERT INTO optum_panther_ehr_tests_native.patient(ptid, birth_yr, gender, race, ethnicity, region, division, avg_hh_income, pct_college_educ, deceased_indicator, date_of_death, provid_pcp, idn_indicator, first_month_active, last_month_active, notes_eligible, has_notes, sourceid, source_data_through) VALUES ('PT28', '1950', 'Male', 'Caucasian', 'Not Hispanic', 'Midwest', 'East North Central', '', '', '0', '      ', '', '1', '200701', '201001', '1', 'Y', 'S0115', '202206');
INSERT INTO optum_panther_ehr_tests_native.procedure(ptid, encid, proc_date, proc_time, proc_code, proc_desc, proc_code_type, provid_perform, provid_order, betos_code, betos_desc, sourceid) VALUES ('PT28', '', '2009-01-01', '04:00:00', 'G9312', '', 'HCPCS', '', '', '', '', 'S0115');
-- 29: Patient is indicated dead by date_of_death. Their death date is the last day of the month.
INSERT INTO optum_panther_ehr_tests_native.patient(ptid, birth_yr, gender, race, ethnicity, region, division, avg_hh_income, pct_college_educ, deceased_indicator, date_of_death, provid_pcp, idn_indicator, first_month_active, last_month_active, notes_eligible, has_notes, sourceid, source_data_through) VALUES ('PT29', '1933 and Earlier', 'Female', 'Caucasian', 'Not Hispanic', 'Midwest', 'East North Central', '', '', '1', '201404', '', '1', '200601', '202206', '1', 'Y', 'S0115', '202206');
INSERT INTO optum_panther_ehr_tests_native.encounter(ptid, visitid, encid, interaction_type, interaction_date, interaction_time, academic_community_flag, sourceid) VALUES ('PT29', '', 'E000030', 'Other patient type', '2014-04-30', '04:00:00', 'U', 'S0115');
-- 32: Patient has diagnosis data occurring data occurring exactly 30 days after death event. Expected result: dead
INSERT INTO optum_panther_ehr_tests_native.patient(ptid, birth_yr, gender, race, ethnicity, region, division, avg_hh_income, pct_college_educ, deceased_indicator, date_of_death, provid_pcp, idn_indicator, first_month_active, last_month_active, notes_eligible, has_notes, sourceid, source_data_through) VALUES ('PT32', '1933 and Earlier', 'Female', 'Caucasian', 'Not Hispanic', 'Midwest', 'East North Central', '', '', '1', '201404', '', '1', '200601', '202206', '1', 'Y', 'S0115', '202206');
INSERT INTO optum_panther_ehr_tests_native.encounter(ptid, visitid, encid, interaction_type, interaction_date, interaction_time, academic_community_flag, sourceid) VALUES ('PT32', '34', 'E000033', 'Other patient type', '2014-05-30', '04:00:00', 'U', 'S0115');
INSERT INTO optum_panther_ehr_tests_native.diagnosis(ptid, encid, diag_date, diag_time, diagnosis_cd, diagnosis_cd_type, diagnosis_status, poa, admitting_diagnosis, discharge_diagnosis, primary_diagnosis, problem_list, sourceid) VALUES ('PT32', 'E000033', '2014-05-30', '04:00:00', '7061', 'ICD9', 'Diagnosis of', '0', '0', '0', '0', 'N', 'S0115');
-- 35: Patient has encounter data occurring data occurring exactly 30 days after death event. Expected result: dead
INSERT INTO optum_panther_ehr_tests_native.patient(ptid, birth_yr, gender, race, ethnicity, region, division, avg_hh_income, pct_college_educ, deceased_indicator, date_of_death, provid_pcp, idn_indicator, first_month_active, last_month_active, notes_eligible, has_notes, sourceid, source_data_through) VALUES ('PT35', '1933 and Earlier', 'Female', 'Caucasian', 'Not Hispanic', 'Midwest', 'East North Central', '', '', '1', '201404', '', '1', '200601', '202206', '1', 'Y', 'S0115', '202206');
INSERT INTO optum_panther_ehr_tests_native.encounter(ptid, visitid, encid, interaction_type, interaction_date, interaction_time, academic_community_flag, sourceid) VALUES ('PT35', '37', 'E000036', 'Other patient type', '2014-05-30', '04:00:00', 'U', 'S0115');
INSERT INTO optum_panther_ehr_tests_native.encounter(ptid, visitid, encid, interaction_type, interaction_date, interaction_time, academic_community_flag, sourceid) VALUES ('PT35', '', 'E000036', 'Other patient type', '2014-05-30', '04:00:00', 'U', 'S0115');
-- 38: Patient has immunizations data occurring data occurring exactly 30 days after death event. Expected result: dead
INSERT INTO optum_panther_ehr_tests_native.patient(ptid, birth_yr, gender, race, ethnicity, region, division, avg_hh_income, pct_college_educ, deceased_indicator, date_of_death, provid_pcp, idn_indicator, first_month_active, last_month_active, notes_eligible, has_notes, sourceid, source_data_through) VALUES ('PT38', '1933 and Earlier', 'Female', 'Caucasian', 'Not Hispanic', 'Midwest', 'East North Central', '', '', '1', '201404', '', '1', '200601', '202206', '1', 'Y', 'S0115', '202206');
INSERT INTO optum_panther_ehr_tests_native.encounter(ptid, visitid, encid, interaction_type, interaction_date, interaction_time, academic_community_flag, sourceid) VALUES ('PT38', '40', 'E000039', 'Other patient type', '2014-05-30', '04:00:00', 'U', 'S0115');
INSERT INTO optum_panther_ehr_tests_native.immunizations(ptid, immunization_date, immunization_desc, mapped_name, ndc, ndc_source, pt_reported, sourceid) VALUES ('PT38', '2014-05-30', 'TDAP', 'Influenza Inactivated Vaccine', '70461032103', 'Derived', ' ', 'S0115');
-- 41: Patient has insurance data occurring data occurring exactly 30 days after death event. Expected result: dead
INSERT INTO optum_panther_ehr_tests_native.patient(ptid, birth_yr, gender, race, ethnicity, region, division, avg_hh_income, pct_college_educ, deceased_indicator, date_of_death, provid_pcp, idn_indicator, first_month_active, last_month_active, notes_eligible, has_notes, sourceid, source_data_through) VALUES ('PT41', '1933 and Earlier', 'Female', 'Caucasian', 'Not Hispanic', 'Midwest', 'East North Central', '', '', '1', '201404', '', '1', '200601', '202206', '1', 'Y', 'S0115', '202206');
INSERT INTO optum_panther_ehr_tests_native.encounter(ptid, visitid, encid, interaction_type, interaction_date, interaction_time, academic_community_flag, sourceid) VALUES ('PT41', '43', 'E000042', 'Other patient type', '2014-05-30', '04:00:00', 'U', 'S0115');
INSERT INTO optum_panther_ehr_tests_native.insurance(ptid, encid, insurance_date, insurance_time, ins_type, sourceid) VALUES ('PT41', 'E000042', '2014-05-30', '04:00:00', 'Commercial', 'S0115');
-- 44: Patient has labs data occurring data occurring exactly 30 days after death event. Expected result: dead
INSERT INTO optum_panther_ehr_tests_native.patient(ptid, birth_yr, gender, race, ethnicity, region, division, avg_hh_income, pct_college_educ, deceased_indicator, date_of_death, provid_pcp, idn_indicator, first_month_active, last_month_active, notes_eligible, has_notes, sourceid, source_data_through) VALUES ('PT44', '1933 and Earlier', 'Female', 'Caucasian', 'Not Hispanic', 'Midwest', 'East North Central', '', '', '1', '201404', '', '1', '200601', '202206', '1', 'Y', 'S0115', '202206');
INSERT INTO optum_panther_ehr_tests_native.encounter(ptid, visitid, encid, interaction_type, interaction_date, interaction_time, academic_community_flag, sourceid) VALUES ('PT44', '46', 'E000045', 'Other patient type', '2014-05-30', '04:00:00', 'U', 'S0115');
INSERT INTO optum_panther_ehr_tests_native.labs(ptid, encid, test_name, test_type, order_date, order_time, collected_date, collected_time, result_date, result_time, test_result, relative_indicator, result_unit, result_datatype, normalized_result, standard_units, normal_range, evaluated_for_range, value_within_range, sourceid) VALUES ('PT44', 'E000045', 'Oxygen saturation (SpO2).pulse oximetry', 'CHEMISTRY', '2014-05-30', '', '', '', '2014-05-30', '', 'negative', '', '%', 'numeric', 'Y', 'Y', '', 'Y', 'Y', 'S0115');
-- 47: Patient has medication_administrations data occurring data occurring exactly 30 days after death event. Expected result: dead
INSERT INTO optum_panther_ehr_tests_native.patient(ptid, birth_yr, gender, race, ethnicity, region, division, avg_hh_income, pct_college_educ, deceased_indicator, date_of_death, provid_pcp, idn_indicator, first_month_active, last_month_active, notes_eligible, has_notes, sourceid, source_data_through) VALUES ('PT47', '1933 and Earlier', 'Female', 'Caucasian', 'Not Hispanic', 'Midwest', 'East North Central', '', '', '1', '201404', '', '1', '200601', '202206', '1', 'Y', 'S0115', '202206');
INSERT INTO optum_panther_ehr_tests_native.encounter(ptid, visitid, encid, interaction_type, interaction_date, interaction_time, academic_community_flag, sourceid) VALUES ('PT47', '49', 'E000048', 'Other patient type', '2014-05-30', '04:00:00', 'U', 'S0115');
INSERT INTO optum_panther_ehr_tests_native.medication_administrations(ptid, encid, orderid, drug_name, ndc, ndc_source, order_date, order_time, admin_date, admin_time, provid, route, quantity_of_dose, strength, strength_unit, dosage_form, dose_frequency, generic_desc, drug_class, discontinue_reason, sourceid) VALUES ('PT47', 'E000048', '', 'SODIUM CHLORIDE 0.9 %', '69374096750', 'Derived', '2014-05-30', '04:00:00', '', '', '', 'Oral', '', '', 'mg', '', '', 'SODIUM CHLORIDE', 'Intravenous supplies', '', 'S0115');
-- 50: Patient has microbiology data occurring data occurring exactly 30 days after death event. Expected result: dead
INSERT INTO optum_panther_ehr_tests_native.patient(ptid, birth_yr, gender, race, ethnicity, region, division, avg_hh_income, pct_college_educ, deceased_indicator, date_of_death, provid_pcp, idn_indicator, first_month_active, last_month_active, notes_eligible, has_notes, sourceid, source_data_through) VALUES ('PT50', '1933 and Earlier', 'Female', 'Caucasian', 'Not Hispanic', 'Midwest', 'East North Central', '', '', '1', '201404', '', '1', '200601', '202206', '1', 'Y', 'S0115', '202206');
INSERT INTO optum_panther_ehr_tests_native.encounter(ptid, visitid, encid, interaction_type, interaction_date, interaction_time, academic_community_flag, sourceid) VALUES ('PT50', '52', 'E000051', 'Other patient type', '2014-05-30', '04:00:00', 'U', 'S0115');
INSERT INTO optum_panther_ehr_tests_native.microbiology(ptid, encid, order_date, order_time, collect_date, collect_time, receive_date, receive_time, result_date, result_time, result_status, specimen_source, organism, mapped_organism_found, mapped_organism_excluded, culture_growth, culture_value, culture_unit, antibiotic, mapped_antibiotic, sensitivity, sourceid) VALUES ('PT50', 'E000051', '2014-05-30', '', '2014-05-30', '', '', '', '2017-06-02', '04:00:00', 'Final', 'Urine', 'E. coli', 'Escherichia coli', '', 'Not recorded', '', '', '', '', 'Sensitive', 'S0115');
-- 53: Patient has nlp_biomarkers data occurring data occurring exactly 30 days after death event. Expected result: dead
INSERT INTO optum_panther_ehr_tests_native.patient(ptid, birth_yr, gender, race, ethnicity, region, division, avg_hh_income, pct_college_educ, deceased_indicator, date_of_death, provid_pcp, idn_indicator, first_month_active, last_month_active, notes_eligible, has_notes, sourceid, source_data_through) VALUES ('PT53', '1933 and Earlier', 'Female', 'Caucasian', 'Not Hispanic', 'Midwest', 'East North Central', '', '', '1', '201404', '', '1', '200601', '202206', '1', 'Y', 'S0115', '202206');
INSERT INTO optum_panther_ehr_tests_native.encounter(ptid, visitid, encid, interaction_type, interaction_date, interaction_time, academic_community_flag, sourceid) VALUES ('PT53', '55', 'E000054', 'Other patient type', '2014-05-30', '04:00:00', 'U', 'S0115');
INSERT INTO optum_panther_ehr_tests_native.nlp_biomarkers(ptid, encid, note_date, biomarker, variation_detail, biomarker_status, sourceid) VALUES ('PT53', '', '2014-05-30', 'ER', '', 'negative', 'S0072');
-- 56: Patient has nlp_drug_rationale data occurring data occurring exactly 30 days after death event. Expected result: dead
INSERT INTO optum_panther_ehr_tests_native.patient(ptid, birth_yr, gender, race, ethnicity, region, division, avg_hh_income, pct_college_educ, deceased_indicator, date_of_death, provid_pcp, idn_indicator, first_month_active, last_month_active, notes_eligible, has_notes, sourceid, source_data_through) VALUES ('PT56', '1933 and Earlier', 'Female', 'Caucasian', 'Not Hispanic', 'Midwest', 'East North Central', '', '', '1', '201404', '', '1', '200601', '202206', '1', 'Y', 'S0115', '202206');
INSERT INTO optum_panther_ehr_tests_native.encounter(ptid, visitid, encid, interaction_type, interaction_date, interaction_time, academic_community_flag, sourceid) VALUES ('PT56', '58', 'E000057', 'Other patient type', '2014-05-30', '04:00:00', 'U', 'S0115');
INSERT INTO optum_panther_ehr_tests_native.nlp_drug_rationale(ptid, encid, note_date, note_section, drug_name, drug_action, drug_action_preposition, reason_general, sentiment, sentiment_who, sourceid) VALUES ('PT56', '', '2014-05-30', '', 'ASPIRIN', 'N/A', 'OF', '', '', '', 'S0115');
-- 59: Patient has nlp_measurement data occurring data occurring exactly 30 days after death event. Expected result: dead
INSERT INTO optum_panther_ehr_tests_native.patient(ptid, birth_yr, gender, race, ethnicity, region, division, avg_hh_income, pct_college_educ, deceased_indicator, date_of_death, provid_pcp, idn_indicator, first_month_active, last_month_active, notes_eligible, has_notes, sourceid, source_data_through) VALUES ('PT59', '1933 and Earlier', 'Female', 'Caucasian', 'Not Hispanic', 'Midwest', 'East North Central', '', '', '1', '201404', '', '1', '200601', '202206', '1', 'Y', 'S0115', '202206');
INSERT INTO optum_panther_ehr_tests_native.encounter(ptid, visitid, encid, interaction_type, interaction_date, interaction_time, academic_community_flag, sourceid) VALUES ('PT59', '61', 'E000060', 'Other patient type', '2014-05-30', '04:00:00', 'U', 'S0115');
INSERT INTO optum_panther_ehr_tests_native.nlp_measurement(ptid, encid, note_date, measurement_type, measurement_value, measurement_detail, note_section, measurement_year, measurement_monthyear, measurement_date, sourceid) VALUES ('PT59', 'E000060', '2014-05-30', 'WEIGHT', 'normal', '', '', '', '', '', 'S0115');
-- 62: Patient has nlp_sds data occurring data occurring exactly 30 days after death event. Expected result: dead
INSERT INTO optum_panther_ehr_tests_native.patient(ptid, birth_yr, gender, race, ethnicity, region, division, avg_hh_income, pct_college_educ, deceased_indicator, date_of_death, provid_pcp, idn_indicator, first_month_active, last_month_active, notes_eligible, has_notes, sourceid, source_data_through) VALUES ('PT62', '1933 and Earlier', 'Female', 'Caucasian', 'Not Hispanic', 'Midwest', 'East North Central', '', '', '1', '201404', '', '1', '200601', '202206', '1', 'Y', 'S0115', '202206');
INSERT INTO optum_panther_ehr_tests_native.encounter(ptid, visitid, encid, interaction_type, interaction_date, interaction_time, academic_community_flag, sourceid) VALUES ('PT62', '64', 'E000063', 'Other patient type', '2014-05-30', '04:00:00', 'U', 'S0115');
INSERT INTO optum_panther_ehr_tests_native.nlp_sds(ptid, encid, note_date, sds_term, sds_location, sds_attribute, sds_sentiment, occurrence_year, occurrence_monthyear, occurrence_date, note_section, sds_concept, sds_timing, sds_severity, sds_extent, sds_duration, sds_change, sds_quality, sourceid) VALUES ('PT62', 'E000063', '2014-05-30', 'pain', '', '', '', '', '', '', '', '', '', '', '', '', '', '', 'S0115');
-- 65: Patient has nlp_sds_family data occurring data occurring exactly 30 days after death event. Expected result: dead
INSERT INTO optum_panther_ehr_tests_native.patient(ptid, birth_yr, gender, race, ethnicity, region, division, avg_hh_income, pct_college_educ, deceased_indicator, date_of_death, provid_pcp, idn_indicator, first_month_active, last_month_active, notes_eligible, has_notes, sourceid, source_data_through) VALUES ('PT65', '1933 and Earlier', 'Female', 'Caucasian', 'Not Hispanic', 'Midwest', 'East North Central', '', '', '1', '201404', '', '1', '200601', '202206', '1', 'Y', 'S0115', '202206');
INSERT INTO optum_panther_ehr_tests_native.encounter(ptid, visitid, encid, interaction_type, interaction_date, interaction_time, academic_community_flag, sourceid) VALUES ('PT65', '67', 'E000066', 'Other patient type', '2014-05-30', '04:00:00', 'U', 'S0115');
INSERT INTO optum_panther_ehr_tests_native.nlp_sds_family(ptid, encid, note_date, sds_term, sds_location, sds_family_member, sds_sentiment, note_section, sourceid) VALUES ('PT65', 'E000066', '2014-05-30', 'cancer', '', 'who=family', '', 'family medical history', 'S0115');
-- 68: Patient has observations data occurring data occurring exactly 30 days after death event. Expected result: dead
INSERT INTO optum_panther_ehr_tests_native.patient(ptid, birth_yr, gender, race, ethnicity, region, division, avg_hh_income, pct_college_educ, deceased_indicator, date_of_death, provid_pcp, idn_indicator, first_month_active, last_month_active, notes_eligible, has_notes, sourceid, source_data_through) VALUES ('PT68', '1933 and Earlier', 'Female', 'Caucasian', 'Not Hispanic', 'Midwest', 'East North Central', '', '', '1', '201404', '', '1', '200601', '202206', '1', 'Y', 'S0115', '202206');
INSERT INTO optum_panther_ehr_tests_native.encounter(ptid, visitid, encid, interaction_type, interaction_date, interaction_time, academic_community_flag, sourceid) VALUES ('PT68', '70', 'E000069', 'Other patient type', '2014-05-30', '04:00:00', 'U', 'S0115');
INSERT INTO optum_panther_ehr_tests_native.observations(ptid, encid, obs_type, nlp, obs_date, obs_time, obs_result, obs_unit, evaluated_for_range, value_within_range, result_date, sourceid) VALUES ('PT68', 'E000069', 'SBP', 'N', '2014-05-30', '04:00:00', 'Never smoked', 'mm Hg', 'N', 'U', '', 'S0115');
-- 71: Patient has patient_reported_medications data occurring data occurring exactly 30 days after death event. Expected result: dead
INSERT INTO optum_panther_ehr_tests_native.patient(ptid, birth_yr, gender, race, ethnicity, region, division, avg_hh_income, pct_college_educ, deceased_indicator, date_of_death, provid_pcp, idn_indicator, first_month_active, last_month_active, notes_eligible, has_notes, sourceid, source_data_through) VALUES ('PT71', '1933 and Earlier', 'Female', 'Caucasian', 'Not Hispanic', 'Midwest', 'East North Central', '', '', '1', '201404', '', '1', '200601', '202206', '1', 'Y', 'S0115', '202206');
INSERT INTO optum_panther_ehr_tests_native.encounter(ptid, visitid, encid, interaction_type, interaction_date, interaction_time, academic_community_flag, sourceid) VALUES ('PT71', '73', 'E000072', 'Other patient type', '2014-05-30', '04:00:00', 'U', 'S0115');
INSERT INTO optum_panther_ehr_tests_native.patient_reported_medications(ptid, reported_date, drug_name, ndc, ndc_source, provid, route, quantity_of_dose, strength, strength_unit, dosage_form, dose_frequency, generic_desc, drug_class, sourceid) VALUES ('PT71', '2014-05-30', '', '69618004610', 'Direct', '', 'Oral', '', '', '', '', '', '', 'Salicylates', 'S0118');
-- 74: Patient has prescriptions_written data occurring data occurring exactly 30 days after death event. Expected result: dead
INSERT INTO optum_panther_ehr_tests_native.patient(ptid, birth_yr, gender, race, ethnicity, region, division, avg_hh_income, pct_college_educ, deceased_indicator, date_of_death, provid_pcp, idn_indicator, first_month_active, last_month_active, notes_eligible, has_notes, sourceid, source_data_through) VALUES ('PT74', '1933 and Earlier', 'Female', 'Caucasian', 'Not Hispanic', 'Midwest', 'East North Central', '', '', '1', '201404', '', '1', '200601', '202206', '1', 'Y', 'S0115', '202206');
INSERT INTO optum_panther_ehr_tests_native.encounter(ptid, visitid, encid, interaction_type, interaction_date, interaction_time, academic_community_flag, sourceid) VALUES ('PT74', '76', 'E000075', 'Other patient type', '2014-05-30', '04:00:00', 'U', 'S0115');
INSERT INTO optum_panther_ehr_tests_native.prescriptions_written(ptid, rxdate, rxtime, drug_name, ndc, ndc_source, provid, route, quantity_of_dose, strength, strength_unit, dosage_form, daily_dose, dose_frequency, quantity_per_fill, num_refills, days_supply, generic_desc, drug_class, discontinue_reason, ndc_mapped_attributes, sourceid) VALUES ('PT74', '2014-05-30', '04:00:00', '', '00406012301', 'Direct', '', 'Oral', '', '10', 'mg', 'Tablet', '', '', '30 tablet', '0', '', 'HYDROCODONE BITARTRATE/ACETAMINOPHEN', 'Narcotic & analgesic combinations', '', '', 'S0118');
-- 77: Patient has procedure data occurring data occurring exactly 30 days after death event. Expected result: dead
INSERT INTO optum_panther_ehr_tests_native.patient(ptid, birth_yr, gender, race, ethnicity, region, division, avg_hh_income, pct_college_educ, deceased_indicator, date_of_death, provid_pcp, idn_indicator, first_month_active, last_month_active, notes_eligible, has_notes, sourceid, source_data_through) VALUES ('PT77', '1933 and Earlier', 'Female', 'Caucasian', 'Not Hispanic', 'Midwest', 'East North Central', '', '', '1', '201404', '', '1', '200601', '202206', '1', 'Y', 'S0115', '202206');
INSERT INTO optum_panther_ehr_tests_native.encounter(ptid, visitid, encid, interaction_type, interaction_date, interaction_time, academic_community_flag, sourceid) VALUES ('PT77', '79', 'E000078', 'Other patient type', '2014-05-30', '04:00:00', 'U', 'S0115');
INSERT INTO optum_panther_ehr_tests_native.procedure(ptid, encid, proc_date, proc_time, proc_code, proc_desc, proc_code_type, provid_perform, provid_order, betos_code, betos_desc, sourceid) VALUES ('PT77', '', '2014-05-30', '04:00:00', '', '', 'CPT4', '', '', '', '', 'S0115');
-- 80: Patient has visit data occurring data occurring exactly 30 days after death event. Expected result: dead
INSERT INTO optum_panther_ehr_tests_native.patient(ptid, birth_yr, gender, race, ethnicity, region, division, avg_hh_income, pct_college_educ, deceased_indicator, date_of_death, provid_pcp, idn_indicator, first_month_active, last_month_active, notes_eligible, has_notes, sourceid, source_data_through) VALUES ('PT80', '1933 and Earlier', 'Female', 'Caucasian', 'Not Hispanic', 'Midwest', 'East North Central', '', '', '1', '201404', '', '1', '200601', '202206', '1', 'Y', 'S0115', '202206');
INSERT INTO optum_panther_ehr_tests_native.encounter(ptid, visitid, encid, interaction_type, interaction_date, interaction_time, academic_community_flag, sourceid) VALUES ('PT80', '82', 'E000081', 'Other patient type', '2014-05-30', '04:00:00', 'U', 'S0115');
INSERT INTO optum_panther_ehr_tests_native.visit(ptid, visitid, visit_type, visit_start_date, visit_start_time, visit_end_date, visit_end_time, discharge_disposition, admission_source, drg, sourceid) VALUES ('PT80', '82', 'Emergency patient', '2014-05-30', '04:00:00', '2016-03-18', '04:00:00', '01 DISCHARGED TO HOME OR SELF CARE', 'Referred by physician or self referral; non-healthcare facility point of origin', '', 'S0115');
-- 83: Patient has diagnosis data occurring data occurring 60 days after death event. Expected result: not dead
INSERT INTO optum_panther_ehr_tests_native.patient(ptid, birth_yr, gender, race, ethnicity, region, division, avg_hh_income, pct_college_educ, deceased_indicator, date_of_death, provid_pcp, idn_indicator, first_month_active, last_month_active, notes_eligible, has_notes, sourceid, source_data_through) VALUES ('PT83', '1933 and Earlier', 'Female', 'Caucasian', 'Not Hispanic', 'Midwest', 'East North Central', '', '', '1', '201404', '', '1', '200601', '202206', '1', 'Y', 'S0115', '202206');
INSERT INTO optum_panther_ehr_tests_native.encounter(ptid, visitid, encid, interaction_type, interaction_date, interaction_time, academic_community_flag, sourceid) VALUES ('PT83', '85', 'E000084', 'Other patient type', '2014-06-29', '04:00:00', 'U', 'S0115');
INSERT INTO optum_panther_ehr_tests_native.diagnosis(ptid, encid, diag_date, diag_time, diagnosis_cd, diagnosis_cd_type, diagnosis_status, poa, admitting_diagnosis, discharge_diagnosis, primary_diagnosis, problem_list, sourceid) VALUES ('PT83', 'E000084', '2014-06-29', '04:00:00', '7061', 'ICD9', 'Diagnosis of', '0', '0', '0', '0', 'N', 'S0115');
-- 86: Patient has encounter data occurring data occurring 60 days after death event. Expected result: not dead
INSERT INTO optum_panther_ehr_tests_native.patient(ptid, birth_yr, gender, race, ethnicity, region, division, avg_hh_income, pct_college_educ, deceased_indicator, date_of_death, provid_pcp, idn_indicator, first_month_active, last_month_active, notes_eligible, has_notes, sourceid, source_data_through) VALUES ('PT86', '1933 and Earlier', 'Female', 'Caucasian', 'Not Hispanic', 'Midwest', 'East North Central', '', '', '1', '201404', '', '1', '200601', '202206', '1', 'Y', 'S0115', '202206');
INSERT INTO optum_panther_ehr_tests_native.encounter(ptid, visitid, encid, interaction_type, interaction_date, interaction_time, academic_community_flag, sourceid) VALUES ('PT86', '88', 'E000087', 'Other patient type', '2014-06-29', '04:00:00', 'U', 'S0115');
INSERT INTO optum_panther_ehr_tests_native.encounter(ptid, visitid, encid, interaction_type, interaction_date, interaction_time, academic_community_flag, sourceid) VALUES ('PT86', '', 'E000087', 'Other patient type', '2014-06-29', '04:00:00', 'U', 'S0115');
-- 89: Patient has immunizations data occurring data occurring 60 days after death event. Expected result: not dead
INSERT INTO optum_panther_ehr_tests_native.patient(ptid, birth_yr, gender, race, ethnicity, region, division, avg_hh_income, pct_college_educ, deceased_indicator, date_of_death, provid_pcp, idn_indicator, first_month_active, last_month_active, notes_eligible, has_notes, sourceid, source_data_through) VALUES ('PT89', '1933 and Earlier', 'Female', 'Caucasian', 'Not Hispanic', 'Midwest', 'East North Central', '', '', '1', '201404', '', '1', '200601', '202206', '1', 'Y', 'S0115', '202206');
INSERT INTO optum_panther_ehr_tests_native.encounter(ptid, visitid, encid, interaction_type, interaction_date, interaction_time, academic_community_flag, sourceid) VALUES ('PT89', '91', 'E000090', 'Other patient type', '2014-06-29', '04:00:00', 'U', 'S0115');
INSERT INTO optum_panther_ehr_tests_native.immunizations(ptid, immunization_date, immunization_desc, mapped_name, ndc, ndc_source, pt_reported, sourceid) VALUES ('PT89', '2014-06-29', 'TDAP', 'Influenza Inactivated Vaccine', '70461032103', 'Derived', ' ', 'S0115');
-- 92: Patient has insurance data occurring data occurring 60 days after death event. Expected result: not dead
INSERT INTO optum_panther_ehr_tests_native.patient(ptid, birth_yr, gender, race, ethnicity, region, division, avg_hh_income, pct_college_educ, deceased_indicator, date_of_death, provid_pcp, idn_indicator, first_month_active, last_month_active, notes_eligible, has_notes, sourceid, source_data_through) VALUES ('PT92', '1933 and Earlier', 'Female', 'Caucasian', 'Not Hispanic', 'Midwest', 'East North Central', '', '', '1', '201404', '', '1', '200601', '202206', '1', 'Y', 'S0115', '202206');
INSERT INTO optum_panther_ehr_tests_native.encounter(ptid, visitid, encid, interaction_type, interaction_date, interaction_time, academic_community_flag, sourceid) VALUES ('PT92', '94', 'E000093', 'Other patient type', '2014-06-29', '04:00:00', 'U', 'S0115');
INSERT INTO optum_panther_ehr_tests_native.insurance(ptid, encid, insurance_date, insurance_time, ins_type, sourceid) VALUES ('PT92', 'E000093', '2014-06-29', '04:00:00', 'Commercial', 'S0115');
-- 95: Patient has labs data occurring data occurring 60 days after death event. Expected result: not dead
INSERT INTO optum_panther_ehr_tests_native.patient(ptid, birth_yr, gender, race, ethnicity, region, division, avg_hh_income, pct_college_educ, deceased_indicator, date_of_death, provid_pcp, idn_indicator, first_month_active, last_month_active, notes_eligible, has_notes, sourceid, source_data_through) VALUES ('PT95', '1933 and Earlier', 'Female', 'Caucasian', 'Not Hispanic', 'Midwest', 'East North Central', '', '', '1', '201404', '', '1', '200601', '202206', '1', 'Y', 'S0115', '202206');
INSERT INTO optum_panther_ehr_tests_native.encounter(ptid, visitid, encid, interaction_type, interaction_date, interaction_time, academic_community_flag, sourceid) VALUES ('PT95', '97', 'E000096', 'Other patient type', '2014-06-29', '04:00:00', 'U', 'S0115');
INSERT INTO optum_panther_ehr_tests_native.labs(ptid, encid, test_name, test_type, order_date, order_time, collected_date, collected_time, result_date, result_time, test_result, relative_indicator, result_unit, result_datatype, normalized_result, standard_units, normal_range, evaluated_for_range, value_within_range, sourceid) VALUES ('PT95', 'E000096', 'Oxygen saturation (SpO2).pulse oximetry', 'CHEMISTRY', '2014-06-29', '', '', '', '2014-06-29', '', 'negative', '', '%', 'numeric', 'Y', 'Y', '', 'Y', 'Y', 'S0115');
-- 98: Patient has medication_administrations data occurring data occurring 60 days after death event. Expected result: not dead
INSERT INTO optum_panther_ehr_tests_native.patient(ptid, birth_yr, gender, race, ethnicity, region, division, avg_hh_income, pct_college_educ, deceased_indicator, date_of_death, provid_pcp, idn_indicator, first_month_active, last_month_active, notes_eligible, has_notes, sourceid, source_data_through) VALUES ('PT98', '1933 and Earlier', 'Female', 'Caucasian', 'Not Hispanic', 'Midwest', 'East North Central', '', '', '1', '201404', '', '1', '200601', '202206', '1', 'Y', 'S0115', '202206');
INSERT INTO optum_panther_ehr_tests_native.encounter(ptid, visitid, encid, interaction_type, interaction_date, interaction_time, academic_community_flag, sourceid) VALUES ('PT98', '100', 'E000099', 'Other patient type', '2014-06-29', '04:00:00', 'U', 'S0115');
INSERT INTO optum_panther_ehr_tests_native.medication_administrations(ptid, encid, orderid, drug_name, ndc, ndc_source, order_date, order_time, admin_date, admin_time, provid, route, quantity_of_dose, strength, strength_unit, dosage_form, dose_frequency, generic_desc, drug_class, discontinue_reason, sourceid) VALUES ('PT98', 'E000099', '', 'SODIUM CHLORIDE 0.9 %', '69374096750', 'Derived', '2014-06-29', '04:00:00', '', '', '', 'Oral', '', '', 'mg', '', '', 'SODIUM CHLORIDE', 'Intravenous supplies', '', 'S0115');
-- 101: Patient has microbiology data occurring data occurring 60 days after death event. Expected result: not dead
INSERT INTO optum_panther_ehr_tests_native.patient(ptid, birth_yr, gender, race, ethnicity, region, division, avg_hh_income, pct_college_educ, deceased_indicator, date_of_death, provid_pcp, idn_indicator, first_month_active, last_month_active, notes_eligible, has_notes, sourceid, source_data_through) VALUES ('PT101', '1933 and Earlier', 'Female', 'Caucasian', 'Not Hispanic', 'Midwest', 'East North Central', '', '', '1', '201404', '', '1', '200601', '202206', '1', 'Y', 'S0115', '202206');
INSERT INTO optum_panther_ehr_tests_native.encounter(ptid, visitid, encid, interaction_type, interaction_date, interaction_time, academic_community_flag, sourceid) VALUES ('PT101', '103', 'E0000102', 'Other patient type', '2014-06-29', '04:00:00', 'U', 'S0115');
INSERT INTO optum_panther_ehr_tests_native.microbiology(ptid, encid, order_date, order_time, collect_date, collect_time, receive_date, receive_time, result_date, result_time, result_status, specimen_source, organism, mapped_organism_found, mapped_organism_excluded, culture_growth, culture_value, culture_unit, antibiotic, mapped_antibiotic, sensitivity, sourceid) VALUES ('PT101', 'E0000102', '2014-06-29', '', '2014-06-29', '', '', '', '2017-06-02', '04:00:00', 'Final', 'Urine', 'E. coli', 'Escherichia coli', '', 'Not recorded', '', '', '', '', 'Sensitive', 'S0115');
-- 104: Patient has nlp_biomarkers data occurring data occurring 60 days after death event. Expected result: not dead
INSERT INTO optum_panther_ehr_tests_native.patient(ptid, birth_yr, gender, race, ethnicity, region, division, avg_hh_income, pct_college_educ, deceased_indicator, date_of_death, provid_pcp, idn_indicator, first_month_active, last_month_active, notes_eligible, has_notes, sourceid, source_data_through) VALUES ('PT104', '1933 and Earlier', 'Female', 'Caucasian', 'Not Hispanic', 'Midwest', 'East North Central', '', '', '1', '201404', '', '1', '200601', '202206', '1', 'Y', 'S0115', '202206');
INSERT INTO optum_panther_ehr_tests_native.encounter(ptid, visitid, encid, interaction_type, interaction_date, interaction_time, academic_community_flag, sourceid) VALUES ('PT104', '106', 'E0000105', 'Other patient type', '2014-06-29', '04:00:00', 'U', 'S0115');
INSERT INTO optum_panther_ehr_tests_native.nlp_biomarkers(ptid, encid, note_date, biomarker, variation_detail, biomarker_status, sourceid) VALUES ('PT104', '', '2014-06-29', 'ER', '', 'negative', 'S0072');
-- 107: Patient has nlp_drug_rationale data occurring data occurring 60 days after death event. Expected result: not dead
INSERT INTO optum_panther_ehr_tests_native.patient(ptid, birth_yr, gender, race, ethnicity, region, division, avg_hh_income, pct_college_educ, deceased_indicator, date_of_death, provid_pcp, idn_indicator, first_month_active, last_month_active, notes_eligible, has_notes, sourceid, source_data_through) VALUES ('PT107', '1933 and Earlier', 'Female', 'Caucasian', 'Not Hispanic', 'Midwest', 'East North Central', '', '', '1', '201404', '', '1', '200601', '202206', '1', 'Y', 'S0115', '202206');
INSERT INTO optum_panther_ehr_tests_native.encounter(ptid, visitid, encid, interaction_type, interaction_date, interaction_time, academic_community_flag, sourceid) VALUES ('PT107', '109', 'E0000108', 'Other patient type', '2014-06-29', '04:00:00', 'U', 'S0115');
INSERT INTO optum_panther_ehr_tests_native.nlp_drug_rationale(ptid, encid, note_date, note_section, drug_name, drug_action, drug_action_preposition, reason_general, sentiment, sentiment_who, sourceid) VALUES ('PT107', '', '2014-06-29', '', 'ASPIRIN', 'N/A', 'OF', '', '', '', 'S0115');
-- 110: Patient has nlp_measurement data occurring data occurring 60 days after death event. Expected result: not dead
INSERT INTO optum_panther_ehr_tests_native.patient(ptid, birth_yr, gender, race, ethnicity, region, division, avg_hh_income, pct_college_educ, deceased_indicator, date_of_death, provid_pcp, idn_indicator, first_month_active, last_month_active, notes_eligible, has_notes, sourceid, source_data_through) VALUES ('PT110', '1933 and Earlier', 'Female', 'Caucasian', 'Not Hispanic', 'Midwest', 'East North Central', '', '', '1', '201404', '', '1', '200601', '202206', '1', 'Y', 'S0115', '202206');
INSERT INTO optum_panther_ehr_tests_native.encounter(ptid, visitid, encid, interaction_type, interaction_date, interaction_time, academic_community_flag, sourceid) VALUES ('PT110', '112', 'E0000111', 'Other patient type', '2014-06-29', '04:00:00', 'U', 'S0115');
INSERT INTO optum_panther_ehr_tests_native.nlp_measurement(ptid, encid, note_date, measurement_type, measurement_value, measurement_detail, note_section, measurement_year, measurement_monthyear, measurement_date, sourceid) VALUES ('PT110', 'E0000111', '2014-06-29', 'WEIGHT', 'normal', '', '', '', '', '', 'S0115');
-- 113: Patient has nlp_sds data occurring data occurring 60 days after death event. Expected result: not dead
INSERT INTO optum_panther_ehr_tests_native.patient(ptid, birth_yr, gender, race, ethnicity, region, division, avg_hh_income, pct_college_educ, deceased_indicator, date_of_death, provid_pcp, idn_indicator, first_month_active, last_month_active, notes_eligible, has_notes, sourceid, source_data_through) VALUES ('PT113', '1933 and Earlier', 'Female', 'Caucasian', 'Not Hispanic', 'Midwest', 'East North Central', '', '', '1', '201404', '', '1', '200601', '202206', '1', 'Y', 'S0115', '202206');
INSERT INTO optum_panther_ehr_tests_native.encounter(ptid, visitid, encid, interaction_type, interaction_date, interaction_time, academic_community_flag, sourceid) VALUES ('PT113', '115', 'E0000114', 'Other patient type', '2014-06-29', '04:00:00', 'U', 'S0115');
INSERT INTO optum_panther_ehr_tests_native.nlp_sds(ptid, encid, note_date, sds_term, sds_location, sds_attribute, sds_sentiment, occurrence_year, occurrence_monthyear, occurrence_date, note_section, sds_concept, sds_timing, sds_severity, sds_extent, sds_duration, sds_change, sds_quality, sourceid) VALUES ('PT113', 'E0000114', '2014-06-29', 'pain', '', '', '', '', '', '', '', '', '', '', '', '', '', '', 'S0115');
-- 116: Patient has nlp_sds_family data occurring data occurring 60 days after death event. Expected result: not dead
INSERT INTO optum_panther_ehr_tests_native.patient(ptid, birth_yr, gender, race, ethnicity, region, division, avg_hh_income, pct_college_educ, deceased_indicator, date_of_death, provid_pcp, idn_indicator, first_month_active, last_month_active, notes_eligible, has_notes, sourceid, source_data_through) VALUES ('PT116', '1933 and Earlier', 'Female', 'Caucasian', 'Not Hispanic', 'Midwest', 'East North Central', '', '', '1', '201404', '', '1', '200601', '202206', '1', 'Y', 'S0115', '202206');
INSERT INTO optum_panther_ehr_tests_native.encounter(ptid, visitid, encid, interaction_type, interaction_date, interaction_time, academic_community_flag, sourceid) VALUES ('PT116', '118', 'E0000117', 'Other patient type', '2014-06-29', '04:00:00', 'U', 'S0115');
INSERT INTO optum_panther_ehr_tests_native.nlp_sds_family(ptid, encid, note_date, sds_term, sds_location, sds_family_member, sds_sentiment, note_section, sourceid) VALUES ('PT116', 'E0000117', '2014-06-29', 'cancer', '', 'who=family', '', 'family medical history', 'S0115');
-- 119: Patient has observations data occurring data occurring 60 days after death event. Expected result: not dead
INSERT INTO optum_panther_ehr_tests_native.patient(ptid, birth_yr, gender, race, ethnicity, region, division, avg_hh_income, pct_college_educ, deceased_indicator, date_of_death, provid_pcp, idn_indicator, first_month_active, last_month_active, notes_eligible, has_notes, sourceid, source_data_through) VALUES ('PT119', '1933 and Earlier', 'Female', 'Caucasian', 'Not Hispanic', 'Midwest', 'East North Central', '', '', '1', '201404', '', '1', '200601', '202206', '1', 'Y', 'S0115', '202206');
INSERT INTO optum_panther_ehr_tests_native.encounter(ptid, visitid, encid, interaction_type, interaction_date, interaction_time, academic_community_flag, sourceid) VALUES ('PT119', '121', 'E0000120', 'Other patient type', '2014-06-29', '04:00:00', 'U', 'S0115');
INSERT INTO optum_panther_ehr_tests_native.observations(ptid, encid, obs_type, nlp, obs_date, obs_time, obs_result, obs_unit, evaluated_for_range, value_within_range, result_date, sourceid) VALUES ('PT119', 'E0000120', 'SBP', 'N', '2014-06-29', '04:00:00', 'Never smoked', 'mm Hg', 'N', 'U', '', 'S0115');
-- 122: Patient has patient_reported_medications data occurring data occurring 60 days after death event. Expected result: not dead
INSERT INTO optum_panther_ehr_tests_native.patient(ptid, birth_yr, gender, race, ethnicity, region, division, avg_hh_income, pct_college_educ, deceased_indicator, date_of_death, provid_pcp, idn_indicator, first_month_active, last_month_active, notes_eligible, has_notes, sourceid, source_data_through) VALUES ('PT122', '1933 and Earlier', 'Female', 'Caucasian', 'Not Hispanic', 'Midwest', 'East North Central', '', '', '1', '201404', '', '1', '200601', '202206', '1', 'Y', 'S0115', '202206');
INSERT INTO optum_panther_ehr_tests_native.encounter(ptid, visitid, encid, interaction_type, interaction_date, interaction_time, academic_community_flag, sourceid) VALUES ('PT122', '124', 'E0000123', 'Other patient type', '2014-06-29', '04:00:00', 'U', 'S0115');
INSERT INTO optum_panther_ehr_tests_native.patient_reported_medications(ptid, reported_date, drug_name, ndc, ndc_source, provid, route, quantity_of_dose, strength, strength_unit, dosage_form, dose_frequency, generic_desc, drug_class, sourceid) VALUES ('PT122', '2014-06-29', '', '69618004610', 'Direct', '', 'Oral', '', '', '', '', '', '', 'Salicylates', 'S0118');
-- 125: Patient has prescriptions_written data occurring data occurring 60 days after death event. Expected result: not dead
INSERT INTO optum_panther_ehr_tests_native.patient(ptid, birth_yr, gender, race, ethnicity, region, division, avg_hh_income, pct_college_educ, deceased_indicator, date_of_death, provid_pcp, idn_indicator, first_month_active, last_month_active, notes_eligible, has_notes, sourceid, source_data_through) VALUES ('PT125', '1933 and Earlier', 'Female', 'Caucasian', 'Not Hispanic', 'Midwest', 'East North Central', '', '', '1', '201404', '', '1', '200601', '202206', '1', 'Y', 'S0115', '202206');
INSERT INTO optum_panther_ehr_tests_native.encounter(ptid, visitid, encid, interaction_type, interaction_date, interaction_time, academic_community_flag, sourceid) VALUES ('PT125', '127', 'E0000126', 'Other patient type', '2014-06-29', '04:00:00', 'U', 'S0115');
INSERT INTO optum_panther_ehr_tests_native.prescriptions_written(ptid, rxdate, rxtime, drug_name, ndc, ndc_source, provid, route, quantity_of_dose, strength, strength_unit, dosage_form, daily_dose, dose_frequency, quantity_per_fill, num_refills, days_supply, generic_desc, drug_class, discontinue_reason, ndc_mapped_attributes, sourceid) VALUES ('PT125', '2014-06-29', '04:00:00', '', '00406012301', 'Direct', '', 'Oral', '', '10', 'mg', 'Tablet', '', '', '30 tablet', '0', '', 'HYDROCODONE BITARTRATE/ACETAMINOPHEN', 'Narcotic & analgesic combinations', '', '', 'S0118');
-- 128: Patient has procedure data occurring data occurring 60 days after death event. Expected result: not dead
INSERT INTO optum_panther_ehr_tests_native.patient(ptid, birth_yr, gender, race, ethnicity, region, division, avg_hh_income, pct_college_educ, deceased_indicator, date_of_death, provid_pcp, idn_indicator, first_month_active, last_month_active, notes_eligible, has_notes, sourceid, source_data_through) VALUES ('PT128', '1933 and Earlier', 'Female', 'Caucasian', 'Not Hispanic', 'Midwest', 'East North Central', '', '', '1', '201404', '', '1', '200601', '202206', '1', 'Y', 'S0115', '202206');
INSERT INTO optum_panther_ehr_tests_native.encounter(ptid, visitid, encid, interaction_type, interaction_date, interaction_time, academic_community_flag, sourceid) VALUES ('PT128', '130', 'E0000129', 'Other patient type', '2014-06-29', '04:00:00', 'U', 'S0115');
INSERT INTO optum_panther_ehr_tests_native.procedure(ptid, encid, proc_date, proc_time, proc_code, proc_desc, proc_code_type, provid_perform, provid_order, betos_code, betos_desc, sourceid) VALUES ('PT128', '', '2014-06-29', '04:00:00', '', '', 'CPT4', '', '', '', '', 'S0115');
-- 131: Patient has visit data occurring data occurring 60 days after death event. Expected result: not dead
INSERT INTO optum_panther_ehr_tests_native.patient(ptid, birth_yr, gender, race, ethnicity, region, division, avg_hh_income, pct_college_educ, deceased_indicator, date_of_death, provid_pcp, idn_indicator, first_month_active, last_month_active, notes_eligible, has_notes, sourceid, source_data_through) VALUES ('PT131', '1933 and Earlier', 'Female', 'Caucasian', 'Not Hispanic', 'Midwest', 'East North Central', '', '', '1', '201404', '', '1', '200601', '202206', '1', 'Y', 'S0115', '202206');
INSERT INTO optum_panther_ehr_tests_native.encounter(ptid, visitid, encid, interaction_type, interaction_date, interaction_time, academic_community_flag, sourceid) VALUES ('PT131', '133', 'E0000132', 'Other patient type', '2014-06-29', '04:00:00', 'U', 'S0115');
INSERT INTO optum_panther_ehr_tests_native.visit(ptid, visitid, visit_type, visit_start_date, visit_start_time, visit_end_date, visit_end_time, discharge_disposition, admission_source, drg, sourceid) VALUES ('PT131', '133', 'Emergency patient', '2014-06-29', '04:00:00', '2016-03-18', '04:00:00', '01 DISCHARGED TO HOME OR SELF CARE', 'Referred by physician or self referral; non-healthcare facility point of origin', '', 'S0115');
-- 134: Test HCPCS derived device coming from procedure table
INSERT INTO optum_panther_ehr_tests_native.patient(ptid, birth_yr, gender, race, ethnicity, region, division, avg_hh_income, pct_college_educ, deceased_indicator, date_of_death, provid_pcp, idn_indicator, first_month_active, last_month_active, notes_eligible, has_notes, sourceid, source_data_through) VALUES ('PT134', '1950', 'Male', 'Caucasian', 'Not Hispanic', 'Midwest', 'East North Central', '', '', '0', '      ', '', '1', '200701', '201001', '1', 'Y', 'S0115', '202206');
INSERT INTO optum_panther_ehr_tests_native.procedure(ptid, encid, proc_date, proc_time, proc_code, proc_desc, proc_code_type, provid_perform, provid_order, betos_code, betos_desc, sourceid) VALUES ('PT134', '', '2009-01-01', '04:00:00', 'A4217', '', 'HCPCS', '', '', '', '', 'S0115');
-- 135: Test device derived from diagnosis table
INSERT INTO optum_panther_ehr_tests_native.patient(ptid, birth_yr, gender, race, ethnicity, region, division, avg_hh_income, pct_college_educ, deceased_indicator, date_of_death, provid_pcp, idn_indicator, first_month_active, last_month_active, notes_eligible, has_notes, sourceid, source_data_through) VALUES ('PT135', '1950', 'Male', 'Caucasian', 'Not Hispanic', 'Midwest', 'East North Central', '', '', '0', '      ', '', '1', '200701', '201001', '1', 'Y', 'S0115', '202206');
INSERT INTO optum_panther_ehr_tests_native.diagnosis(ptid, encid, diag_date, diag_time, diagnosis_cd, diagnosis_cd_type, diagnosis_status, poa, admitting_diagnosis, discharge_diagnosis, primary_diagnosis, problem_list, sourceid) VALUES ('PT135', '', '2009-01-01', '04:00:00', '156009', 'SNOMED', 'Diagnosis of', '0', '0', '0', '0', 'N', 'S0115');
-- 136: Patient has 1 valid MEDICATION_ADMINISTRATIONS record within the enrollment period.
INSERT INTO optum_panther_ehr_tests_native.patient(ptid, birth_yr, gender, race, ethnicity, region, division, avg_hh_income, pct_college_educ, deceased_indicator, date_of_death, provid_pcp, idn_indicator, first_month_active, last_month_active, notes_eligible, has_notes, sourceid, source_data_through) VALUES ('PT136', '1933 and Earlier', 'Female', 'Caucasian', 'Not Hispanic', 'Midwest', 'East North Central', '', '', '0', '      ', '', '1', '201005', '201412', '1', 'Y', 'S0115', '202206');
INSERT INTO optum_panther_ehr_tests_native.medication_administrations(ptid, encid, orderid, drug_name, ndc, ndc_source, order_date, order_time, admin_date, admin_time, provid, route, quantity_of_dose, strength, strength_unit, dosage_form, dose_frequency, generic_desc, drug_class, discontinue_reason, sourceid) VALUES ('PT136', '', '', 'SODIUM CHLORIDE 0.9 %', '55111067101', 'Derived', '2011-01-07', '04:00:00', '', '', '', 'Oral', '', '', 'mg', '', '', 'SODIUM CHLORIDE', 'Intravenous supplies', '', 'S0115');
-- 137: Patient has 2 MEDICATION_ADMINISTRATIONS records, the first within the enrollment period, the second outside of enrollment.
INSERT INTO optum_panther_ehr_tests_native.patient(ptid, birth_yr, gender, race, ethnicity, region, division, avg_hh_income, pct_college_educ, deceased_indicator, date_of_death, provid_pcp, idn_indicator, first_month_active, last_month_active, notes_eligible, has_notes, sourceid, source_data_through) VALUES ('PT137', '1933 and Earlier', 'Female', 'Caucasian', 'Not Hispanic', 'Midwest', 'East North Central', '', '', '0', '      ', '', '1', '201005', '201212', '1', 'Y', 'S0115', '202206');
INSERT INTO optum_panther_ehr_tests_native.medication_administrations(ptid, encid, orderid, drug_name, ndc, ndc_source, order_date, order_time, admin_date, admin_time, provid, route, quantity_of_dose, strength, strength_unit, dosage_form, dose_frequency, generic_desc, drug_class, discontinue_reason, sourceid) VALUES ('PT137', '', '', 'SODIUM CHLORIDE 0.9 %', '55111067101', 'Derived', '2011-01-07', '04:00:00', '', '', '', 'Oral', '', '', 'mg', '', '', 'SODIUM CHLORIDE', 'Intravenous supplies', '', 'S0115');
INSERT INTO optum_panther_ehr_tests_native.medication_administrations(ptid, encid, orderid, drug_name, ndc, ndc_source, order_date, order_time, admin_date, admin_time, provid, route, quantity_of_dose, strength, strength_unit, dosage_form, dose_frequency, generic_desc, drug_class, discontinue_reason, sourceid) VALUES ('PT137', '', '', 'SODIUM CHLORIDE 0.9 %', '58487000102', 'Derived', '2013-01-07', '04:00:00', '', '', '', 'Oral', '', '', 'mg', '', '', 'SODIUM CHLORIDE', 'Intravenous supplies', '', 'S0115');
-- 138: Patient has multiple MEDICATION_ADMINISTRATIONS records, all within enrollment period, but have the same encounter_id, ndc and order_date.
INSERT INTO optum_panther_ehr_tests_native.encounter(ptid, visitid, encid, interaction_type, interaction_date, interaction_time, academic_community_flag, sourceid) VALUES ('PT138', '', 'E0000139', 'Inpatient', '2011-01-07', '04:00:00', 'U', 'S0115');
INSERT INTO optum_panther_ehr_tests_native.patient(ptid, birth_yr, gender, race, ethnicity, region, division, avg_hh_income, pct_college_educ, deceased_indicator, date_of_death, provid_pcp, idn_indicator, first_month_active, last_month_active, notes_eligible, has_notes, sourceid, source_data_through) VALUES ('PT138', '1933 and Earlier', 'Female', 'Caucasian', 'Not Hispanic', 'Midwest', 'East North Central', '', '', '0', '      ', '', '1', '201005', '201212', '1', 'Y', 'S0115', '202206');
INSERT INTO optum_panther_ehr_tests_native.medication_administrations(ptid, encid, orderid, drug_name, ndc, ndc_source, order_date, order_time, admin_date, admin_time, provid, route, quantity_of_dose, strength, strength_unit, dosage_form, dose_frequency, generic_desc, drug_class, discontinue_reason, sourceid) VALUES ('PT138', 'E0000139', '', 'SODIUM CHLORIDE 0.9 %', '55111067101', 'Derived', '2011-01-07', '04:00:00', '', '', '', 'Oral', '', '', 'mg', '', '', 'SODIUM CHLORIDE', 'Intravenous supplies', '', 'S0115');
INSERT INTO optum_panther_ehr_tests_native.medication_administrations(ptid, encid, orderid, drug_name, ndc, ndc_source, order_date, order_time, admin_date, admin_time, provid, route, quantity_of_dose, strength, strength_unit, dosage_form, dose_frequency, generic_desc, drug_class, discontinue_reason, sourceid) VALUES ('PT138', 'E0000139', '', 'SODIUM CHLORIDE 0.9 %', '55111067101', 'Derived', '2011-01-07', '04:00:00', '', '', '', 'Oral', '', '', 'mg', '', '', 'SODIUM CHLORIDE', 'Intravenous supplies', '', 'S0115');
-- 140: Patient has multiple MEDICATION_ADMINISTRATIONS records, all within enrollment period, that have the same ndc on the same day, but different encounters.
INSERT INTO optum_panther_ehr_tests_native.encounter(ptid, visitid, encid, interaction_type, interaction_date, interaction_time, academic_community_flag, sourceid) VALUES ('PT140', '', 'E0000141', 'Inpatient', '2011-01-07', '04:00:00', 'U', 'S0115');
INSERT INTO optum_panther_ehr_tests_native.encounter(ptid, visitid, encid, interaction_type, interaction_date, interaction_time, academic_community_flag, sourceid) VALUES ('PT140', '', 'E0000142', 'Inpatient', '2011-01-07', '04:00:00', 'U', 'S0115');
INSERT INTO optum_panther_ehr_tests_native.patient(ptid, birth_yr, gender, race, ethnicity, region, division, avg_hh_income, pct_college_educ, deceased_indicator, date_of_death, provid_pcp, idn_indicator, first_month_active, last_month_active, notes_eligible, has_notes, sourceid, source_data_through) VALUES ('PT140', '1933 and Earlier', 'Female', 'Caucasian', 'Not Hispanic', 'Midwest', 'East North Central', '', '', '0', '      ', '', '1', '201005', '201212', '1', 'Y', 'S0115', '202206');
INSERT INTO optum_panther_ehr_tests_native.medication_administrations(ptid, encid, orderid, drug_name, ndc, ndc_source, order_date, order_time, admin_date, admin_time, provid, route, quantity_of_dose, strength, strength_unit, dosage_form, dose_frequency, generic_desc, drug_class, discontinue_reason, sourceid) VALUES ('PT140', 'E0000141', '', 'SODIUM CHLORIDE 0.9 %', '55111067101', 'Derived', '2011-01-07', '04:00:00', '', '', '', 'Oral', '', '', 'mg', '', '', 'SODIUM CHLORIDE', 'Intravenous supplies', '', 'S0115');
INSERT INTO optum_panther_ehr_tests_native.medication_administrations(ptid, encid, orderid, drug_name, ndc, ndc_source, order_date, order_time, admin_date, admin_time, provid, route, quantity_of_dose, strength, strength_unit, dosage_form, dose_frequency, generic_desc, drug_class, discontinue_reason, sourceid) VALUES ('PT140', 'E0000142', '', 'SODIUM CHLORIDE 0.9 %', '55111067101', 'Derived', '2011-01-07', '04:00:00', '', '', '', 'Oral', '', '', 'mg', '', '', 'SODIUM CHLORIDE', 'Intravenous supplies', '', 'S0115');
-- 143: Patient has series of MEDICATION_ADMINISTRATIONS with the same encounter_id, but different order_date
INSERT INTO optum_panther_ehr_tests_native.encounter(ptid, visitid, encid, interaction_type, interaction_date, interaction_time, academic_community_flag, sourceid) VALUES ('PT143', '', 'E0000144', 'Inpatient', '2011-01-07', '04:00:00', 'U', 'S0115');
INSERT INTO optum_panther_ehr_tests_native.patient(ptid, birth_yr, gender, race, ethnicity, region, division, avg_hh_income, pct_college_educ, deceased_indicator, date_of_death, provid_pcp, idn_indicator, first_month_active, last_month_active, notes_eligible, has_notes, sourceid, source_data_through) VALUES ('PT143', '1933 and Earlier', 'Female', 'Caucasian', 'Not Hispanic', 'Midwest', 'East North Central', '', '', '0', '      ', '', '1', '201005', '201212', '1', 'Y', 'S0115', '202206');
INSERT INTO optum_panther_ehr_tests_native.medication_administrations(ptid, encid, orderid, drug_name, ndc, ndc_source, order_date, order_time, admin_date, admin_time, provid, route, quantity_of_dose, strength, strength_unit, dosage_form, dose_frequency, generic_desc, drug_class, discontinue_reason, sourceid) VALUES ('PT143', 'E0000144', '', 'SODIUM CHLORIDE 0.9 %', '55111067101', 'Derived', '2011-01-07', '04:00:00', '', '', '', 'Oral', '', '', 'mg', '', '', 'SODIUM CHLORIDE', 'Intravenous supplies', '', 'S0115');
INSERT INTO optum_panther_ehr_tests_native.medication_administrations(ptid, encid, orderid, drug_name, ndc, ndc_source, order_date, order_time, admin_date, admin_time, provid, route, quantity_of_dose, strength, strength_unit, dosage_form, dose_frequency, generic_desc, drug_class, discontinue_reason, sourceid) VALUES ('PT143', 'E0000144', '', 'SODIUM CHLORIDE 0.9 %', '55111067101', 'Derived', '2011-01-08', '04:00:00', '', '', '', 'Oral', '', '', 'mg', '', '', 'SODIUM CHLORIDE', 'Intravenous supplies', '', 'S0115');
-- 145: Patient has MEDICATION_ADMINISTRATIONS with provid that is NULL but the encounter has a valid provider id specified
INSERT INTO optum_panther_ehr_tests_native.patient(ptid, birth_yr, gender, race, ethnicity, region, division, avg_hh_income, pct_college_educ, deceased_indicator, date_of_death, provid_pcp, idn_indicator, first_month_active, last_month_active, notes_eligible, has_notes, sourceid, source_data_through) VALUES ('PT145', '1933 and Earlier', 'Female', 'Caucasian', 'Not Hispanic', 'Midwest', 'East North Central', '', '', '0', '      ', '', '1', '201005', '201212', '1', 'Y', 'S0115', '202206');
INSERT INTO optum_panther_ehr_tests_native.provider(provid, specialty, prim_spec_ind, taxonomy, sourceid) VALUES ('147', 'Internal Medicine', '1', '', 'S0115');
INSERT INTO optum_panther_ehr_tests_native.encounter(ptid, visitid, encid, interaction_type, interaction_date, interaction_time, academic_community_flag, sourceid) VALUES ('PT145', '', 'E0000146', 'Inpatient', '2012-01-08', '04:00:00', 'U', 'S0115');
INSERT INTO optum_panther_ehr_tests_native.encounter_provider(encid, provid, provider_role, sourceid) VALUES ('E0000146', '147', 'ATTENDING', 'S0034');
INSERT INTO optum_panther_ehr_tests_native.medication_administrations(ptid, encid, orderid, drug_name, ndc, ndc_source, order_date, order_time, admin_date, admin_time, provid, route, quantity_of_dose, strength, strength_unit, dosage_form, dose_frequency, generic_desc, drug_class, discontinue_reason, sourceid) VALUES ('PT145', 'E0000146', '', 'SODIUM CHLORIDE 0.9 %', '55111067101', 'Derived', '2012-01-08', '04:00:00', '', '', NULL, 'Oral', '', '', 'mg', '', '', 'SODIUM CHLORIDE', 'Intravenous supplies', '', 'S0115');
-- 148: Patient has MEDICATION_ADMINISTRATIONS with an NDC that is properly mapped to the source_concept_id and standard concept_id
INSERT INTO optum_panther_ehr_tests_native.patient(ptid, birth_yr, gender, race, ethnicity, region, division, avg_hh_income, pct_college_educ, deceased_indicator, date_of_death, provid_pcp, idn_indicator, first_month_active, last_month_active, notes_eligible, has_notes, sourceid, source_data_through) VALUES ('PT148', '1933 and Earlier', 'Female', 'Caucasian', 'Not Hispanic', 'Midwest', 'East North Central', '', '', '0', '      ', '', '1', '201005', '201212', '1', 'Y', 'S0115', '202206');
INSERT INTO optum_panther_ehr_tests_native.medication_administrations(ptid, encid, orderid, drug_name, ndc, ndc_source, order_date, order_time, admin_date, admin_time, provid, route, quantity_of_dose, strength, strength_unit, dosage_form, dose_frequency, generic_desc, drug_class, discontinue_reason, sourceid) VALUES ('PT148', '', '', 'SODIUM CHLORIDE 0.9 %', '55111067101', 'Derived', '2012-01-08', '04:00:00', '', '', '', 'Oral', '', '', 'mg', '', '', 'SODIUM CHLORIDE', 'Intravenous supplies', '', 'S0115');
-- 149: Patient has MEDICATION_ADMINISTRATIONS with a valid quantity_of_dose
INSERT INTO optum_panther_ehr_tests_native.patient(ptid, birth_yr, gender, race, ethnicity, region, division, avg_hh_income, pct_college_educ, deceased_indicator, date_of_death, provid_pcp, idn_indicator, first_month_active, last_month_active, notes_eligible, has_notes, sourceid, source_data_through) VALUES ('PT149', '1933 and Earlier', 'Female', 'Caucasian', 'Not Hispanic', 'Midwest', 'East North Central', '', '', '0', '      ', '', '1', '201005', '201212', '1', 'Y', 'S0115', '202206');
INSERT INTO optum_panther_ehr_tests_native.medication_administrations(ptid, encid, orderid, drug_name, ndc, ndc_source, order_date, order_time, admin_date, admin_time, provid, route, quantity_of_dose, strength, strength_unit, dosage_form, dose_frequency, generic_desc, drug_class, discontinue_reason, sourceid) VALUES ('PT149', '', '', 'SODIUM CHLORIDE 0.9 %', '55111067101', 'Derived', '2012-01-08', '04:00:00', '', '', '', 'Oral', '0.5', '', 'mg', '', '', 'SODIUM CHLORIDE', 'Intravenous supplies', '', 'S0115');
-- 150: Patient has MEDICATION_ADMINISTRATIONS and the route value is found in the source-to-concept-map and assigned the proper concept_id
INSERT INTO optum_panther_ehr_tests_native.patient(ptid, birth_yr, gender, race, ethnicity, region, division, avg_hh_income, pct_college_educ, deceased_indicator, date_of_death, provid_pcp, idn_indicator, first_month_active, last_month_active, notes_eligible, has_notes, sourceid, source_data_through) VALUES ('PT150', '1933 and Earlier', 'Female', 'Caucasian', 'Not Hispanic', 'Midwest', 'East North Central', '', '', '0', '      ', '', '1', '201005', '201212', '1', 'Y', 'S0115', '202206');
INSERT INTO optum_panther_ehr_tests_native.medication_administrations(ptid, encid, orderid, drug_name, ndc, ndc_source, order_date, order_time, admin_date, admin_time, provid, route, quantity_of_dose, strength, strength_unit, dosage_form, dose_frequency, generic_desc, drug_class, discontinue_reason, sourceid) VALUES ('PT150', '', '', 'SODIUM CHLORIDE 0.9 %', '55111067101', 'Derived', '2012-01-08', '04:00:00', '', '', '', 'Oral', '', '', 'mg', '', '', 'SODIUM CHLORIDE', 'Intravenous supplies', '', 'S0115');
-- 151: Patient has MEDICATION_ADMINISTRATIONS and the route value is NOT found in the source-to-concept-map and assigned concept_id of 0
INSERT INTO optum_panther_ehr_tests_native.patient(ptid, birth_yr, gender, race, ethnicity, region, division, avg_hh_income, pct_college_educ, deceased_indicator, date_of_death, provid_pcp, idn_indicator, first_month_active, last_month_active, notes_eligible, has_notes, sourceid, source_data_through) VALUES ('PT151', '1933 and Earlier', 'Female', 'Caucasian', 'Not Hispanic', 'Midwest', 'East North Central', '', '', '0', '      ', '', '1', '201005', '201212', '1', 'Y', 'S0115', '202206');
INSERT INTO optum_panther_ehr_tests_native.medication_administrations(ptid, encid, orderid, drug_name, ndc, ndc_source, order_date, order_time, admin_date, admin_time, provid, route, quantity_of_dose, strength, strength_unit, dosage_form, dose_frequency, generic_desc, drug_class, discontinue_reason, sourceid) VALUES ('PT151', '', '', 'SODIUM CHLORIDE 0.9 %', '55111067101', 'Derived', '2012-01-08', '04:00:00', '', '', '', 'Osmosis', '', '', 'mg', '', '', 'SODIUM CHLORIDE', 'Intravenous supplies', '', 'S0115');
-- 152: Patient has MEDICATION_ADMINISTRATIONS with a strength_unit that maps to dose_unit_source_value
INSERT INTO optum_panther_ehr_tests_native.patient(ptid, birth_yr, gender, race, ethnicity, region, division, avg_hh_income, pct_college_educ, deceased_indicator, date_of_death, provid_pcp, idn_indicator, first_month_active, last_month_active, notes_eligible, has_notes, sourceid, source_data_through) VALUES ('PT152', '1933 and Earlier', 'Female', 'Caucasian', 'Not Hispanic', 'Midwest', 'East North Central', '', '', '0', '      ', '', '1', '201005', '201212', '1', 'Y', 'S0115', '202206');
INSERT INTO optum_panther_ehr_tests_native.medication_administrations(ptid, encid, orderid, drug_name, ndc, ndc_source, order_date, order_time, admin_date, admin_time, provid, route, quantity_of_dose, strength, strength_unit, dosage_form, dose_frequency, generic_desc, drug_class, discontinue_reason, sourceid) VALUES ('PT152', '', '', 'SODIUM CHLORIDE 0.9 %', '55111067101', 'Derived', '2012-01-08', '04:00:00', '', '', '', 'Oral', '', '', 'mg/mL', '', '', 'SODIUM CHLORIDE', 'Intravenous supplies', '', 'S0115');
-- 153: Patient has PRESCRIPTIONS_WRITTEN with valid information
INSERT INTO optum_panther_ehr_tests_native.patient(ptid, birth_yr, gender, race, ethnicity, region, division, avg_hh_income, pct_college_educ, deceased_indicator, date_of_death, provid_pcp, idn_indicator, first_month_active, last_month_active, notes_eligible, has_notes, sourceid, source_data_through) VALUES ('PT153', '1933 and Earlier', 'Female', 'Caucasian', 'Not Hispanic', 'Midwest', 'East North Central', '', '', '0', '      ', '', '1', '201005', '201212', '1', 'Y', 'S0115', '202206');
INSERT INTO optum_panther_ehr_tests_native.prescriptions_written(ptid, rxdate, rxtime, drug_name, ndc, ndc_source, provid, route, quantity_of_dose, strength, strength_unit, dosage_form, daily_dose, dose_frequency, quantity_per_fill, num_refills, days_supply, generic_desc, drug_class, discontinue_reason, ndc_mapped_attributes, sourceid) VALUES ('PT153', '2012-01-08', '04:00:00', '', '00406012301', 'Direct', '', 'Oral', '', '10', 'mg', 'Tablet', '', '', '30 tablet', '0', '', 'HYDROCODONE BITARTRATE/ACETAMINOPHEN', 'Narcotic & analgesic combinations', '', '', 'S0118');
-- 154: Patient has multiple PRESCRIPTIONS_WRITTEN with the first within the enrollment period, the second outside of enrollment.
INSERT INTO optum_panther_ehr_tests_native.patient(ptid, birth_yr, gender, race, ethnicity, region, division, avg_hh_income, pct_college_educ, deceased_indicator, date_of_death, provid_pcp, idn_indicator, first_month_active, last_month_active, notes_eligible, has_notes, sourceid, source_data_through) VALUES ('PT154', '1933 and Earlier', 'Female', 'Caucasian', 'Not Hispanic', 'Midwest', 'East North Central', '', '', '0', '      ', '', '1', '201005', '201212', '1', 'Y', 'S0115', '202206');
INSERT INTO optum_panther_ehr_tests_native.prescriptions_written(ptid, rxdate, rxtime, drug_name, ndc, ndc_source, provid, route, quantity_of_dose, strength, strength_unit, dosage_form, daily_dose, dose_frequency, quantity_per_fill, num_refills, days_supply, generic_desc, drug_class, discontinue_reason, ndc_mapped_attributes, sourceid) VALUES ('PT154', '2012-01-08', '04:00:00', '', '00406012301', 'Direct', '', 'Oral', '', '10', 'mg', 'Tablet', '', '', '30 tablet', '0', '', 'HYDROCODONE BITARTRATE/ACETAMINOPHEN', 'Narcotic & analgesic combinations', '', '', 'S0118');
INSERT INTO optum_panther_ehr_tests_native.prescriptions_written(ptid, rxdate, rxtime, drug_name, ndc, ndc_source, provid, route, quantity_of_dose, strength, strength_unit, dosage_form, daily_dose, dose_frequency, quantity_per_fill, num_refills, days_supply, generic_desc, drug_class, discontinue_reason, ndc_mapped_attributes, sourceid) VALUES ('PT154', '2014-01-08', '04:00:00', '', '00406012301', 'Direct', '', 'Oral', '', '10', 'mg', 'Tablet', '', '', '30 tablet', '0', '', 'HYDROCODONE BITARTRATE/ACETAMINOPHEN', 'Narcotic & analgesic combinations', '', '', 'S0118');
-- 155: Patient has PRESCRIPTIONS_WRITTEN and the NDC is properly mapped to the source_concept_id and standard concept_id
INSERT INTO optum_panther_ehr_tests_native.patient(ptid, birth_yr, gender, race, ethnicity, region, division, avg_hh_income, pct_college_educ, deceased_indicator, date_of_death, provid_pcp, idn_indicator, first_month_active, last_month_active, notes_eligible, has_notes, sourceid, source_data_through) VALUES ('PT155', '1933 and Earlier', 'Female', 'Caucasian', 'Not Hispanic', 'Midwest', 'East North Central', '', '', '0', '      ', '', '1', '201005', '201212', '1', 'Y', 'S0115', '202206');
INSERT INTO optum_panther_ehr_tests_native.prescriptions_written(ptid, rxdate, rxtime, drug_name, ndc, ndc_source, provid, route, quantity_of_dose, strength, strength_unit, dosage_form, daily_dose, dose_frequency, quantity_per_fill, num_refills, days_supply, generic_desc, drug_class, discontinue_reason, ndc_mapped_attributes, sourceid) VALUES ('PT155', '2012-01-08', '04:00:00', '', '55111067101', 'Direct', '', 'Oral', '', '10', 'mg', 'Tablet', '', '', '30 tablet', '0', '', 'HYDROCODONE BITARTRATE/ACETAMINOPHEN', 'Narcotic & analgesic combinations', '', '', 'S0118');
-- 156: Patient has PRESCRIPTIONS_WRITTEN with quantity_per_fill that contains non-numeric values
INSERT INTO optum_panther_ehr_tests_native.patient(ptid, birth_yr, gender, race, ethnicity, region, division, avg_hh_income, pct_college_educ, deceased_indicator, date_of_death, provid_pcp, idn_indicator, first_month_active, last_month_active, notes_eligible, has_notes, sourceid, source_data_through) VALUES ('PT156', '1933 and Earlier', 'Female', 'Caucasian', 'Not Hispanic', 'Midwest', 'East North Central', '', '', '0', '      ', '', '1', '201005', '201212', '1', 'Y', 'S0115', '202206');
INSERT INTO optum_panther_ehr_tests_native.prescriptions_written(ptid, rxdate, rxtime, drug_name, ndc, ndc_source, provid, route, quantity_of_dose, strength, strength_unit, dosage_form, daily_dose, dose_frequency, quantity_per_fill, num_refills, days_supply, generic_desc, drug_class, discontinue_reason, ndc_mapped_attributes, sourceid) VALUES ('PT156', '2012-01-08', '04:00:00', '', '55111067101', 'Direct', '', 'Oral', '', '10', 'mg', 'Tablet', '', '', '90 Tab', '0', '', 'HYDROCODONE BITARTRATE/ACETAMINOPHEN', 'Narcotic & analgesic combinations', '', '', 'S0118');
-- 157: Patient has PRESCRIPTIONS_WRITTEN with quantity_per_fill that contains only numerics
INSERT INTO optum_panther_ehr_tests_native.patient(ptid, birth_yr, gender, race, ethnicity, region, division, avg_hh_income, pct_college_educ, deceased_indicator, date_of_death, provid_pcp, idn_indicator, first_month_active, last_month_active, notes_eligible, has_notes, sourceid, source_data_through) VALUES ('PT157', '1933 and Earlier', 'Female', 'Caucasian', 'Not Hispanic', 'Midwest', 'East North Central', '', '', '0', '      ', '', '1', '201005', '201212', '1', 'Y', 'S0115', '202206');
INSERT INTO optum_panther_ehr_tests_native.prescriptions_written(ptid, rxdate, rxtime, drug_name, ndc, ndc_source, provid, route, quantity_of_dose, strength, strength_unit, dosage_form, daily_dose, dose_frequency, quantity_per_fill, num_refills, days_supply, generic_desc, drug_class, discontinue_reason, ndc_mapped_attributes, sourceid) VALUES ('PT157', '2012-01-08', '04:00:00', '', '55111067101', 'Direct', '', 'Oral', '', '10', 'mg', 'Tablet', '', '', '90', '0', '', 'HYDROCODONE BITARTRATE/ACETAMINOPHEN', 'Narcotic & analgesic combinations', '', '', 'S0118');
-- 158: Patient has PRESCRIPTIONS_WRITTEN with quantity_per_fill that contains NULL AND quantity_of_dose is NOT NULL
INSERT INTO optum_panther_ehr_tests_native.patient(ptid, birth_yr, gender, race, ethnicity, region, division, avg_hh_income, pct_college_educ, deceased_indicator, date_of_death, provid_pcp, idn_indicator, first_month_active, last_month_active, notes_eligible, has_notes, sourceid, source_data_through) VALUES ('PT158', '1933 and Earlier', 'Female', 'Caucasian', 'Not Hispanic', 'Midwest', 'East North Central', '', '', '0', '      ', '', '1', '201005', '201212', '1', 'Y', 'S0115', '202206');
INSERT INTO optum_panther_ehr_tests_native.prescriptions_written(ptid, rxdate, rxtime, drug_name, ndc, ndc_source, provid, route, quantity_of_dose, strength, strength_unit, dosage_form, daily_dose, dose_frequency, quantity_per_fill, num_refills, days_supply, generic_desc, drug_class, discontinue_reason, ndc_mapped_attributes, sourceid) VALUES ('PT158', '2012-01-08', '04:00:00', '', '55111067101', 'Direct', '', 'Oral', '1', '10', 'mg', 'Tablet', '', '', NULL, '0', '', 'HYDROCODONE BITARTRATE/ACETAMINOPHEN', 'Narcotic & analgesic combinations', '', '', 'S0118');
-- 159: Patient has PRESCRIPTIONS_WRITTEN with quantity_per_fill that contains NULL AND quantity_of_dose is NOT NULL with text
INSERT INTO optum_panther_ehr_tests_native.patient(ptid, birth_yr, gender, race, ethnicity, region, division, avg_hh_income, pct_college_educ, deceased_indicator, date_of_death, provid_pcp, idn_indicator, first_month_active, last_month_active, notes_eligible, has_notes, sourceid, source_data_through) VALUES ('PT159', '1933 and Earlier', 'Female', 'Caucasian', 'Not Hispanic', 'Midwest', 'East North Central', '', '', '0', '      ', '', '1', '201005', '201212', '1', 'Y', 'S0115', '202206');
INSERT INTO optum_panther_ehr_tests_native.prescriptions_written(ptid, rxdate, rxtime, drug_name, ndc, ndc_source, provid, route, quantity_of_dose, strength, strength_unit, dosage_form, daily_dose, dose_frequency, quantity_per_fill, num_refills, days_supply, generic_desc, drug_class, discontinue_reason, ndc_mapped_attributes, sourceid) VALUES ('PT159', '2012-01-08', '04:00:00', '', '55111067101', 'Direct', '', 'Oral', '1 tablet', '10', 'mg', 'Tablet', '', '', NULL, '0', '', 'HYDROCODONE BITARTRATE/ACETAMINOPHEN', 'Narcotic & analgesic combinations', '', '', 'S0118');
-- 160: Patient has PRESCRIPTIONS_WRITTEN with num_refils that contains only numerics
INSERT INTO optum_panther_ehr_tests_native.patient(ptid, birth_yr, gender, race, ethnicity, region, division, avg_hh_income, pct_college_educ, deceased_indicator, date_of_death, provid_pcp, idn_indicator, first_month_active, last_month_active, notes_eligible, has_notes, sourceid, source_data_through) VALUES ('PT160', '1933 and Earlier', 'Female', 'Caucasian', 'Not Hispanic', 'Midwest', 'East North Central', '', '', '0', '      ', '', '1', '201005', '201212', '1', 'Y', 'S0115', '202206');
INSERT INTO optum_panther_ehr_tests_native.prescriptions_written(ptid, rxdate, rxtime, drug_name, ndc, ndc_source, provid, route, quantity_of_dose, strength, strength_unit, dosage_form, daily_dose, dose_frequency, quantity_per_fill, num_refills, days_supply, generic_desc, drug_class, discontinue_reason, ndc_mapped_attributes, sourceid) VALUES ('PT160', '2012-01-08', '04:00:00', '', '55111067101', 'Direct', '', 'Oral', '', '10', 'mg', 'Tablet', '', '', '30 tablet', '0', '', 'HYDROCODONE BITARTRATE/ACETAMINOPHEN', 'Narcotic & analgesic combinations', '', '', 'S0118');
-- 161: Patient has PRESCRIPTIONS_WRITTEN with quantity_per_fill that contains an empty value
INSERT INTO optum_panther_ehr_tests_native.patient(ptid, birth_yr, gender, race, ethnicity, region, division, avg_hh_income, pct_college_educ, deceased_indicator, date_of_death, provid_pcp, idn_indicator, first_month_active, last_month_active, notes_eligible, has_notes, sourceid, source_data_through) VALUES ('PT161', '1933 and Earlier', 'Female', 'Caucasian', 'Not Hispanic', 'Midwest', 'East North Central', '', '', '0', '      ', '', '1', '201005', '201212', '1', 'Y', 'S0115', '202206');
INSERT INTO optum_panther_ehr_tests_native.prescriptions_written(ptid, rxdate, rxtime, drug_name, ndc, ndc_source, provid, route, quantity_of_dose, strength, strength_unit, dosage_form, daily_dose, dose_frequency, quantity_per_fill, num_refills, days_supply, generic_desc, drug_class, discontinue_reason, ndc_mapped_attributes, sourceid) VALUES ('PT161', '2012-01-08', '04:00:00', '', '55111067101', 'Direct', '', 'Oral', '', '10', 'mg', 'Tablet', '', '', NULL, '0', '', 'HYDROCODONE BITARTRATE/ACETAMINOPHEN', 'Narcotic & analgesic combinations', '', '', 'S0118');
-- 162: Patient has PRESCRIPTIONS_WRITTEN with days_supply that contains only numerics
INSERT INTO optum_panther_ehr_tests_native.patient(ptid, birth_yr, gender, race, ethnicity, region, division, avg_hh_income, pct_college_educ, deceased_indicator, date_of_death, provid_pcp, idn_indicator, first_month_active, last_month_active, notes_eligible, has_notes, sourceid, source_data_through) VALUES ('PT162', '1933 and Earlier', 'Female', 'Caucasian', 'Not Hispanic', 'Midwest', 'East North Central', '', '', '0', '      ', '', '1', '201005', '201212', '1', 'Y', 'S0115', '202206');
INSERT INTO optum_panther_ehr_tests_native.prescriptions_written(ptid, rxdate, rxtime, drug_name, ndc, ndc_source, provid, route, quantity_of_dose, strength, strength_unit, dosage_form, daily_dose, dose_frequency, quantity_per_fill, num_refills, days_supply, generic_desc, drug_class, discontinue_reason, ndc_mapped_attributes, sourceid) VALUES ('PT162', '2012-01-08', '04:00:00', '', '55111067101', 'Direct', '', 'Oral', '', '10', 'mg', 'Tablet', '', '', '30 tablet', '0', '1.0', 'HYDROCODONE BITARTRATE/ACETAMINOPHEN', 'Narcotic & analgesic combinations', '', '', 'S0118');
-- 163: Patient has PRESCRIPTIONS_WRITTEN with days_supply that contains an empty value
INSERT INTO optum_panther_ehr_tests_native.patient(ptid, birth_yr, gender, race, ethnicity, region, division, avg_hh_income, pct_college_educ, deceased_indicator, date_of_death, provid_pcp, idn_indicator, first_month_active, last_month_active, notes_eligible, has_notes, sourceid, source_data_through) VALUES ('PT163', '1933 and Earlier', 'Female', 'Caucasian', 'Not Hispanic', 'Midwest', 'East North Central', '', '', '0', '      ', '', '1', '201005', '201212', '1', 'Y', 'S0115', '202206');
INSERT INTO optum_panther_ehr_tests_native.prescriptions_written(ptid, rxdate, rxtime, drug_name, ndc, ndc_source, provid, route, quantity_of_dose, strength, strength_unit, dosage_form, daily_dose, dose_frequency, quantity_per_fill, num_refills, days_supply, generic_desc, drug_class, discontinue_reason, ndc_mapped_attributes, sourceid) VALUES ('PT163', '2012-01-08', '04:00:00', '', '55111067101', 'Direct', '', 'Oral', '', '10', 'mg', 'Tablet', '', '', '30 tablet', '0', NULL, 'HYDROCODONE BITARTRATE/ACETAMINOPHEN', 'Narcotic & analgesic combinations', '', '', 'S0118');
-- 164: Patient has PRESCRIPTIONS_WRITTEN with a route that is specified in the route source-to-concept map.
INSERT INTO optum_panther_ehr_tests_native.patient(ptid, birth_yr, gender, race, ethnicity, region, division, avg_hh_income, pct_college_educ, deceased_indicator, date_of_death, provid_pcp, idn_indicator, first_month_active, last_month_active, notes_eligible, has_notes, sourceid, source_data_through) VALUES ('PT164', '1933 and Earlier', 'Female', 'Caucasian', 'Not Hispanic', 'Midwest', 'East North Central', '', '', '0', '      ', '', '1', '201005', '201212', '1', 'Y', 'S0115', '202206');
INSERT INTO optum_panther_ehr_tests_native.prescriptions_written(ptid, rxdate, rxtime, drug_name, ndc, ndc_source, provid, route, quantity_of_dose, strength, strength_unit, dosage_form, daily_dose, dose_frequency, quantity_per_fill, num_refills, days_supply, generic_desc, drug_class, discontinue_reason, ndc_mapped_attributes, sourceid) VALUES ('PT164', '2012-01-08', '04:00:00', '', '55111067101', 'Direct', '', 'Oral', '', '10', 'mg', 'Tablet', '', '', '30 tablet', '0', '', 'HYDROCODONE BITARTRATE/ACETAMINOPHEN', 'Narcotic & analgesic combinations', '', '', 'S0118');
-- 165: Patient has PRESCRIPTIONS_WRITTEN with strength + strength_unit + dose_frequency + dosage_form that should be concatenated
INSERT INTO optum_panther_ehr_tests_native.patient(ptid, birth_yr, gender, race, ethnicity, region, division, avg_hh_income, pct_college_educ, deceased_indicator, date_of_death, provid_pcp, idn_indicator, first_month_active, last_month_active, notes_eligible, has_notes, sourceid, source_data_through) VALUES ('PT165', '1933 and Earlier', 'Female', 'Caucasian', 'Not Hispanic', 'Midwest', 'East North Central', '', '', '0', '      ', '', '1', '201005', '201212', '1', 'Y', 'S0115', '202206');
INSERT INTO optum_panther_ehr_tests_native.prescriptions_written(ptid, rxdate, rxtime, drug_name, ndc, ndc_source, provid, route, quantity_of_dose, strength, strength_unit, dosage_form, daily_dose, dose_frequency, quantity_per_fill, num_refills, days_supply, generic_desc, drug_class, discontinue_reason, ndc_mapped_attributes, sourceid) VALUES ('PT165', '2012-01-08', '04:00:00', '', '55111067101', 'Direct', '', 'Oral', '', '20 - 25', '15 MG', 'Capsule Delayed Release', '', '1 time a day', '30 tablet', '0', '', 'HYDROCODONE BITARTRATE/ACETAMINOPHEN', 'Narcotic & analgesic combinations', '', '', 'S0118');
-- 166: Patient has patient_reported_medications with valid information
INSERT INTO optum_panther_ehr_tests_native.patient(ptid, birth_yr, gender, race, ethnicity, region, division, avg_hh_income, pct_college_educ, deceased_indicator, date_of_death, provid_pcp, idn_indicator, first_month_active, last_month_active, notes_eligible, has_notes, sourceid, source_data_through) VALUES ('PT166', '1933 and Earlier', 'Female', 'Caucasian', 'Not Hispanic', 'Midwest', 'East North Central', '', '', '0', '      ', '', '1', '201005', '201212', '1', 'Y', 'S0115', '202206');
INSERT INTO optum_panther_ehr_tests_native.patient_reported_medications(ptid, reported_date, drug_name, ndc, ndc_source, provid, route, quantity_of_dose, strength, strength_unit, dosage_form, dose_frequency, generic_desc, drug_class, sourceid) VALUES ('PT166', '2012-01-08', '', '69618004610', 'Direct', '', 'Oral', '', '', '', '', '', '', 'Salicylates', 'S0118');
-- 167: Patient has multiple patient_reported_medications with the first within the enrollment period, the second outside of enrollment.
INSERT INTO optum_panther_ehr_tests_native.patient(ptid, birth_yr, gender, race, ethnicity, region, division, avg_hh_income, pct_college_educ, deceased_indicator, date_of_death, provid_pcp, idn_indicator, first_month_active, last_month_active, notes_eligible, has_notes, sourceid, source_data_through) VALUES ('PT167', '1933 and Earlier', 'Female', 'Caucasian', 'Not Hispanic', 'Midwest', 'East North Central', '', '', '0', '      ', '', '1', '201005', '201212', '1', 'Y', 'S0115', '202206');
INSERT INTO optum_panther_ehr_tests_native.patient_reported_medications(ptid, reported_date, drug_name, ndc, ndc_source, provid, route, quantity_of_dose, strength, strength_unit, dosage_form, dose_frequency, generic_desc, drug_class, sourceid) VALUES ('PT167', '2012-01-08', '', '69618004610', 'Direct', '', 'Oral', '', '', '', '', '', '', 'Salicylates', 'S0118');
INSERT INTO optum_panther_ehr_tests_native.patient_reported_medications(ptid, reported_date, drug_name, ndc, ndc_source, provid, route, quantity_of_dose, strength, strength_unit, dosage_form, dose_frequency, generic_desc, drug_class, sourceid) VALUES ('PT167', '2014-01-08', '', '69618004610', 'Direct', '', 'Oral', '', '', '', '', '', '', 'Salicylates', 'S0118');
-- 168: Patient has patient_reported_medications with valid reported_date and drug_type_concept_id
INSERT INTO optum_panther_ehr_tests_native.patient(ptid, birth_yr, gender, race, ethnicity, region, division, avg_hh_income, pct_college_educ, deceased_indicator, date_of_death, provid_pcp, idn_indicator, first_month_active, last_month_active, notes_eligible, has_notes, sourceid, source_data_through) VALUES ('PT168', '1933 and Earlier', 'Female', 'Caucasian', 'Not Hispanic', 'Midwest', 'East North Central', '', '', '0', '      ', '', '1', '201005', '201212', '1', 'Y', 'S0115', '202206');
INSERT INTO optum_panther_ehr_tests_native.patient_reported_medications(ptid, reported_date, drug_name, ndc, ndc_source, provid, route, quantity_of_dose, strength, strength_unit, dosage_form, dose_frequency, generic_desc, drug_class, sourceid) VALUES ('PT168', '2012-01-08', '', '55111067101', 'Direct', '', 'Oral', '', '', '', '', '', '', 'Salicylates', 'S0118');
-- 169: Patient has patient_reported_medications and the NDC is properly mapped to the source_concept_id and standard concept_id
INSERT INTO optum_panther_ehr_tests_native.patient(ptid, birth_yr, gender, race, ethnicity, region, division, avg_hh_income, pct_college_educ, deceased_indicator, date_of_death, provid_pcp, idn_indicator, first_month_active, last_month_active, notes_eligible, has_notes, sourceid, source_data_through) VALUES ('PT169', '1933 and Earlier', 'Female', 'Caucasian', 'Not Hispanic', 'Midwest', 'East North Central', '', '', '0', '      ', '', '1', '201005', '201212', '1', 'Y', 'S0115', '202206');
INSERT INTO optum_panther_ehr_tests_native.patient_reported_medications(ptid, reported_date, drug_name, ndc, ndc_source, provid, route, quantity_of_dose, strength, strength_unit, dosage_form, dose_frequency, generic_desc, drug_class, sourceid) VALUES ('PT169', '2012-01-08', '', '55111067101', 'Direct', '', 'Oral', '', '', '', '', '', '', 'Salicylates', 'S0118');
-- 170: Patient has patient_reported_medications with a route that is specified in the route source-to-concept map.
INSERT INTO optum_panther_ehr_tests_native.patient(ptid, birth_yr, gender, race, ethnicity, region, division, avg_hh_income, pct_college_educ, deceased_indicator, date_of_death, provid_pcp, idn_indicator, first_month_active, last_month_active, notes_eligible, has_notes, sourceid, source_data_through) VALUES ('PT170', '1933 and Earlier', 'Female', 'Caucasian', 'Not Hispanic', 'Midwest', 'East North Central', '', '', '0', '      ', '', '1', '201005', '201212', '1', 'Y', 'S0115', '202206');
INSERT INTO optum_panther_ehr_tests_native.patient_reported_medications(ptid, reported_date, drug_name, ndc, ndc_source, provid, route, quantity_of_dose, strength, strength_unit, dosage_form, dose_frequency, generic_desc, drug_class, sourceid) VALUES ('PT170', '2012-01-08', '', '55111067101', 'Direct', '', 'Oral', '', '', '', '', '', '', 'Salicylates', 'S0118');
-- 171: Patient has patient_reported_medications with a quantity_of_dose that maps to quantity.
INSERT INTO optum_panther_ehr_tests_native.patient(ptid, birth_yr, gender, race, ethnicity, region, division, avg_hh_income, pct_college_educ, deceased_indicator, date_of_death, provid_pcp, idn_indicator, first_month_active, last_month_active, notes_eligible, has_notes, sourceid, source_data_through) VALUES ('PT171', '1933 and Earlier', 'Female', 'Caucasian', 'Not Hispanic', 'Midwest', 'East North Central', '', '', '0', '      ', '', '1', '201005', '201212', '1', 'Y', 'S0115', '202206');
INSERT INTO optum_panther_ehr_tests_native.patient_reported_medications(ptid, reported_date, drug_name, ndc, ndc_source, provid, route, quantity_of_dose, strength, strength_unit, dosage_form, dose_frequency, generic_desc, drug_class, sourceid) VALUES ('PT171', '2012-01-08', '', '55111067101', 'Direct', '', 'Oral', '6', '', '', '', '', '', 'Salicylates', 'S0118');
-- 172: Patient has immunizations with valid information
INSERT INTO optum_panther_ehr_tests_native.patient(ptid, birth_yr, gender, race, ethnicity, region, division, avg_hh_income, pct_college_educ, deceased_indicator, date_of_death, provid_pcp, idn_indicator, first_month_active, last_month_active, notes_eligible, has_notes, sourceid, source_data_through) VALUES ('PT172', '1933 and Earlier', 'Female', 'Caucasian', 'Not Hispanic', 'Midwest', 'East North Central', '', '', '0', '      ', '', '1', '201005', '201212', '1', 'Y', 'S0115', '202206');
INSERT INTO optum_panther_ehr_tests_native.immunizations(ptid, immunization_date, immunization_desc, mapped_name, ndc, ndc_source, pt_reported, sourceid) VALUES ('PT172', '2011-10-12', 'TDAP', 'Influenza Inactivated Vaccine', '66521011802', 'Derived', 'N', 'S0115');
-- 173: Patient has multiple immunizations with the first within the enrollment period, the second outside of enrollment.
INSERT INTO optum_panther_ehr_tests_native.patient(ptid, birth_yr, gender, race, ethnicity, region, division, avg_hh_income, pct_college_educ, deceased_indicator, date_of_death, provid_pcp, idn_indicator, first_month_active, last_month_active, notes_eligible, has_notes, sourceid, source_data_through) VALUES ('PT173', '1933 and Earlier', 'Female', 'Caucasian', 'Not Hispanic', 'Midwest', 'East North Central', '', '', '0', '      ', '', '1', '201005', '201212', '1', 'Y', 'S0115', '202206');
INSERT INTO optum_panther_ehr_tests_native.immunizations(ptid, immunization_date, immunization_desc, mapped_name, ndc, ndc_source, pt_reported, sourceid) VALUES ('PT173', '2011-10-12', 'TDAP', 'Influenza Inactivated Vaccine', '66521011802', 'Derived', 'N', 'S0115');
INSERT INTO optum_panther_ehr_tests_native.immunizations(ptid, immunization_date, immunization_desc, mapped_name, ndc, ndc_source, pt_reported, sourceid) VALUES ('PT173', '2013-10-12', 'TDAP', 'Influenza Inactivated Vaccine', '66521011802', 'Derived', 'N', 'S0115');
-- 174: Patient has multiple immunizations records, all within enrollment period, but have the same immunization_date and ndc
INSERT INTO optum_panther_ehr_tests_native.patient(ptid, birth_yr, gender, race, ethnicity, region, division, avg_hh_income, pct_college_educ, deceased_indicator, date_of_death, provid_pcp, idn_indicator, first_month_active, last_month_active, notes_eligible, has_notes, sourceid, source_data_through) VALUES ('PT174', '1933 and Earlier', 'Female', 'Caucasian', 'Not Hispanic', 'Midwest', 'East North Central', '', '', '0', '      ', '', '1', '201005', '201212', '1', 'Y', 'S0115', '202206');
INSERT INTO optum_panther_ehr_tests_native.immunizations(ptid, immunization_date, immunization_desc, mapped_name, ndc, ndc_source, pt_reported, sourceid) VALUES ('PT174', '2011-10-12', 'TDAP', 'Influenza Inactivated Vaccine', '66521011802', 'Derived', 'N', 'S0115');
INSERT INTO optum_panther_ehr_tests_native.immunizations(ptid, immunization_date, immunization_desc, mapped_name, ndc, ndc_source, pt_reported, sourceid) VALUES ('PT174', '2011-10-12', 'TDAP', 'Influenza Inactivated Vaccine', '66521011802', 'Derived', 'N', 'S0115');
-- 175: Patient has immunizations with immunization_date that is NULL
INSERT INTO optum_panther_ehr_tests_native.patient(ptid, birth_yr, gender, race, ethnicity, region, division, avg_hh_income, pct_college_educ, deceased_indicator, date_of_death, provid_pcp, idn_indicator, first_month_active, last_month_active, notes_eligible, has_notes, sourceid, source_data_through) VALUES ('PT175', '1933 and Earlier', 'Female', 'Caucasian', 'Not Hispanic', 'Midwest', 'East North Central', '', '', '0', '      ', '', '1', '201005', '201212', '1', 'Y', 'S0115', '202206');
INSERT INTO optum_panther_ehr_tests_native.immunizations(ptid, immunization_date, immunization_desc, mapped_name, ndc, ndc_source, pt_reported, sourceid) VALUES ('PT175', NULL, 'TDAP', 'Influenza Inactivated Vaccine', '66521011802', 'Derived', 'N', 'S0115');
-- 176: Patient has immunizations and the NDC is properly mapped to the source_concept_id and standard concept_id
INSERT INTO optum_panther_ehr_tests_native.patient(ptid, birth_yr, gender, race, ethnicity, region, division, avg_hh_income, pct_college_educ, deceased_indicator, date_of_death, provid_pcp, idn_indicator, first_month_active, last_month_active, notes_eligible, has_notes, sourceid, source_data_through) VALUES ('PT176', '1933 and Earlier', 'Female', 'Caucasian', 'Not Hispanic', 'Midwest', 'East North Central', '', '', '0', '      ', '', '1', '201005', '201212', '1', 'Y', 'S0115', '202206');
INSERT INTO optum_panther_ehr_tests_native.immunizations(ptid, immunization_date, immunization_desc, mapped_name, ndc, ndc_source, pt_reported, sourceid) VALUES ('PT176', '2011-10-12', 'TDAP', 'Influenza Inactivated Vaccine', '66521011802', 'Derived', 'N', 'S0115');
-- 177: Patient has immunizations with pt_reported =''N'' with a valid drug_type_concept_id
INSERT INTO optum_panther_ehr_tests_native.patient(ptid, birth_yr, gender, race, ethnicity, region, division, avg_hh_income, pct_college_educ, deceased_indicator, date_of_death, provid_pcp, idn_indicator, first_month_active, last_month_active, notes_eligible, has_notes, sourceid, source_data_through) VALUES ('PT177', '1933 and Earlier', 'Female', 'Caucasian', 'Not Hispanic', 'Midwest', 'East North Central', '', '', '0', '      ', '', '1', '201005', '201212', '1', 'Y', 'S0115', '202206');
INSERT INTO optum_panther_ehr_tests_native.immunizations(ptid, immunization_date, immunization_desc, mapped_name, ndc, ndc_source, pt_reported, sourceid) VALUES ('PT177', '2011-10-12', 'TDAP', 'Influenza Inactivated Vaccine', '66521011802', 'Derived', 'N', 'S0115');
-- 178: Patient has covid vaccine with immunization_desc = ''COVID-19 VACCINE, PFIZER'' 
INSERT INTO optum_panther_ehr_tests_native.patient(ptid, birth_yr, gender, race, ethnicity, region, division, avg_hh_income, pct_college_educ, deceased_indicator, date_of_death, provid_pcp, idn_indicator, first_month_active, last_month_active, notes_eligible, has_notes, sourceid, source_data_through) VALUES ('PT178', '1933 and Earlier', 'Female', 'Caucasian', 'Not Hispanic', 'Midwest', 'East North Central', '', '', '0', '      ', '', '1', '201005', '201212', '1', 'Y', 'S0115', '202206');
INSERT INTO optum_panther_ehr_tests_native.encounter(ptid, visitid, encid, interaction_type, interaction_date, interaction_time, academic_community_flag, sourceid) VALUES ('PT178', '', 'E0000179', 'Other patient type', '2010-05-01', '04:00:00', 'U', 'S0115');
INSERT INTO optum_panther_ehr_tests_native.encounter(ptid, visitid, encid, interaction_type, interaction_date, interaction_time, academic_community_flag, sourceid) VALUES ('PT178', '', 'E0000180', 'Other patient type', '2012-12-31', '04:00:00', 'U', 'S0115');
INSERT INTO optum_panther_ehr_tests_native.immunizations(ptid, immunization_date, immunization_desc, mapped_name, ndc, ndc_source, pt_reported, sourceid) VALUES ('PT178', '2011-10-12', 'COVID-19 VACCINE, PFIZER', 'Influenza Inactivated Vaccine', NULL, 'Derived', ' ', 'S0115');
-- 181: Patient has covid vaccine with immunization_desc = ''COVID-19 VACCINE, MODERNA'' 
INSERT INTO optum_panther_ehr_tests_native.patient(ptid, birth_yr, gender, race, ethnicity, region, division, avg_hh_income, pct_college_educ, deceased_indicator, date_of_death, provid_pcp, idn_indicator, first_month_active, last_month_active, notes_eligible, has_notes, sourceid, source_data_through) VALUES ('PT181', '1933 and Earlier', 'Female', 'Caucasian', 'Not Hispanic', 'Midwest', 'East North Central', '', '', '0', '      ', '', '1', '201005', '201212', '1', 'Y', 'S0115', '202206');
INSERT INTO optum_panther_ehr_tests_native.encounter(ptid, visitid, encid, interaction_type, interaction_date, interaction_time, academic_community_flag, sourceid) VALUES ('PT181', '', 'E0000182', 'Other patient type', '2010-05-01', '04:00:00', 'U', 'S0115');
INSERT INTO optum_panther_ehr_tests_native.encounter(ptid, visitid, encid, interaction_type, interaction_date, interaction_time, academic_community_flag, sourceid) VALUES ('PT181', '', 'E0000183', 'Other patient type', '2012-12-31', '04:00:00', 'U', 'S0115');
INSERT INTO optum_panther_ehr_tests_native.immunizations(ptid, immunization_date, immunization_desc, mapped_name, ndc, ndc_source, pt_reported, sourceid) VALUES ('PT181', '2011-10-12', 'COVID-19 VACCINE, MODERNA', 'Influenza Inactivated Vaccine', NULL, 'Derived', ' ', 'S0115');
-- 184: Patient has covid vaccine with immunization_desc = ''SARS-COV-2 (COVID-19) vaccine, UNSPECIFIED'' 
INSERT INTO optum_panther_ehr_tests_native.patient(ptid, birth_yr, gender, race, ethnicity, region, division, avg_hh_income, pct_college_educ, deceased_indicator, date_of_death, provid_pcp, idn_indicator, first_month_active, last_month_active, notes_eligible, has_notes, sourceid, source_data_through) VALUES ('PT184', '1933 and Earlier', 'Female', 'Caucasian', 'Not Hispanic', 'Midwest', 'East North Central', '', '', '0', '      ', '', '1', '201005', '201212', '1', 'Y', 'S0115', '202206');
INSERT INTO optum_panther_ehr_tests_native.encounter(ptid, visitid, encid, interaction_type, interaction_date, interaction_time, academic_community_flag, sourceid) VALUES ('PT184', '', 'E0000185', 'Other patient type', '2010-05-01', '04:00:00', 'U', 'S0115');
INSERT INTO optum_panther_ehr_tests_native.encounter(ptid, visitid, encid, interaction_type, interaction_date, interaction_time, academic_community_flag, sourceid) VALUES ('PT184', '', 'E0000186', 'Other patient type', '2012-12-31', '04:00:00', 'U', 'S0115');
INSERT INTO optum_panther_ehr_tests_native.immunizations(ptid, immunization_date, immunization_desc, mapped_name, ndc, ndc_source, pt_reported, sourceid) VALUES ('PT184', '2011-10-12', 'SARS-COV-2 (COVID-19) vaccine, UNSPECIFIED', 'Influenza Inactivated Vaccine', NULL, 'Derived', ' ', 'S0115');
-- 187: Procedure has PROC_CODE that is a drug with valid information and valid drug_type_concept_id
INSERT INTO optum_panther_ehr_tests_native.patient(ptid, birth_yr, gender, race, ethnicity, region, division, avg_hh_income, pct_college_educ, deceased_indicator, date_of_death, provid_pcp, idn_indicator, first_month_active, last_month_active, notes_eligible, has_notes, sourceid, source_data_through) VALUES ('PT187', '1933 and Earlier', 'Female', 'Caucasian', 'Not Hispanic', 'Midwest', 'East North Central', '', '', '0', '      ', '', '1', '201005', '201212', '1', 'Y', 'S0115', '202206');
INSERT INTO optum_panther_ehr_tests_native.procedure(ptid, encid, proc_date, proc_time, proc_code, proc_desc, proc_code_type, provid_perform, provid_order, betos_code, betos_desc, sourceid) VALUES ('PT187', '', '2011-02-11', '04:00:00', 'J9310', '', 'HCPCS', '', '', '', '', 'S0115');
-- 188: Patient has multiple PROCEDURE records with the first within the enrollment period, the second outside of enrollment.
INSERT INTO optum_panther_ehr_tests_native.patient(ptid, birth_yr, gender, race, ethnicity, region, division, avg_hh_income, pct_college_educ, deceased_indicator, date_of_death, provid_pcp, idn_indicator, first_month_active, last_month_active, notes_eligible, has_notes, sourceid, source_data_through) VALUES ('PT188', '1933 and Earlier', 'Female', 'Caucasian', 'Not Hispanic', 'Midwest', 'East North Central', '', '', '0', '      ', '', '1', '201005', '201212', '1', 'Y', 'S0115', '202206');
INSERT INTO optum_panther_ehr_tests_native.procedure(ptid, encid, proc_date, proc_time, proc_code, proc_desc, proc_code_type, provid_perform, provid_order, betos_code, betos_desc, sourceid) VALUES ('PT188', '', '2011-10-12', '04:00:00', 'J9310', '', 'HCPCS', '', '', '', '', 'S0115');
INSERT INTO optum_panther_ehr_tests_native.procedure(ptid, encid, proc_date, proc_time, proc_code, proc_desc, proc_code_type, provid_perform, provid_order, betos_code, betos_desc, sourceid) VALUES ('PT188', '', '2013-10-12', '04:00:00', 'J9310', '', 'HCPCS', '', '', '', '', 'S0115');
-- 189: Patient has multiple PROCEDURE records, all within enrollment period, but have the same PROC_DATE and proc_code.
INSERT INTO optum_panther_ehr_tests_native.patient(ptid, birth_yr, gender, race, ethnicity, region, division, avg_hh_income, pct_college_educ, deceased_indicator, date_of_death, provid_pcp, idn_indicator, first_month_active, last_month_active, notes_eligible, has_notes, sourceid, source_data_through) VALUES ('PT189', '1933 and Earlier', 'Female', 'Caucasian', 'Not Hispanic', 'Midwest', 'East North Central', '', '', '0', '      ', '', '1', '201005', '201212', '1', 'Y', 'S0115', '202206');
INSERT INTO optum_panther_ehr_tests_native.procedure(ptid, encid, proc_date, proc_time, proc_code, proc_desc, proc_code_type, provid_perform, provid_order, betos_code, betos_desc, sourceid) VALUES ('PT189', '', '2011-10-12', '04:00:00', 'J9310', '', 'HCPCS', '', '', '', '', 'S0115');
INSERT INTO optum_panther_ehr_tests_native.procedure(ptid, encid, proc_date, proc_time, proc_code, proc_desc, proc_code_type, provid_perform, provid_order, betos_code, betos_desc, sourceid) VALUES ('PT189', '', '2011-10-12', '04:00:00', 'J9310', '', 'HCPCS', '', '', '', '', 'S0115');
-- 190: Patient has PROCEDURE with HCPCS proc_code that maps to a standard concept
INSERT INTO optum_panther_ehr_tests_native.patient(ptid, birth_yr, gender, race, ethnicity, region, division, avg_hh_income, pct_college_educ, deceased_indicator, date_of_death, provid_pcp, idn_indicator, first_month_active, last_month_active, notes_eligible, has_notes, sourceid, source_data_through) VALUES ('PT190', '1933 and Earlier', 'Female', 'Caucasian', 'Not Hispanic', 'Midwest', 'East North Central', '', '', '0', '      ', '', '1', '201005', '201212', '1', 'Y', 'S0115', '202206');
INSERT INTO optum_panther_ehr_tests_native.procedure(ptid, encid, proc_date, proc_time, proc_code, proc_desc, proc_code_type, provid_perform, provid_order, betos_code, betos_desc, sourceid) VALUES ('PT190', '', '2011-10-12', '04:00:00', 'J9310', '', 'HCPCS', '', '', '', '', 'S0115');
-- 191: NLP_DRUG_RATIONALE has valid note_date and other valid information with a valid drug_type_concept_id
INSERT INTO optum_panther_ehr_tests_native.patient(ptid, birth_yr, gender, race, ethnicity, region, division, avg_hh_income, pct_college_educ, deceased_indicator, date_of_death, provid_pcp, idn_indicator, first_month_active, last_month_active, notes_eligible, has_notes, sourceid, source_data_through) VALUES ('PT191', '1933 and Earlier', 'Female', 'Caucasian', 'Not Hispanic', 'Midwest', 'East North Central', '', '', '0', '      ', '', '1', '201005', '201212', '1', 'Y', 'S0115', '202206');
INSERT INTO optum_panther_ehr_tests_native.encounter(ptid, visitid, encid, interaction_type, interaction_date, interaction_time, academic_community_flag, sourceid) VALUES ('PT191', '', 'E0000192', 'Inpatient', '2011-01-07', '04:00:00', 'U', 'S0115');
INSERT INTO optum_panther_ehr_tests_native.nlp_drug_rationale(ptid, encid, note_date, note_section, drug_name, drug_action, drug_action_preposition, reason_general, sentiment, sentiment_who, sourceid) VALUES ('PT191', 'E0000192', '2011-01-07', '', 'COUMADIN', 'TAKE', 'OF', 'stop', NULL, '', 'S0115');
-- 193: Patient has NLP_DRUG_RATIONALE with drug_action = STOP which should prevent it from being imported.
INSERT INTO optum_panther_ehr_tests_native.patient(ptid, birth_yr, gender, race, ethnicity, region, division, avg_hh_income, pct_college_educ, deceased_indicator, date_of_death, provid_pcp, idn_indicator, first_month_active, last_month_active, notes_eligible, has_notes, sourceid, source_data_through) VALUES ('PT193', '1933 and Earlier', 'Female', 'Caucasian', 'Not Hispanic', 'Midwest', 'East North Central', '', '', '0', '      ', '', '1', '201005', '201212', '1', 'Y', 'S0115', '202206');
INSERT INTO optum_panther_ehr_tests_native.encounter(ptid, visitid, encid, interaction_type, interaction_date, interaction_time, academic_community_flag, sourceid) VALUES ('PT193', '', 'E0000194', 'Inpatient', '2011-01-07', '04:00:00', 'U', 'S0115');
INSERT INTO optum_panther_ehr_tests_native.nlp_drug_rationale(ptid, encid, note_date, note_section, drug_name, drug_action, drug_action_preposition, reason_general, sentiment, sentiment_who, sourceid) VALUES ('PT193', 'E0000194', '2011-01-07', '', 'COUMADIN', 'STOP', 'OF', 'stop', NULL, '', 'S0115');
-- 195: Patient has NLP_DRUG_RATIONALE with sentiment = NEED.NOT which should prevent it from being imported.
INSERT INTO optum_panther_ehr_tests_native.patient(ptid, birth_yr, gender, race, ethnicity, region, division, avg_hh_income, pct_college_educ, deceased_indicator, date_of_death, provid_pcp, idn_indicator, first_month_active, last_month_active, notes_eligible, has_notes, sourceid, source_data_through) VALUES ('PT195', '1933 and Earlier', 'Female', 'Caucasian', 'Not Hispanic', 'Midwest', 'East North Central', '', '', '0', '      ', '', '1', '201005', '201212', '1', 'Y', 'S0115', '202206');
INSERT INTO optum_panther_ehr_tests_native.encounter(ptid, visitid, encid, interaction_type, interaction_date, interaction_time, academic_community_flag, sourceid) VALUES ('PT195', '', 'E0000196', 'Inpatient', '2011-01-07', '04:00:00', 'U', 'S0115');
INSERT INTO optum_panther_ehr_tests_native.nlp_drug_rationale(ptid, encid, note_date, note_section, drug_name, drug_action, drug_action_preposition, reason_general, sentiment, sentiment_who, sourceid) VALUES ('PT195', 'E0000196', '2011-01-07', '', 'COUMADIN', NULL, 'OF', 'stop', 'NEED.NOT', '', 'S0115');
-- 197: Simple Location
INSERT INTO optum_panther_ehr_tests_native.patient(ptid, birth_yr, gender, race, ethnicity, region, division, avg_hh_income, pct_college_educ, deceased_indicator, date_of_death, provid_pcp, idn_indicator, first_month_active, last_month_active, notes_eligible, has_notes, sourceid, source_data_through) VALUES ('PT197', '1950', 'Male', 'Caucasian', 'Not Hispanic', 'REGION', 'DIVISION', '', '', '0', '      ', '', '1', '200701', '201001', '1', 'Y', 'S0115', '202206');
-- 198: No Location Dupes
INSERT INTO optum_panther_ehr_tests_native.patient(ptid, birth_yr, gender, race, ethnicity, region, division, avg_hh_income, pct_college_educ, deceased_indicator, date_of_death, provid_pcp, idn_indicator, first_month_active, last_month_active, notes_eligible, has_notes, sourceid, source_data_through) VALUES ('PT198', '1950', 'Male', 'Caucasian', 'Not Hispanic', 'DUPE_REGION', 'DUPE_DIVISION', '', '', '0', '      ', '', '1', '200701', '201001', '1', 'Y', 'S0115', '202206');
INSERT INTO optum_panther_ehr_tests_native.patient(ptid, birth_yr, gender, race, ethnicity, region, division, avg_hh_income, pct_college_educ, deceased_indicator, date_of_death, provid_pcp, idn_indicator, first_month_active, last_month_active, notes_eligible, has_notes, sourceid, source_data_through) VALUES ('PT198', '1950', 'Male', 'Caucasian', 'Not Hispanic', 'DUPE_REGION', 'DUPE_DIVISION', '', '', '0', '      ', '', '1', '200701', '201001', '1', 'Y', 'S0115', '202206');
-- 199: When DIAGNOSIS_STATUS=Diagnosis Of and DIAGNOSIS_CD maps to DOMAIN=MEASUREMENT concept
INSERT INTO optum_panther_ehr_tests_native.patient(ptid, birth_yr, gender, race, ethnicity, region, division, avg_hh_income, pct_college_educ, deceased_indicator, date_of_death, provid_pcp, idn_indicator, first_month_active, last_month_active, notes_eligible, has_notes, sourceid, source_data_through) VALUES ('PT199', '1950', 'Male', 'Caucasian', 'Not Hispanic', 'Midwest', 'East North Central', '', '', '0', '      ', '', '1', '200701', '201001', '1', 'Y', 'S0115', '202206');
INSERT INTO optum_panther_ehr_tests_native.encounter(ptid, visitid, encid, interaction_type, interaction_date, interaction_time, academic_community_flag, sourceid) VALUES ('PT199', '', 'E0000200', 'Inpatient', '2009-01-01', '04:00:00', 'U', 'S0115');
INSERT INTO optum_panther_ehr_tests_native.diagnosis(ptid, encid, diag_date, diag_time, diagnosis_cd, diagnosis_cd_type, diagnosis_status, poa, admitting_diagnosis, discharge_diagnosis, primary_diagnosis, problem_list, sourceid) VALUES ('PT199', 'E0000200', '2009-01-01', '04:00:00', '7953', 'ICD9', 'Diagnosis of', '0', '0', '0', '0', 'N', 'S0115');
-- 201: When DIAGNOSIS_STATUS=Zachary and DIAGNOSIS_CD maps to DOMAIN=MEASUREMENT concept, MEASUREMENT should be created
INSERT INTO optum_panther_ehr_tests_native.patient(ptid, birth_yr, gender, race, ethnicity, region, division, avg_hh_income, pct_college_educ, deceased_indicator, date_of_death, provid_pcp, idn_indicator, first_month_active, last_month_active, notes_eligible, has_notes, sourceid, source_data_through) VALUES ('PT201', '1950', 'Male', 'Caucasian', 'Not Hispanic', 'Midwest', 'East North Central', '', '', '0', '      ', '', '1', '200701', '201001', '1', 'Y', 'S0115', '202206');
INSERT INTO optum_panther_ehr_tests_native.encounter(ptid, visitid, encid, interaction_type, interaction_date, interaction_time, academic_community_flag, sourceid) VALUES ('PT201', '', 'E0000202', 'Inpatient', '2009-01-01', '04:00:00', 'U', 'S0115');
INSERT INTO optum_panther_ehr_tests_native.diagnosis(ptid, encid, diag_date, diag_time, diagnosis_cd, diagnosis_cd_type, diagnosis_status, poa, admitting_diagnosis, discharge_diagnosis, primary_diagnosis, problem_list, sourceid) VALUES ('PT201', 'E0000202', '2009-01-01', '04:00:00', '7953', 'ICD9', 'Zachary', '0', '0', '0', '0', 'N', 'S0115');
-- 203: MEASUREMENT_SOURCE_CONCEPT_ID for ICD9 795.3 gets mapped properly to 44828170
INSERT INTO optum_panther_ehr_tests_native.patient(ptid, birth_yr, gender, race, ethnicity, region, division, avg_hh_income, pct_college_educ, deceased_indicator, date_of_death, provid_pcp, idn_indicator, first_month_active, last_month_active, notes_eligible, has_notes, sourceid, source_data_through) VALUES ('PT203', '1950', 'Male', 'Caucasian', 'Not Hispanic', 'Midwest', 'East North Central', '', '', '0', '      ', '', '1', '200701', '201001', '1', 'Y', 'S0115', '202206');
INSERT INTO optum_panther_ehr_tests_native.encounter(ptid, visitid, encid, interaction_type, interaction_date, interaction_time, academic_community_flag, sourceid) VALUES ('PT203', '', 'E0000204', 'Inpatient', '2009-01-01', '04:00:00', 'U', 'S0115');
INSERT INTO optum_panther_ehr_tests_native.diagnosis(ptid, encid, diag_date, diag_time, diagnosis_cd, diagnosis_cd_type, diagnosis_status, poa, admitting_diagnosis, discharge_diagnosis, primary_diagnosis, problem_list, sourceid) VALUES ('PT203', 'E0000204', '2009-01-01', '04:00:00', '7953', 'ICD9', 'Diagnosis of', '0', '0', '0', '0', 'N', 'S0115');
-- 205: When DIAGNOSIS_STATUS=Diagnosis Of and Source code is a SNOMED
INSERT INTO optum_panther_ehr_tests_native.patient(ptid, birth_yr, gender, race, ethnicity, region, division, avg_hh_income, pct_college_educ, deceased_indicator, date_of_death, provid_pcp, idn_indicator, first_month_active, last_month_active, notes_eligible, has_notes, sourceid, source_data_through) VALUES ('PT205', '1950', 'Male', 'Caucasian', 'Not Hispanic', 'Midwest', 'East North Central', '', '', '0', '      ', '', '1', '200701', '201001', '1', 'Y', 'S0115', '202206');
INSERT INTO optum_panther_ehr_tests_native.encounter(ptid, visitid, encid, interaction_type, interaction_date, interaction_time, academic_community_flag, sourceid) VALUES ('PT205', '', 'E0000206', 'Inpatient', '2009-01-01', '04:00:00', 'U', 'S0115');
INSERT INTO optum_panther_ehr_tests_native.diagnosis(ptid, encid, diag_date, diag_time, diagnosis_cd, diagnosis_cd_type, diagnosis_status, poa, admitting_diagnosis, discharge_diagnosis, primary_diagnosis, problem_list, sourceid) VALUES ('PT205', 'E0000206', '2009-01-01', '04:00:00', '145003003', 'SNOMED', 'Diagnosis of', '0', '0', '0', '0', 'N', 'S0115');
-- 207: Test numeric result and SOURCE_CONCEPT_ID = 0
INSERT INTO optum_panther_ehr_tests_native.patient(ptid, birth_yr, gender, race, ethnicity, region, division, avg_hh_income, pct_college_educ, deceased_indicator, date_of_death, provid_pcp, idn_indicator, first_month_active, last_month_active, notes_eligible, has_notes, sourceid, source_data_through) VALUES ('PT207', '1950', 'Male', 'Caucasian', 'Not Hispanic', 'Midwest', 'East North Central', '', '', '0', '      ', '', '1', '200701', '201001', '1', 'Y', 'S0115', '202206');
INSERT INTO optum_panther_ehr_tests_native.encounter(ptid, visitid, encid, interaction_type, interaction_date, interaction_time, academic_community_flag, sourceid) VALUES ('PT207', '', 'E0000208', 'Inpatient', '2009-01-01', '04:00:00', 'U', 'S0115');
INSERT INTO optum_panther_ehr_tests_native.labs(ptid, encid, test_name, test_type, order_date, order_time, collected_date, collected_time, result_date, result_time, test_result, relative_indicator, result_unit, result_datatype, normalized_result, standard_units, normal_range, evaluated_for_range, value_within_range, sourceid) VALUES ('PT207', 'E0000208', 'Oxygen.partial pressure (PO2).unspecified specimen', 'CHEMISTRY', '', '', '', '', '2009-01-01', '', '100', '', '%', 'numeric', 'Y', 'Y', '', 'Y', 'Y', 'S0115');
-- 209: Test non-numeric result and SOURCE_CONCEPT_ID = 0
INSERT INTO optum_panther_ehr_tests_native.patient(ptid, birth_yr, gender, race, ethnicity, region, division, avg_hh_income, pct_college_educ, deceased_indicator, date_of_death, provid_pcp, idn_indicator, first_month_active, last_month_active, notes_eligible, has_notes, sourceid, source_data_through) VALUES ('PT209', '1950', 'Male', 'Caucasian', 'Not Hispanic', 'Midwest', 'East North Central', '', '', '0', '      ', '', '1', '200701', '201001', '1', 'Y', 'S0115', '202206');
INSERT INTO optum_panther_ehr_tests_native.encounter(ptid, visitid, encid, interaction_type, interaction_date, interaction_time, academic_community_flag, sourceid) VALUES ('PT209', '', 'E0000210', 'Inpatient', '2009-01-01', '04:00:00', 'U', 'S0115');
INSERT INTO optum_panther_ehr_tests_native.labs(ptid, encid, test_name, test_type, order_date, order_time, collected_date, collected_time, result_date, result_time, test_result, relative_indicator, result_unit, result_datatype, normalized_result, standard_units, normal_range, evaluated_for_range, value_within_range, sourceid) VALUES ('PT209', 'E0000210', 'Oxygen.partial pressure (PO2).unspecified specimen', 'CHEMISTRY', '', '', '', '', '2009-01-01', '', 'positive', '', '%', 'numeric', 'Y', 'Y', '', 'Y', 'Y', 'S0115');
-- 211: Test valid operator gets an OPERATOR_CONCEPT_ID
INSERT INTO optum_panther_ehr_tests_native.patient(ptid, birth_yr, gender, race, ethnicity, region, division, avg_hh_income, pct_college_educ, deceased_indicator, date_of_death, provid_pcp, idn_indicator, first_month_active, last_month_active, notes_eligible, has_notes, sourceid, source_data_through) VALUES ('PT211', '1950', 'Male', 'Caucasian', 'Not Hispanic', 'Midwest', 'East North Central', '', '', '0', '      ', '', '1', '200701', '201001', '1', 'Y', 'S0115', '202206');
INSERT INTO optum_panther_ehr_tests_native.encounter(ptid, visitid, encid, interaction_type, interaction_date, interaction_time, academic_community_flag, sourceid) VALUES ('PT211', '', 'E0000212', 'Inpatient', '2009-01-01', '04:00:00', 'U', 'S0115');
INSERT INTO optum_panther_ehr_tests_native.labs(ptid, encid, test_name, test_type, order_date, order_time, collected_date, collected_time, result_date, result_time, test_result, relative_indicator, result_unit, result_datatype, normalized_result, standard_units, normal_range, evaluated_for_range, value_within_range, sourceid) VALUES ('PT211', 'E0000212', 'O2 saturation.oximetry', 'CHEMISTRY', '', '', '', '', '2009-01-01', '', '100', '<=', '%', 'numeric', 'Y', 'Y', '', 'Y', 'Y', 'S0115');
-- 213: Test invalid operator gets an OPERATOR_CONCEPT_ID
INSERT INTO optum_panther_ehr_tests_native.patient(ptid, birth_yr, gender, race, ethnicity, region, division, avg_hh_income, pct_college_educ, deceased_indicator, date_of_death, provid_pcp, idn_indicator, first_month_active, last_month_active, notes_eligible, has_notes, sourceid, source_data_through) VALUES ('PT213', '1950', 'Male', 'Caucasian', 'Not Hispanic', 'Midwest', 'East North Central', '', '', '0', '      ', '', '1', '200701', '201001', '1', 'Y', 'S0115', '202206');
INSERT INTO optum_panther_ehr_tests_native.encounter(ptid, visitid, encid, interaction_type, interaction_date, interaction_time, academic_community_flag, sourceid) VALUES ('PT213', '', 'E0000214', 'Inpatient', '2009-01-01', '04:00:00', 'U', 'S0115');
INSERT INTO optum_panther_ehr_tests_native.labs(ptid, encid, test_name, test_type, order_date, order_time, collected_date, collected_time, result_date, result_time, test_result, relative_indicator, result_unit, result_datatype, normalized_result, standard_units, normal_range, evaluated_for_range, value_within_range, sourceid) VALUES ('PT213', 'E0000214', 'O2 saturation.oximetry', 'CHEMISTRY', '', '', '', '', '2009-01-01', '', '100', 'ZA', '%', 'numeric', 'Y', 'Y', '', 'Y', 'Y', 'S0115');
-- 215: map case-sensitive UCUM vocabulary to UNIT_CONCEPT_ID, row count right
INSERT INTO optum_panther_ehr_tests_native.patient(ptid, birth_yr, gender, race, ethnicity, region, division, avg_hh_income, pct_college_educ, deceased_indicator, date_of_death, provid_pcp, idn_indicator, first_month_active, last_month_active, notes_eligible, has_notes, sourceid, source_data_through) VALUES ('PT215', '1950', 'Male', 'Caucasian', 'Not Hispanic', 'Midwest', 'East North Central', '', '', '0', '      ', '', '1', '200701', '201001', '1', 'Y', 'S0115', '202206');
INSERT INTO optum_panther_ehr_tests_native.encounter(ptid, visitid, encid, interaction_type, interaction_date, interaction_time, academic_community_flag, sourceid) VALUES ('PT215', '', 'E0000216', 'Inpatient', '2009-01-01', '04:00:00', 'U', 'S0115');
INSERT INTO optum_panther_ehr_tests_native.labs(ptid, encid, test_name, test_type, order_date, order_time, collected_date, collected_time, result_date, result_time, test_result, relative_indicator, result_unit, result_datatype, normalized_result, standard_units, normal_range, evaluated_for_range, value_within_range, sourceid) VALUES ('PT215', 'E0000216', 'O2 saturation.oximetry', 'CHEMISTRY', '', '', '', '', '2009-01-01', '', '100', '', 'pH', 'numeric', 'Y', 'Y', '', 'Y', 'Y', 'S0115');
-- 217: Test when normal range has a hyphen
INSERT INTO optum_panther_ehr_tests_native.patient(ptid, birth_yr, gender, race, ethnicity, region, division, avg_hh_income, pct_college_educ, deceased_indicator, date_of_death, provid_pcp, idn_indicator, first_month_active, last_month_active, notes_eligible, has_notes, sourceid, source_data_through) VALUES ('PT217', '1950', 'Male', 'Caucasian', 'Not Hispanic', 'Midwest', 'East North Central', '', '', '0', '      ', '', '1', '200701', '201001', '1', 'Y', 'S0115', '202206');
INSERT INTO optum_panther_ehr_tests_native.encounter(ptid, visitid, encid, interaction_type, interaction_date, interaction_time, academic_community_flag, sourceid) VALUES ('PT217', '', 'E0000218', 'Inpatient', '2009-01-01', '04:00:00', 'U', 'S0115');
INSERT INTO optum_panther_ehr_tests_native.labs(ptid, encid, test_name, test_type, order_date, order_time, collected_date, collected_time, result_date, result_time, test_result, relative_indicator, result_unit, result_datatype, normalized_result, standard_units, normal_range, evaluated_for_range, value_within_range, sourceid) VALUES ('PT217', 'E0000218', 'O2 saturation.oximetry', 'CHEMISTRY', '', '', '', '', '2009-01-01', '', '100', '', '%', 'numeric', 'Y', 'Y', '55-65', 'Y', 'Y', 'S0115');
-- 219: Test when normal range does not have a hyphen
INSERT INTO optum_panther_ehr_tests_native.patient(ptid, birth_yr, gender, race, ethnicity, region, division, avg_hh_income, pct_college_educ, deceased_indicator, date_of_death, provid_pcp, idn_indicator, first_month_active, last_month_active, notes_eligible, has_notes, sourceid, source_data_through) VALUES ('PT219', '1950', 'Male', 'Caucasian', 'Not Hispanic', 'Midwest', 'East North Central', '', '', '0', '      ', '', '1', '200701', '201001', '1', 'Y', 'S0115', '202206');
INSERT INTO optum_panther_ehr_tests_native.encounter(ptid, visitid, encid, interaction_type, interaction_date, interaction_time, academic_community_flag, sourceid) VALUES ('PT219', '', 'E0000220', 'Inpatient', '2009-01-01', '04:00:00', 'U', 'S0115');
INSERT INTO optum_panther_ehr_tests_native.labs(ptid, encid, test_name, test_type, order_date, order_time, collected_date, collected_time, result_date, result_time, test_result, relative_indicator, result_unit, result_datatype, normalized_result, standard_units, normal_range, evaluated_for_range, value_within_range, sourceid) VALUES ('PT219', 'E0000220', 'O2 saturation.oximetry', 'CHEMISTRY', '', '', '', '', '2009-01-01', '', '100', '', '%', 'numeric', 'Y', 'Y', '55', 'Y', 'Y', 'S0115');
-- 221: MEASUREMENT_TYPE gets properly mapped to a CONCEPT_ID from NLP_MEASUREMENT
INSERT INTO optum_panther_ehr_tests_native.patient(ptid, birth_yr, gender, race, ethnicity, region, division, avg_hh_income, pct_college_educ, deceased_indicator, date_of_death, provid_pcp, idn_indicator, first_month_active, last_month_active, notes_eligible, has_notes, sourceid, source_data_through) VALUES ('PT221', '1950', 'Male', 'Caucasian', 'Not Hispanic', 'Midwest', 'East North Central', '', '', '0', '      ', '', '1', '200701', '201001', '1', 'Y', 'S0115', '202206');
INSERT INTO optum_panther_ehr_tests_native.encounter(ptid, visitid, encid, interaction_type, interaction_date, interaction_time, academic_community_flag, sourceid) VALUES ('PT221', '', 'E0000222', 'Inpatient', '2009-01-01', '04:00:00', 'U', 'S0115');
INSERT INTO optum_panther_ehr_tests_native.nlp_measurement(ptid, encid, note_date, measurement_type, measurement_value, measurement_detail, note_section, measurement_year, measurement_monthyear, measurement_date, sourceid) VALUES ('PT221', 'E0000222', '2015-02-22', 'WEIGHT', '100', '', '', '', '', '2009-01-01', 'S0115');
-- 223: Non-numeric MEASUREMENT_VALUE from NLP_MEASUREMENT
INSERT INTO optum_panther_ehr_tests_native.patient(ptid, birth_yr, gender, race, ethnicity, region, division, avg_hh_income, pct_college_educ, deceased_indicator, date_of_death, provid_pcp, idn_indicator, first_month_active, last_month_active, notes_eligible, has_notes, sourceid, source_data_through) VALUES ('PT223', '1950', 'Male', 'Caucasian', 'Not Hispanic', 'Midwest', 'East North Central', '', '', '0', '      ', '', '1', '200701', '201001', '1', 'Y', 'S0115', '202206');
INSERT INTO optum_panther_ehr_tests_native.encounter(ptid, visitid, encid, interaction_type, interaction_date, interaction_time, academic_community_flag, sourceid) VALUES ('PT223', '', 'E0000224', 'Inpatient', '2009-01-01', '04:00:00', 'U', 'S0115');
INSERT INTO optum_panther_ehr_tests_native.nlp_measurement(ptid, encid, note_date, measurement_type, measurement_value, measurement_detail, note_section, measurement_year, measurement_monthyear, measurement_date, sourceid) VALUES ('PT223', 'E0000224', '2015-02-22', 'WEIGHT', 'positive', '', '', '', '', '2009-01-01', 'S0115');
-- 225: Measurement_detail gets mapped properly to a case sensitive UCUM from NLP_MEASUREMENT
INSERT INTO optum_panther_ehr_tests_native.patient(ptid, birth_yr, gender, race, ethnicity, region, division, avg_hh_income, pct_college_educ, deceased_indicator, date_of_death, provid_pcp, idn_indicator, first_month_active, last_month_active, notes_eligible, has_notes, sourceid, source_data_through) VALUES ('PT225', '1950', 'Male', 'Caucasian', 'Not Hispanic', 'Midwest', 'East North Central', '', '', '0', '      ', '', '1', '200701', '201001', '1', 'Y', 'S0115', '202206');
INSERT INTO optum_panther_ehr_tests_native.encounter(ptid, visitid, encid, interaction_type, interaction_date, interaction_time, academic_community_flag, sourceid) VALUES ('PT225', '', 'E0000226', 'Inpatient', '2009-01-01', '04:00:00', 'U', 'S0115');
INSERT INTO optum_panther_ehr_tests_native.nlp_measurement(ptid, encid, note_date, measurement_type, measurement_value, measurement_detail, note_section, measurement_year, measurement_monthyear, measurement_date, sourceid) VALUES ('PT225', 'E0000226', '2015-02-22', 'WEIGHT', '100', 'pH', '', '', '', '2009-01-01', 'S0115');
-- 227: Test that a mappable OBS_TYPE gets a CONCEPT_ID from OBSERVATIONS
INSERT INTO optum_panther_ehr_tests_native.patient(ptid, birth_yr, gender, race, ethnicity, region, division, avg_hh_income, pct_college_educ, deceased_indicator, date_of_death, provid_pcp, idn_indicator, first_month_active, last_month_active, notes_eligible, has_notes, sourceid, source_data_through) VALUES ('PT227', '1950', 'Male', 'Caucasian', 'Not Hispanic', 'Midwest', 'East North Central', '', '', '0', '      ', '', '1', '200701', '201001', '1', 'Y', 'S0115', '202206');
INSERT INTO optum_panther_ehr_tests_native.encounter(ptid, visitid, encid, interaction_type, interaction_date, interaction_time, academic_community_flag, sourceid) VALUES ('PT227', '', 'E0000228', 'Inpatient', '2009-01-01', '04:00:00', 'U', 'S0115');
INSERT INTO optum_panther_ehr_tests_native.observations(ptid, encid, obs_type, nlp, obs_date, obs_time, obs_result, obs_unit, evaluated_for_range, value_within_range, result_date, sourceid) VALUES ('PT227', 'E0000228', 'SBP', 'N', '2009-01-01', '04:00:00', 'Never smoked', 'mm Hg', 'N', 'U', '', 'S0115');
-- 229: Test that an unmappable OBS_TYPE gets a 0 CONCEPT_ID write a record to OBSERVATION table
INSERT INTO optum_panther_ehr_tests_native.patient(ptid, birth_yr, gender, race, ethnicity, region, division, avg_hh_income, pct_college_educ, deceased_indicator, date_of_death, provid_pcp, idn_indicator, first_month_active, last_month_active, notes_eligible, has_notes, sourceid, source_data_through) VALUES ('PT229', '1950', 'Male', 'Caucasian', 'Not Hispanic', 'Midwest', 'East North Central', '', '', '0', '      ', '', '1', '200701', '201001', '1', 'Y', 'S0115', '202206');
INSERT INTO optum_panther_ehr_tests_native.encounter(ptid, visitid, encid, interaction_type, interaction_date, interaction_time, academic_community_flag, sourceid) VALUES ('PT229', '', 'E0000230', 'Inpatient', '2009-01-01', '04:00:00', 'U', 'S0115');
INSERT INTO optum_panther_ehr_tests_native.observations(ptid, encid, obs_type, nlp, obs_date, obs_time, obs_result, obs_unit, evaluated_for_range, value_within_range, result_date, sourceid) VALUES ('PT229', 'E0000230', 'Zach', 'N', '2009-01-01', '04:00:00', 'Never smoked', 'mm Hg', 'N', 'U', '', 'S0115');
-- 231: Test VALUE_AS_CONCEPT_ID gets mapped from OBSERVATIONS
INSERT INTO optum_panther_ehr_tests_native.patient(ptid, birth_yr, gender, race, ethnicity, region, division, avg_hh_income, pct_college_educ, deceased_indicator, date_of_death, provid_pcp, idn_indicator, first_month_active, last_month_active, notes_eligible, has_notes, sourceid, source_data_through) VALUES ('PT231', '1950', 'Male', 'Caucasian', 'Not Hispanic', 'Midwest', 'East North Central', '', '', '0', '      ', '', '1', '200701', '201001', '1', 'Y', 'S0115', '202206');
INSERT INTO optum_panther_ehr_tests_native.encounter(ptid, visitid, encid, interaction_type, interaction_date, interaction_time, academic_community_flag, sourceid) VALUES ('PT231', '', 'E0000232', 'Inpatient', '2009-01-01', '04:00:00', 'U', 'S0115');
INSERT INTO optum_panther_ehr_tests_native.observations(ptid, encid, obs_type, nlp, obs_date, obs_time, obs_result, obs_unit, evaluated_for_range, value_within_range, result_date, sourceid) VALUES ('PT231', 'E0000232', 'SBP', 'N', '2009-01-01', '04:00:00', 'normal', 'mm Hg', 'N', 'U', '', 'S0115');
-- 233: Test UNIT_CONCEPT_ID gets mapped from OBSERVATIONS
INSERT INTO optum_panther_ehr_tests_native.patient(ptid, birth_yr, gender, race, ethnicity, region, division, avg_hh_income, pct_college_educ, deceased_indicator, date_of_death, provid_pcp, idn_indicator, first_month_active, last_month_active, notes_eligible, has_notes, sourceid, source_data_through) VALUES ('PT233', '1950', 'Male', 'Caucasian', 'Not Hispanic', 'Midwest', 'East North Central', '', '', '0', '      ', '', '1', '200701', '201001', '1', 'Y', 'S0115', '202206');
INSERT INTO optum_panther_ehr_tests_native.encounter(ptid, visitid, encid, interaction_type, interaction_date, interaction_time, academic_community_flag, sourceid) VALUES ('PT233', '', 'E0000234', 'Inpatient', '2009-01-01', '04:00:00', 'U', 'S0115');
INSERT INTO optum_panther_ehr_tests_native.observations(ptid, encid, obs_type, nlp, obs_date, obs_time, obs_result, obs_unit, evaluated_for_range, value_within_range, result_date, sourceid) VALUES ('PT233', 'E0000234', 'SBP', 'N', '2009-01-01', '04:00:00', '100', 'pH', 'N', 'U', '', 'S0115');
-- 235: Tests if 2 patient durations (where second is subsumed by the first) results in a single observation period
INSERT INTO optum_panther_ehr_tests_native.patient(ptid, birth_yr, gender, race, ethnicity, region, division, avg_hh_income, pct_college_educ, deceased_indicator, date_of_death, provid_pcp, idn_indicator, first_month_active, last_month_active, notes_eligible, has_notes, sourceid, source_data_through) VALUES ('PT235', '1933 and Earlier', 'Female', 'Caucasian', 'Not Hispanic', 'Midwest', 'East North Central', '', '', '0', '      ', '', '1', '201005', '201412', '1', 'Y', 'S0115', '202206');
INSERT INTO optum_panther_ehr_tests_native.patient(ptid, birth_yr, gender, race, ethnicity, region, division, avg_hh_income, pct_college_educ, deceased_indicator, date_of_death, provid_pcp, idn_indicator, first_month_active, last_month_active, notes_eligible, has_notes, sourceid, source_data_through) VALUES ('PT235', '1933 and Earlier', 'Female', 'Caucasian', 'Not Hispanic', 'Midwest', 'East North Central', '', '', '0', '      ', '', '1', '201006', '201411', '1', 'Y', 'S0115', '202206');
INSERT INTO optum_panther_ehr_tests_native.encounter(ptid, visitid, encid, interaction_type, interaction_date, interaction_time, academic_community_flag, sourceid) VALUES ('PT235', '', 'E0000236', 'Inpatient', '2009-01-01', '04:00:00', 'U', 'S0115');
-- 237: Patient has 1 valid OBSERVATIONS record within the enrollment period. Validate that the obs_date maps to the observation_date field properly.
INSERT INTO optum_panther_ehr_tests_native.patient(ptid, birth_yr, gender, race, ethnicity, region, division, avg_hh_income, pct_college_educ, deceased_indicator, date_of_death, provid_pcp, idn_indicator, first_month_active, last_month_active, notes_eligible, has_notes, sourceid, source_data_through) VALUES ('PT237', '1950', 'Male', 'Caucasian', 'Not Hispanic', 'Midwest', 'East North Central', '', '', '0', '      ', '', '0', '200701', '201001', '1', 'Y', 'S0115', '202206');
INSERT INTO optum_panther_ehr_tests_native.observations(ptid, encid, obs_type, nlp, obs_date, obs_time, obs_result, obs_unit, evaluated_for_range, value_within_range, result_date, sourceid) VALUES ('PT237', '', 'SMOKE', 'N', '2009-01-01', '04:00:00', 'Never smoked', 'mm Hg', 'N', 'U', '', 'S0115');
-- 238: Patient has 2 OBSERVATIONS records, the first within the enrollment period, the second outside of enrollment.
INSERT INTO optum_panther_ehr_tests_native.patient(ptid, birth_yr, gender, race, ethnicity, region, division, avg_hh_income, pct_college_educ, deceased_indicator, date_of_death, provid_pcp, idn_indicator, first_month_active, last_month_active, notes_eligible, has_notes, sourceid, source_data_through) VALUES ('PT238', '1950', 'Male', 'Caucasian', 'Not Hispanic', 'Midwest', 'East North Central', '', '', '0', '      ', '', '0', '200701', '201001', '1', 'Y', 'S0115', '202206');
INSERT INTO optum_panther_ehr_tests_native.observations(ptid, encid, obs_type, nlp, obs_date, obs_time, obs_result, obs_unit, evaluated_for_range, value_within_range, result_date, sourceid) VALUES ('PT238', '', 'SMOKE', 'N', '2009-01-01', '04:00:00', 'Never smoked', 'mm Hg', 'N', 'U', '', 'S0115');
INSERT INTO optum_panther_ehr_tests_native.observations(ptid, encid, obs_type, nlp, obs_date, obs_time, obs_result, obs_unit, evaluated_for_range, value_within_range, result_date, sourceid) VALUES ('PT238', '', 'SMOKE', 'N', '2015-01-01', '04:00:00', 'Never smoked', 'mm Hg', 'N', 'U', '', 'S0115');
-- 239: Patient has multiple OBSERVATIONS records, all within enrollment period
INSERT INTO optum_panther_ehr_tests_native.patient(ptid, birth_yr, gender, race, ethnicity, region, division, avg_hh_income, pct_college_educ, deceased_indicator, date_of_death, provid_pcp, idn_indicator, first_month_active, last_month_active, notes_eligible, has_notes, sourceid, source_data_through) VALUES ('PT239', '1950', 'Male', 'Caucasian', 'Not Hispanic', 'Midwest', 'East North Central', '', '', '0', '      ', '', '0', '200701', '201001', '1', 'Y', 'S0115', '202206');
INSERT INTO optum_panther_ehr_tests_native.observations(ptid, encid, obs_type, nlp, obs_date, obs_time, obs_result, obs_unit, evaluated_for_range, value_within_range, result_date, sourceid) VALUES ('PT239', '', 'SMOKE', 'N', '2009-01-01', '04:00:00', 'Never smoked', 'mm Hg', 'N', 'U', '', 'S0115');
INSERT INTO optum_panther_ehr_tests_native.observations(ptid, encid, obs_type, nlp, obs_date, obs_time, obs_result, obs_unit, evaluated_for_range, value_within_range, result_date, sourceid) VALUES ('PT239', '', 'SMOKE', 'N', '2009-01-01', '04:00:00', 'Never smoked', 'mm Hg', 'N', 'U', '', 'S0115');
-- 240: Patient has OBSERVATIONS record; validate the obs_type mapping found in the STCM to observation_concept_id
INSERT INTO optum_panther_ehr_tests_native.patient(ptid, birth_yr, gender, race, ethnicity, region, division, avg_hh_income, pct_college_educ, deceased_indicator, date_of_death, provid_pcp, idn_indicator, first_month_active, last_month_active, notes_eligible, has_notes, sourceid, source_data_through) VALUES ('PT240', '1950', 'Male', 'Caucasian', 'Not Hispanic', 'Midwest', 'East North Central', '', '', '0', '      ', '', '0', '200701', '201001', '1', 'Y', 'S0115', '202206');
INSERT INTO optum_panther_ehr_tests_native.observations(ptid, encid, obs_type, nlp, obs_date, obs_time, obs_result, obs_unit, evaluated_for_range, value_within_range, result_date, sourceid) VALUES ('PT240', '', 'SMOKE', 'N', '2009-01-01', '04:00:00', 'Never smoked', 'mm Hg', 'N', 'U', '', 'S0115');
-- 241: Patient has OBSERVATIONS record; validate the obs_type mapping NOT found in the STCM maps to observation_concept_id = 0
INSERT INTO optum_panther_ehr_tests_native.patient(ptid, birth_yr, gender, race, ethnicity, region, division, avg_hh_income, pct_college_educ, deceased_indicator, date_of_death, provid_pcp, idn_indicator, first_month_active, last_month_active, notes_eligible, has_notes, sourceid, source_data_through) VALUES ('PT241', '1950', 'Male', 'Caucasian', 'Not Hispanic', 'Midwest', 'East North Central', '', '', '0', '      ', '', '0', '200701', '201001', '1', 'Y', 'S0115', '202206');
INSERT INTO optum_panther_ehr_tests_native.observations(ptid, encid, obs_type, nlp, obs_date, obs_time, obs_result, obs_unit, evaluated_for_range, value_within_range, result_date, sourceid) VALUES ('PT241', '', 'SMOKEX', 'N', '2009-01-01', '04:00:00', 'Never smoked', 'mm Hg', 'N', 'U', '', 'S0115');
-- 242: Patient has OBSERVATIONS record; validate the observation_type_concept_id is populated correctly
INSERT INTO optum_panther_ehr_tests_native.patient(ptid, birth_yr, gender, race, ethnicity, region, division, avg_hh_income, pct_college_educ, deceased_indicator, date_of_death, provid_pcp, idn_indicator, first_month_active, last_month_active, notes_eligible, has_notes, sourceid, source_data_through) VALUES ('PT242', '1950', 'Male', 'Caucasian', 'Not Hispanic', 'Midwest', 'East North Central', '', '', '0', '      ', '', '0', '200701', '201001', '1', 'Y', 'S0115', '202206');
INSERT INTO optum_panther_ehr_tests_native.observations(ptid, encid, obs_type, nlp, obs_date, obs_time, obs_result, obs_unit, evaluated_for_range, value_within_range, result_date, sourceid) VALUES ('PT242', '', 'SMOKE', 'N', '2009-01-01', '04:00:00', 'Never smoked', 'mm Hg', 'N', 'U', '', 'S0115');
-- 243: Patient has OBSERVATIONS record; validate the obs_time is mapped to observation_time
INSERT INTO optum_panther_ehr_tests_native.patient(ptid, birth_yr, gender, race, ethnicity, region, division, avg_hh_income, pct_college_educ, deceased_indicator, date_of_death, provid_pcp, idn_indicator, first_month_active, last_month_active, notes_eligible, has_notes, sourceid, source_data_through) VALUES ('PT243', '1950', 'Male', 'Caucasian', 'Not Hispanic', 'Midwest', 'East North Central', '', '', '0', '      ', '', '0', '200701', '201001', '1', 'Y', 'S0115', '202206');
INSERT INTO optum_panther_ehr_tests_native.observations(ptid, encid, obs_type, nlp, obs_date, obs_time, obs_result, obs_unit, evaluated_for_range, value_within_range, result_date, sourceid) VALUES ('PT243', '', 'SMOKE', 'N', '2009-01-01', '14:30:00', 'Never smoked', 'mm Hg', 'N', 'U', '', 'S0115');
-- 244: Patient has OBSERVATIONS record; validate the obs_result is mapped to value_as_number when obs_result can be cast to a numeric
INSERT INTO optum_panther_ehr_tests_native.patient(ptid, birth_yr, gender, race, ethnicity, region, division, avg_hh_income, pct_college_educ, deceased_indicator, date_of_death, provid_pcp, idn_indicator, first_month_active, last_month_active, notes_eligible, has_notes, sourceid, source_data_through) VALUES ('PT244', '1950', 'Male', 'Caucasian', 'Not Hispanic', 'Midwest', 'East North Central', '', '', '0', '      ', '', '0', '200701', '201001', '1', 'Y', 'S0115', '202206');
INSERT INTO optum_panther_ehr_tests_native.observations(ptid, encid, obs_type, nlp, obs_date, obs_time, obs_result, obs_unit, evaluated_for_range, value_within_range, result_date, sourceid) VALUES ('PT244', '', 'SMOKE', 'N', '2009-01-01', '04:00:00', '100', 'mm Hg', 'N', 'U', '', 'S0115');
-- 245: Patient has OBSERVATIONS record; validate the obs_result is mapped to value_as_string when obs_result CANNOT be cast to a numeric
INSERT INTO optum_panther_ehr_tests_native.patient(ptid, birth_yr, gender, race, ethnicity, region, division, avg_hh_income, pct_college_educ, deceased_indicator, date_of_death, provid_pcp, idn_indicator, first_month_active, last_month_active, notes_eligible, has_notes, sourceid, source_data_through) VALUES ('PT245', '1950', 'Male', 'Caucasian', 'Not Hispanic', 'Midwest', 'East North Central', '', '', '0', '      ', '', '0', '200701', '201001', '1', 'Y', 'S0115', '202206');
INSERT INTO optum_panther_ehr_tests_native.observations(ptid, encid, obs_type, nlp, obs_date, obs_time, obs_result, obs_unit, evaluated_for_range, value_within_range, result_date, sourceid) VALUES ('PT245', '', 'SMOKE', 'N', '2009-01-01', '04:00:00', 'One Hundred', 'mm Hg', 'N', 'U', '', 'S0115');
-- 246: Patient has OBSERVATIONS record; validate the obs_unit is mapped to unit_source_value AND a valid unit_concept_id when it matches a concept in the UCUM vocabulary
INSERT INTO optum_panther_ehr_tests_native.patient(ptid, birth_yr, gender, race, ethnicity, region, division, avg_hh_income, pct_college_educ, deceased_indicator, date_of_death, provid_pcp, idn_indicator, first_month_active, last_month_active, notes_eligible, has_notes, sourceid, source_data_through) VALUES ('PT246', '1950', 'Male', 'Caucasian', 'Not Hispanic', 'Midwest', 'East North Central', '', '', '0', '      ', '', '0', '200701', '201001', '1', 'Y', 'S0115', '202206');
INSERT INTO optum_panther_ehr_tests_native.observations(ptid, encid, obs_type, nlp, obs_date, obs_time, obs_result, obs_unit, evaluated_for_range, value_within_range, result_date, sourceid) VALUES ('PT246', '', 'SMOKE', 'N', '2009-01-01', '04:00:00', '100', 'kilogram', 'N', 'U', '', 'S0115');
-- 247: Patient has OBSERVATIONS record; validate the obs_unit is mapped to unit_source_value AND unit_concept_id = 0 when it matches a concept in the UCUM vocabulary
INSERT INTO optum_panther_ehr_tests_native.patient(ptid, birth_yr, gender, race, ethnicity, region, division, avg_hh_income, pct_college_educ, deceased_indicator, date_of_death, provid_pcp, idn_indicator, first_month_active, last_month_active, notes_eligible, has_notes, sourceid, source_data_through) VALUES ('PT247', '1950', 'Male', 'Caucasian', 'Not Hispanic', 'Midwest', 'East North Central', '', '', '0', '      ', '', '0', '200701', '201001', '1', 'Y', 'S0115', '202206');
INSERT INTO optum_panther_ehr_tests_native.observations(ptid, encid, obs_type, nlp, obs_date, obs_time, obs_result, obs_unit, evaluated_for_range, value_within_range, result_date, sourceid) VALUES ('PT247', '', 'SMOKE', 'N', '2009-01-01', '04:00:00', '100', 'kg', 'N', 'U', '', 'S0115');
-- 248: Patient has OBSERVATIONS record; validate the obs_unit is mapped to unit_source_value AND unit_concept_id = 0 when it does not match a standard concept in the UCUM vocabulary
INSERT INTO optum_panther_ehr_tests_native.patient(ptid, birth_yr, gender, race, ethnicity, region, division, avg_hh_income, pct_college_educ, deceased_indicator, date_of_death, provid_pcp, idn_indicator, first_month_active, last_month_active, notes_eligible, has_notes, sourceid, source_data_through) VALUES ('PT248', '1950', 'Male', 'Caucasian', 'Not Hispanic', 'Midwest', 'East North Central', '', '', '0', '      ', '', '0', '200701', '201001', '1', 'Y', 'S0115', '202206');
INSERT INTO optum_panther_ehr_tests_native.observations(ptid, encid, obs_type, nlp, obs_date, obs_time, obs_result, obs_unit, evaluated_for_range, value_within_range, result_date, sourceid) VALUES ('PT248', '', 'SMOKE', 'N', '2009-01-01', '04:00:00', '100', 'TEST_UNIT', 'N', 'U', '', 'S0115');
-- 249: Records from diagnosis with diagnosis_status = History of and primary discharge diagnosis then put in the Observation table with observation_concept_id = 1340204
INSERT INTO optum_panther_ehr_tests_native.patient(ptid, birth_yr, gender, race, ethnicity, region, division, avg_hh_income, pct_college_educ, deceased_indicator, date_of_death, provid_pcp, idn_indicator, first_month_active, last_month_active, notes_eligible, has_notes, sourceid, source_data_through) VALUES ('PT249', '1950', 'Male', 'Caucasian', 'Not Hispanic', 'Midwest', 'East North Central', '', '', '0', '      ', '', '0', '200701', '201001', '1', 'Y', 'S0115', '202206');
INSERT INTO optum_panther_ehr_tests_native.diagnosis(ptid, encid, diag_date, diag_time, diagnosis_cd, diagnosis_cd_type, diagnosis_status, poa, admitting_diagnosis, discharge_diagnosis, primary_diagnosis, problem_list, sourceid) VALUES ('PT249', '', '2009-01-01', '04:00:00', 'H44611', 'ICD10', 'History of', '0', '0', '1', '1', 'N', 'S0115');
-- 251: Records from diagnosis with diagnosis_status = History of and primary diagnosis diagnosis then put in the Observation table with observation_concept_id = 1340204
INSERT INTO optum_panther_ehr_tests_native.patient(ptid, birth_yr, gender, race, ethnicity, region, division, avg_hh_income, pct_college_educ, deceased_indicator, date_of_death, provid_pcp, idn_indicator, first_month_active, last_month_active, notes_eligible, has_notes, sourceid, source_data_through) VALUES ('PT251', '1950', 'Male', 'Caucasian', 'Not Hispanic', 'Midwest', 'East North Central', '', '', '0', '      ', '', '0', '200701', '201001', '1', 'Y', 'S0115', '202206');
INSERT INTO optum_panther_ehr_tests_native.diagnosis(ptid, encid, diag_date, diag_time, diagnosis_cd, diagnosis_cd_type, diagnosis_status, poa, admitting_diagnosis, discharge_diagnosis, primary_diagnosis, problem_list, sourceid) VALUES ('PT251', '', '2009-01-01', '04:00:00', 'H44611', 'ICD10', 'History of', '0', '0', '1', '1', 'N', 'S0115');
-- 305: Tests Unknown gender does not get loaded
INSERT INTO optum_panther_ehr_tests_native.patient(ptid, birth_yr, gender, race, ethnicity, region, division, avg_hh_income, pct_college_educ, deceased_indicator, date_of_death, provid_pcp, idn_indicator, first_month_active, last_month_active, notes_eligible, has_notes, sourceid, source_data_through) VALUES ('PT305', '1950', 'Unknown', 'Caucasian', 'Not Hispanic', 'Midwest', 'East North Central', '', '', '0', '      ', '', '1', '200701', '201001', '1', 'Y', 'S0115', '202206');
INSERT INTO optum_panther_ehr_tests_native.encounter(ptid, visitid, encid, interaction_type, interaction_date, interaction_time, academic_community_flag, sourceid) VALUES ('PT305', '', 'E0000306', 'Inpatient', '2009-01-01', '04:00:00', 'U', 'S0115');
-- 307: Tests Male gender
INSERT INTO optum_panther_ehr_tests_native.patient(ptid, birth_yr, gender, race, ethnicity, region, division, avg_hh_income, pct_college_educ, deceased_indicator, date_of_death, provid_pcp, idn_indicator, first_month_active, last_month_active, notes_eligible, has_notes, sourceid, source_data_through) VALUES ('PT307', '1950', 'Male', 'Caucasian', 'Not Hispanic', 'Midwest', 'East North Central', '', '', '0', '      ', '', '1', '200701', '201001', '1', 'Y', 'S0115', '202206');
INSERT INTO optum_panther_ehr_tests_native.encounter(ptid, visitid, encid, interaction_type, interaction_date, interaction_time, academic_community_flag, sourceid) VALUES ('PT307', '', 'E0000308', 'Inpatient', '2009-01-01', '04:00:00', 'U', 'S0115');
-- 309: Tests Female gender
INSERT INTO optum_panther_ehr_tests_native.patient(ptid, birth_yr, gender, race, ethnicity, region, division, avg_hh_income, pct_college_educ, deceased_indicator, date_of_death, provid_pcp, idn_indicator, first_month_active, last_month_active, notes_eligible, has_notes, sourceid, source_data_through) VALUES ('PT309', '1950', 'Female', 'Caucasian', 'Not Hispanic', 'Midwest', 'East North Central', '', '', '0', '      ', '', '1', '200701', '201001', '1', 'Y', 'S0115', '202206');
INSERT INTO optum_panther_ehr_tests_native.encounter(ptid, visitid, encid, interaction_type, interaction_date, interaction_time, academic_community_flag, sourceid) VALUES ('PT309', '', 'E0000310', 'Inpatient', '2009-01-01', '04:00:00', 'U', 'S0115');
-- 311: Tests Unknown birth year
INSERT INTO optum_panther_ehr_tests_native.patient(ptid, birth_yr, gender, race, ethnicity, region, division, avg_hh_income, pct_college_educ, deceased_indicator, date_of_death, provid_pcp, idn_indicator, first_month_active, last_month_active, notes_eligible, has_notes, sourceid, source_data_through) VALUES ('PT311', 'Unknown', 'Male', 'Caucasian', 'Not Hispanic', 'Midwest', 'East North Central', '', '', '0', '      ', '', '1', '200701', '201001', '1', 'Y', 'S0115', '202206');
INSERT INTO optum_panther_ehr_tests_native.encounter(ptid, visitid, encid, interaction_type, interaction_date, interaction_time, academic_community_flag, sourceid) VALUES ('PT311', '', 'E0000312', 'Inpatient', '2009-01-01', '04:00:00', 'U', 'S0115');
-- 313: Tests 1927 and earlier birth year
INSERT INTO optum_panther_ehr_tests_native.patient(ptid, birth_yr, gender, race, ethnicity, region, division, avg_hh_income, pct_college_educ, deceased_indicator, date_of_death, provid_pcp, idn_indicator, first_month_active, last_month_active, notes_eligible, has_notes, sourceid, source_data_through) VALUES ('PT313', '1927 and earlier', 'Male', 'Caucasian', 'Not Hispanic', 'Midwest', 'East North Central', '', '', '0', '      ', '', '1', '200701', '201001', '1', 'Y', 'S0115', '202206');
INSERT INTO optum_panther_ehr_tests_native.encounter(ptid, visitid, encid, interaction_type, interaction_date, interaction_time, academic_community_flag, sourceid) VALUES ('PT313', '', 'E0000314', 'Inpatient', '2009-01-01', '04:00:00', 'U', 'S0115');
-- 315: Tests 1930 birth year
INSERT INTO optum_panther_ehr_tests_native.patient(ptid, birth_yr, gender, race, ethnicity, region, division, avg_hh_income, pct_college_educ, deceased_indicator, date_of_death, provid_pcp, idn_indicator, first_month_active, last_month_active, notes_eligible, has_notes, sourceid, source_data_through) VALUES ('PT315', '1930', 'Male', 'Caucasian', 'Not Hispanic', 'Midwest', 'East North Central', '', '', '0', '      ', '', '1', '200701', '201001', '1', 'Y', 'S0115', '202206');
INSERT INTO optum_panther_ehr_tests_native.encounter(ptid, visitid, encid, interaction_type, interaction_date, interaction_time, academic_community_flag, sourceid) VALUES ('PT315', '', 'E0000316', 'Inpatient', '2009-01-01', '04:00:00', 'U', 'S0115');
-- 317: Tests Asian race
INSERT INTO optum_panther_ehr_tests_native.patient(ptid, birth_yr, gender, race, ethnicity, region, division, avg_hh_income, pct_college_educ, deceased_indicator, date_of_death, provid_pcp, idn_indicator, first_month_active, last_month_active, notes_eligible, has_notes, sourceid, source_data_through) VALUES ('PT317', '1950', 'Male', 'Asian', 'Not Hispanic', 'Midwest', 'East North Central', '', '', '0', '      ', '', '1', '200701', '201001', '1', 'Y', 'S0115', '202206');
INSERT INTO optum_panther_ehr_tests_native.encounter(ptid, visitid, encid, interaction_type, interaction_date, interaction_time, academic_community_flag, sourceid) VALUES ('PT317', '', 'E0000318', 'Inpatient', '2009-01-01', '04:00:00', 'U', 'S0115');
-- 319: Tests African American race
INSERT INTO optum_panther_ehr_tests_native.patient(ptid, birth_yr, gender, race, ethnicity, region, division, avg_hh_income, pct_college_educ, deceased_indicator, date_of_death, provid_pcp, idn_indicator, first_month_active, last_month_active, notes_eligible, has_notes, sourceid, source_data_through) VALUES ('PT319', '1950', 'Male', 'African American', 'Not Hispanic', 'Midwest', 'East North Central', '', '', '0', '      ', '', '1', '200701', '201001', '1', 'Y', 'S0115', '202206');
INSERT INTO optum_panther_ehr_tests_native.encounter(ptid, visitid, encid, interaction_type, interaction_date, interaction_time, academic_community_flag, sourceid) VALUES ('PT319', '', 'E0000320', 'Inpatient', '2009-01-01', '04:00:00', 'U', 'S0115');
-- 321: Tests Caucasian race
INSERT INTO optum_panther_ehr_tests_native.patient(ptid, birth_yr, gender, race, ethnicity, region, division, avg_hh_income, pct_college_educ, deceased_indicator, date_of_death, provid_pcp, idn_indicator, first_month_active, last_month_active, notes_eligible, has_notes, sourceid, source_data_through) VALUES ('PT321', '1950', 'Male', 'Caucasian', 'Not Hispanic', 'Midwest', 'East North Central', '', '', '0', '      ', '', '1', '200701', '201001', '1', 'Y', 'S0115', '202206');
INSERT INTO optum_panther_ehr_tests_native.encounter(ptid, visitid, encid, interaction_type, interaction_date, interaction_time, academic_community_flag, sourceid) VALUES ('PT321', '', 'E0000322', 'Inpatient', '2009-01-01', '04:00:00', 'U', 'S0115');
-- 323: Tests Unknown race
INSERT INTO optum_panther_ehr_tests_native.patient(ptid, birth_yr, gender, race, ethnicity, region, division, avg_hh_income, pct_college_educ, deceased_indicator, date_of_death, provid_pcp, idn_indicator, first_month_active, last_month_active, notes_eligible, has_notes, sourceid, source_data_through) VALUES ('PT323', '1950', 'Male', 'Other/Unknown', 'Not Hispanic', 'Midwest', 'East North Central', '', '', '0', '      ', '', '1', '200701', '201001', '1', 'Y', 'S0115', '202206');
INSERT INTO optum_panther_ehr_tests_native.encounter(ptid, visitid, encid, interaction_type, interaction_date, interaction_time, academic_community_flag, sourceid) VALUES ('PT323', '', 'E0000324', 'Inpatient', '2009-01-01', '04:00:00', 'U', 'S0115');
-- 325: Tests Hispanic ethnicity, Asian race
INSERT INTO optum_panther_ehr_tests_native.patient(ptid, birth_yr, gender, race, ethnicity, region, division, avg_hh_income, pct_college_educ, deceased_indicator, date_of_death, provid_pcp, idn_indicator, first_month_active, last_month_active, notes_eligible, has_notes, sourceid, source_data_through) VALUES ('PT325', '1950', 'Male', 'Asian', 'Hispanic', 'Midwest', 'East North Central', '', '', '0', '      ', '', '1', '200701', '201001', '1', 'Y', 'S0115', '202206');
INSERT INTO optum_panther_ehr_tests_native.encounter(ptid, visitid, encid, interaction_type, interaction_date, interaction_time, academic_community_flag, sourceid) VALUES ('PT325', '', 'E0000326', 'Inpatient', '2009-01-01', '04:00:00', 'U', 'S0115');
-- 327: Tests Hispanic ethnicity, African American race
INSERT INTO optum_panther_ehr_tests_native.patient(ptid, birth_yr, gender, race, ethnicity, region, division, avg_hh_income, pct_college_educ, deceased_indicator, date_of_death, provid_pcp, idn_indicator, first_month_active, last_month_active, notes_eligible, has_notes, sourceid, source_data_through) VALUES ('PT327', '1950', 'Male', 'African American', 'Hispanic', 'Midwest', 'East North Central', '', '', '0', '      ', '', '1', '200701', '201001', '1', 'Y', 'S0115', '202206');
INSERT INTO optum_panther_ehr_tests_native.encounter(ptid, visitid, encid, interaction_type, interaction_date, interaction_time, academic_community_flag, sourceid) VALUES ('PT327', '', 'E0000328', 'Inpatient', '2009-01-01', '04:00:00', 'U', 'S0115');
-- 329: Tests Hispanic ethnicity, Caucasian race
INSERT INTO optum_panther_ehr_tests_native.patient(ptid, birth_yr, gender, race, ethnicity, region, division, avg_hh_income, pct_college_educ, deceased_indicator, date_of_death, provid_pcp, idn_indicator, first_month_active, last_month_active, notes_eligible, has_notes, sourceid, source_data_through) VALUES ('PT329', '1950', 'Male', 'Caucasian', 'Hispanic', 'Midwest', 'East North Central', '', '', '0', '      ', '', '1', '200701', '201001', '1', 'Y', 'S0115', '202206');
INSERT INTO optum_panther_ehr_tests_native.encounter(ptid, visitid, encid, interaction_type, interaction_date, interaction_time, academic_community_flag, sourceid) VALUES ('PT329', '', 'E0000330', 'Inpatient', '2009-01-01', '04:00:00', 'U', 'S0115');
-- 331: Tests Hispanic ethnicity, unknown race
INSERT INTO optum_panther_ehr_tests_native.patient(ptid, birth_yr, gender, race, ethnicity, region, division, avg_hh_income, pct_college_educ, deceased_indicator, date_of_death, provid_pcp, idn_indicator, first_month_active, last_month_active, notes_eligible, has_notes, sourceid, source_data_through) VALUES ('PT331', '1950', 'Male', 'Other/Unknown', 'Hispanic', 'Midwest', 'East North Central', '', '', '0', '      ', '', '1', '200701', '201001', '1', 'Y', 'S0115', '202206');
INSERT INTO optum_panther_ehr_tests_native.encounter(ptid, visitid, encid, interaction_type, interaction_date, interaction_time, academic_community_flag, sourceid) VALUES ('PT331', '', 'E0000332', 'Inpatient', '2009-01-01', '04:00:00', 'U', 'S0115');
-- 333: Tests procedure record with proc_code_type CPT4
INSERT INTO optum_panther_ehr_tests_native.patient(ptid, birth_yr, gender, race, ethnicity, region, division, avg_hh_income, pct_college_educ, deceased_indicator, date_of_death, provid_pcp, idn_indicator, first_month_active, last_month_active, notes_eligible, has_notes, sourceid, source_data_through) VALUES ('PT333', '1950', 'Male', 'Caucasian', 'Not Hispanic', 'Midwest', 'East North Central', '', '', '0', '      ', '', '1', '200701', '201001', '1', 'Y', 'S0115', '202206');
INSERT INTO optum_panther_ehr_tests_native.procedure(ptid, encid, proc_date, proc_time, proc_code, proc_desc, proc_code_type, provid_perform, provid_order, betos_code, betos_desc, sourceid) VALUES ('PT333', '', '2009-01-01', '04:00:00', '36415', '', 'CPT4', '', '', '', '', 'S0115');
-- 334: Tests procedure record with proc_code_type HCPCS
INSERT INTO optum_panther_ehr_tests_native.patient(ptid, birth_yr, gender, race, ethnicity, region, division, avg_hh_income, pct_college_educ, deceased_indicator, date_of_death, provid_pcp, idn_indicator, first_month_active, last_month_active, notes_eligible, has_notes, sourceid, source_data_through) VALUES ('PT334', '1950', 'Male', 'Caucasian', 'Not Hispanic', 'Midwest', 'East North Central', '', '', '0', '      ', '', '1', '200701', '201001', '1', 'Y', 'S0115', '202206');
INSERT INTO optum_panther_ehr_tests_native.procedure(ptid, encid, proc_date, proc_time, proc_code, proc_desc, proc_code_type, provid_perform, provid_order, betos_code, betos_desc, sourceid) VALUES ('PT334', '', '2009-01-01', '04:00:00', 'C9743', '', 'HCPCS', '', '', '', '', 'S0115');
-- 335: Tests procedure record with proc_code_type ICD9
INSERT INTO optum_panther_ehr_tests_native.patient(ptid, birth_yr, gender, race, ethnicity, region, division, avg_hh_income, pct_college_educ, deceased_indicator, date_of_death, provid_pcp, idn_indicator, first_month_active, last_month_active, notes_eligible, has_notes, sourceid, source_data_through) VALUES ('PT335', '1950', 'Male', 'Caucasian', 'Not Hispanic', 'Midwest', 'East North Central', '', '', '0', '      ', '', '1', '200701', '201001', '1', 'Y', 'S0115', '202206');
INSERT INTO optum_panther_ehr_tests_native.procedure(ptid, encid, proc_date, proc_time, proc_code, proc_desc, proc_code_type, provid_perform, provid_order, betos_code, betos_desc, sourceid) VALUES ('PT335', '', '2009-01-01', '04:00:00', '33.50', '', 'ICD9', '', '', '', '', 'S0115');
-- 336: Tests procedure record with proc_code_type ICD10
INSERT INTO optum_panther_ehr_tests_native.patient(ptid, birth_yr, gender, race, ethnicity, region, division, avg_hh_income, pct_college_educ, deceased_indicator, date_of_death, provid_pcp, idn_indicator, first_month_active, last_month_active, notes_eligible, has_notes, sourceid, source_data_through) VALUES ('PT336', '1950', 'Male', 'Caucasian', 'Not Hispanic', 'Midwest', 'East North Central', '', '', '0', '      ', '', '1', '200701', '201001', '1', 'Y', 'S0115', '202206');
INSERT INTO optum_panther_ehr_tests_native.procedure(ptid, encid, proc_date, proc_time, proc_code, proc_desc, proc_code_type, provid_perform, provid_order, betos_code, betos_desc, sourceid) VALUES ('PT336', '', '2009-01-01', '04:00:00', '0J8S0', '', 'ICD10', '', '', '', '', 'S0115');
-- 337: Tests procedure type concept
INSERT INTO optum_panther_ehr_tests_native.patient(ptid, birth_yr, gender, race, ethnicity, region, division, avg_hh_income, pct_college_educ, deceased_indicator, date_of_death, provid_pcp, idn_indicator, first_month_active, last_month_active, notes_eligible, has_notes, sourceid, source_data_through) VALUES ('PT337', '1950', 'Male', 'Caucasian', 'Not Hispanic', 'Midwest', 'East North Central', '', '', '0', '      ', '', '1', '200701', '201001', '1', 'Y', 'S0115', '202206');
INSERT INTO optum_panther_ehr_tests_native.procedure(ptid, encid, proc_date, proc_time, proc_code, proc_desc, proc_code_type, provid_perform, provid_order, betos_code, betos_desc, sourceid) VALUES ('PT337', '', '2009-01-01', '04:00:00', '36415', '', 'CPT4', '', '', '', '', 'S0115');
-- 338: Tests procedure record with proc_code_type of blank results in unmapped procedure occurrence
INSERT INTO optum_panther_ehr_tests_native.patient(ptid, birth_yr, gender, race, ethnicity, region, division, avg_hh_income, pct_college_educ, deceased_indicator, date_of_death, provid_pcp, idn_indicator, first_month_active, last_month_active, notes_eligible, has_notes, sourceid, source_data_through) VALUES ('PT338', '1950', 'Male', 'Caucasian', 'Not Hispanic', 'Midwest', 'East North Central', '', '', '0', '      ', '', '1', '200701', '201001', '1', 'Y', 'S0115', '202206');
INSERT INTO optum_panther_ehr_tests_native.procedure(ptid, encid, proc_date, proc_time, proc_code, proc_desc, proc_code_type, provid_perform, provid_order, betos_code, betos_desc, sourceid) VALUES ('PT338', '', '2009-01-01', '04:00:00', '36415', '', '', '', '', '', '', 'S0115');
-- 339: Tests procedure record with proc_code_type CUSTOM results in unmapped procedure occurrence
INSERT INTO optum_panther_ehr_tests_native.patient(ptid, birth_yr, gender, race, ethnicity, region, division, avg_hh_income, pct_college_educ, deceased_indicator, date_of_death, provid_pcp, idn_indicator, first_month_active, last_month_active, notes_eligible, has_notes, sourceid, source_data_through) VALUES ('PT339', '1950', 'Male', 'Caucasian', 'Not Hispanic', 'Midwest', 'East North Central', '', '', '0', '      ', '', '1', '200701', '201001', '1', 'Y', 'S0115', '202206');
INSERT INTO optum_panther_ehr_tests_native.procedure(ptid, encid, proc_date, proc_time, proc_code, proc_desc, proc_code_type, provid_perform, provid_order, betos_code, betos_desc, sourceid) VALUES ('PT339', '', '2009-01-01', '04:00:00', '36415', '', 'CUSTOM', '', '', '', '', 'S0115');
-- 340: Tests procedure record with proc_code_type REV results in unmapped procedure occurrence
INSERT INTO optum_panther_ehr_tests_native.patient(ptid, birth_yr, gender, race, ethnicity, region, division, avg_hh_income, pct_college_educ, deceased_indicator, date_of_death, provid_pcp, idn_indicator, first_month_active, last_month_active, notes_eligible, has_notes, sourceid, source_data_through) VALUES ('PT340', '1950', 'Male', 'Caucasian', 'Not Hispanic', 'Midwest', 'East North Central', '', '', '0', '      ', '', '1', '200701', '201001', '1', 'Y', 'S0115', '202206');
INSERT INTO optum_panther_ehr_tests_native.procedure(ptid, encid, proc_date, proc_time, proc_code, proc_desc, proc_code_type, provid_perform, provid_order, betos_code, betos_desc, sourceid) VALUES ('PT340', '', '2009-01-01', '04:00:00', '36415', '', 'REV', '', '', '', '', 'S0115');
-- 341: Tests procedure record with proc_code_type CLM_UNK results in unmapped procedure occurrence
INSERT INTO optum_panther_ehr_tests_native.patient(ptid, birth_yr, gender, race, ethnicity, region, division, avg_hh_income, pct_college_educ, deceased_indicator, date_of_death, provid_pcp, idn_indicator, first_month_active, last_month_active, notes_eligible, has_notes, sourceid, source_data_through) VALUES ('PT341', '1950', 'Male', 'Caucasian', 'Not Hispanic', 'Midwest', 'East North Central', '', '', '0', '      ', '', '1', '200701', '201001', '1', 'Y', 'S0115', '202206');
INSERT INTO optum_panther_ehr_tests_native.procedure(ptid, encid, proc_date, proc_time, proc_code, proc_desc, proc_code_type, provid_perform, provid_order, betos_code, betos_desc, sourceid) VALUES ('PT341', '', '2009-01-01', '04:00:00', '36415', '', 'CLM_UNK', '', '', '', '', 'S0115');
-- 342: Tests procedure type concept id from diagnosis record
INSERT INTO optum_panther_ehr_tests_native.patient(ptid, birth_yr, gender, race, ethnicity, region, division, avg_hh_income, pct_college_educ, deceased_indicator, date_of_death, provid_pcp, idn_indicator, first_month_active, last_month_active, notes_eligible, has_notes, sourceid, source_data_through) VALUES ('PT342', '1950', 'Male', 'Caucasian', 'Not Hispanic', 'Midwest', 'East North Central', '', '', '0', '      ', '', '1', '200701', '201001', '1', 'Y', 'S0115', '202206');
INSERT INTO optum_panther_ehr_tests_native.diagnosis(ptid, encid, diag_date, diag_time, diagnosis_cd, diagnosis_cd_type, diagnosis_status, poa, admitting_diagnosis, discharge_diagnosis, primary_diagnosis, problem_list, sourceid) VALUES ('PT342', '', '2009-01-01', '04:00:00', '7606', 'ICD9', 'Diagnosis of', '0', '0', '0', '0', 'N', 'S0115');
-- 344: Diagnosis record with diagnosis_cd_type ICD9
INSERT INTO optum_panther_ehr_tests_native.patient(ptid, birth_yr, gender, race, ethnicity, region, division, avg_hh_income, pct_college_educ, deceased_indicator, date_of_death, provid_pcp, idn_indicator, first_month_active, last_month_active, notes_eligible, has_notes, sourceid, source_data_through) VALUES ('PT344', '1950', 'Male', 'Caucasian', 'Not Hispanic', 'Midwest', 'East North Central', '', '', '0', '      ', '', '1', '200701', '201001', '1', 'Y', 'S0115', '202206');
INSERT INTO optum_panther_ehr_tests_native.diagnosis(ptid, encid, diag_date, diag_time, diagnosis_cd, diagnosis_cd_type, diagnosis_status, poa, admitting_diagnosis, discharge_diagnosis, primary_diagnosis, problem_list, sourceid) VALUES ('PT344', '', '2009-01-01', '04:00:00', '7606', 'ICD9', 'Diagnosis of', '0', '0', '0', '0', 'N', 'S0115');
-- 346: Diagnosis record with diagnosis_cd_type ICD10
INSERT INTO optum_panther_ehr_tests_native.patient(ptid, birth_yr, gender, race, ethnicity, region, division, avg_hh_income, pct_college_educ, deceased_indicator, date_of_death, provid_pcp, idn_indicator, first_month_active, last_month_active, notes_eligible, has_notes, sourceid, source_data_through) VALUES ('PT346', '1950', 'Male', 'Caucasian', 'Not Hispanic', 'Midwest', 'East North Central', '', '', '0', '      ', '', '1', '200701', '201001', '1', 'Y', 'S0115', '202206');
INSERT INTO optum_panther_ehr_tests_native.diagnosis(ptid, encid, diag_date, diag_time, diagnosis_cd, diagnosis_cd_type, diagnosis_status, poa, admitting_diagnosis, discharge_diagnosis, primary_diagnosis, problem_list, sourceid) VALUES ('PT346', '', '2009-01-01', '04:00:00', 'Z01.110', 'ICD10', 'Diagnosis of', '0', '0', '0', '0', 'N', 'S0115');
-- 348: Diagnosis record with diagnosis_cd_type SNOMED
INSERT INTO optum_panther_ehr_tests_native.patient(ptid, birth_yr, gender, race, ethnicity, region, division, avg_hh_income, pct_college_educ, deceased_indicator, date_of_death, provid_pcp, idn_indicator, first_month_active, last_month_active, notes_eligible, has_notes, sourceid, source_data_through) VALUES ('PT348', '1950', 'Male', 'Caucasian', 'Not Hispanic', 'Midwest', 'East North Central', '', '', '0', '      ', '', '1', '200701', '201001', '1', 'Y', 'S0115', '202206');
INSERT INTO optum_panther_ehr_tests_native.diagnosis(ptid, encid, diag_date, diag_time, diagnosis_cd, diagnosis_cd_type, diagnosis_status, poa, admitting_diagnosis, discharge_diagnosis, primary_diagnosis, problem_list, sourceid) VALUES ('PT348', '', '2009-01-01', '04:00:00', '10019001', 'SNOMED', 'Diagnosis of', '0', '0', '0', '0', 'N', 'S0115');
-- 350: Simple Provider Mapping
INSERT INTO optum_panther_ehr_tests_native.provider(provid, specialty, prim_spec_ind, taxonomy, sourceid) VALUES ('350', 'Internal Medicine', '1', '', 'S0115');
-- 351: Dupe Provider Mapping
INSERT INTO optum_panther_ehr_tests_native.provider(provid, specialty, prim_spec_ind, taxonomy, sourceid) VALUES ('351', 'Family Medicine', '1', '', 'S0115');
INSERT INTO optum_panther_ehr_tests_native.provider(provid, specialty, prim_spec_ind, taxonomy, sourceid) VALUES ('351', 'Family Medicine', '1', '', 'S0115');
-- 352: Non-Primary specialty Mapping
INSERT INTO optum_panther_ehr_tests_native.provider(provid, specialty, prim_spec_ind, taxonomy, sourceid) VALUES ('352', 'Primary Medicine', '1', '', 'S0115');
INSERT INTO optum_panther_ehr_tests_native.provider(provid, specialty, prim_spec_ind, taxonomy, sourceid) VALUES ('352', 'Emergency Medicine', '0', '', 'S0115');
-- 353: Visit from Diagnosis Test
INSERT INTO optum_panther_ehr_tests_native.patient(ptid, birth_yr, gender, race, ethnicity, region, division, avg_hh_income, pct_college_educ, deceased_indicator, date_of_death, provid_pcp, idn_indicator, first_month_active, last_month_active, notes_eligible, has_notes, sourceid, source_data_through) VALUES ('PT353', '1933 and Earlier', 'Female', 'Caucasian', 'Not Hispanic', 'Midwest', 'East North Central', '', '', '0', '      ', '', '1', '200601', '202206', '1', 'Y', 'S0115', '202206');
INSERT INTO optum_panther_ehr_tests_native.diagnosis(ptid, encid, diag_date, diag_time, diagnosis_cd, diagnosis_cd_type, diagnosis_status, poa, admitting_diagnosis, discharge_diagnosis, primary_diagnosis, problem_list, sourceid) VALUES ('PT353', 'E0000354', '2014-01-26', '04:00:00', '4019', 'ICD9', 'Diagnosis of', '0', '0', '0', '0', 'N', 'S0115');
INSERT INTO optum_panther_ehr_tests_native.diagnosis(ptid, encid, diag_date, diag_time, diagnosis_cd, diagnosis_cd_type, diagnosis_status, poa, admitting_diagnosis, discharge_diagnosis, primary_diagnosis, problem_list, sourceid) VALUES ('PT353', 'E0000355', '2014-01-26', '04:00:00', '2724', 'ICD9', 'Diagnosis of', '0', '0', '0', '0', 'N', 'S0115');
INSERT INTO optum_panther_ehr_tests_native.visit(ptid, visitid, visit_type, visit_start_date, visit_start_time, visit_end_date, visit_end_time, discharge_disposition, admission_source, drg, sourceid) VALUES ('PT353', '356', 'Emergency patient', '2014-03-05', '04:00:00', '2014-03-10', '04:00:00', '01 DISCHARGED TO HOME OR SELF CARE', 'Referred by physician or self referral; non-healthcare facility point of origin', '', 'S0115');
INSERT INTO optum_panther_ehr_tests_native.encounter(ptid, visitid, encid, interaction_type, interaction_date, interaction_time, academic_community_flag, sourceid) VALUES ('PT353', '356', 'E0000354', 'Other patient type', '2014-03-06', '04:00:00', 'U', 'S0115');
INSERT INTO optum_panther_ehr_tests_native.encounter(ptid, visitid, encid, interaction_type, interaction_date, interaction_time, academic_community_flag, sourceid) VALUES ('PT353', '356', 'E0000355', 'Other patient type', '2014-03-07', '04:00:00', 'U', 'S0115');